{"minionFootB.png": {"pivotX": 0.5, "pivotY": 0.82799999999999996, "offsetX": -10, "offsetY": 0, "height": 29.0, "width": 10.0, "y": 220.0, "x": 66.0, "rotation": 0.0, "z": 1}, "minionArmF.png": {"pivotX": 0.1875, "pivotY": 0.89700000000000002, "offsetX": 13, "offsetY": 37, "height": 39.0, "width": 16.0, "y": 2.0, "x": 124.0, "rotation": 0.0, "z": 7}, "minionFace.png": {"pivotX": 0.65000000000000002, "pivotY": 0.32000000000000001, "offsetX": 6, "offsetY": 52, "height": 55.0, "width": 78.0, "y": 122.0, "x": 2.0, "rotation": 0.0, "z": 6}, "bossFootF.png": {"pivotX": 0.6875, "pivotY": 0.93000000000000005, "offsetX": 12, "offsetY": 0.0, "height": 15.0, "width": 16.0, "y": 56.0, "x": 84.0, "rotation": 0.0, "z": 2}, "minionBody.png": {"pivotX": 0.5, "pivotY": 0.23000000000000001, "offsetX": 0.0, "offsetY": 9, "height": 52.0, "width": 38.0, "y": 2.0, "x": 84.0, "rotation": 0.0, "z": 3}, "bossFootB.png": {"pivotX": 0.6875, "pivotY": 0.93000000000000005, "offsetX": -9, "offsetY": 0.0, "height": 15, "width": 16.0, "y": 56.0, "x": 84.0, "rotation": 0.0, "z": 1}, "bossBody.png": {"pivotX": 0.51200000000000001, "pivotY": 0.079399999999999998, "offsetX": 0.0, "offsetY": 3, "height": 63.0, "width": 43.0, "y": 179.0, "x": 2.0, "rotation": 0.0, "z": 3}, "bossFace.png": {"pivotX": 0.57499999999999996, "pivotY": 0.2457, "offsetX": 3, "offsetY": 64, "height": 118.0, "width": 80.0, "y": 2.0, "x": 2.0, "rotation": 0.0, "z": 4}, "minionFootF.png": {"pivotX": 0.5, "pivotY": 0.82799999999999996, "offsetX": 8, "offsetY": 0.0, "height": 29.0, "width": 10.0, "y": 220.0, "x": 66.0, "rotation": 0.0, "z": 2}, "minionHead.png": {"pivotX": 0.62160000000000004, "pivotY": 0.125, "offsetX": 6, "offsetY": 52, "height": 104.0, "width": 74.0, "y": 122.0, "x": 82.0, "rotation": 0.0, "z": 5}, "minionBodyDetail.png": {"pivotX": 0.75, "pivotY": 0.14999999999999999, "offsetX": 0.0, "offsetY": 9, "height": 32.0, "width": 17.0, "y": 39.0, "x": 142.0, "rotation": 0.0, "z": 4}, "minionArmB.png": {"pivotX": 0.90000000000000002, "pivotY": 0.89700000000000002, "offsetX": -13, "offsetY": 37, "height": 39.0, "width": 20.0, "y": 179.0, "x": 47.0, "rotation": 0.0, "z": 0}, "bossArmB.png": {"pivotX": 0.82350000000000001, "pivotY": 0.90900000000000003, "offsetX": -15, "offsetY": 45, "height": 33.0, "width": 17.0, "y": 220.0, "x": 47.0, "rotation": 0.0, "z": 0.0}, "bossArmF.png": {"pivotX": 0.23499999999999999, "pivotY": 0.88600000000000001, "offsetX": 16, "offsetY": 45, "height": 35.0, "width": 17.0, "y": 2.0, "x": 142.0, "rotation": 0.0, "z": 5}}