{"frames": {"fightBGAlien_invader_fr02.png": {"spriteColorRect": "{{0, 0}, {25, 19}}", "spriteSize": "{25, 19}", "textureRotated": false, "spriteOffset": "{0, -0}", "textureRect": "{{1, 1}, {25, 19}}", "spriteTrimmed": true, "aliases": [], "spriteSourceSize": "{25, 19}"}, "fightBGAlien_invader_fr01.png": {"spriteColorRect": "{{0, 0}, {26, 18}}", "spriteSize": "{26, 18}", "textureRotated": false, "spriteOffset": "{0, -0}", "textureRect": "{{27, 1}, {26, 18}}", "spriteTrimmed": true, "aliases": [], "spriteSourceSize": "{26, 18}"}}, "metadata": {"size": "{64, 32}", "format": 3}}