{"drone.png": {"pivotX": 0.0, "pivotY": 0.0, "offsetX": 0.0, "offsetY": 0.0, "height": 57.0, "width": 40.0, "y": 127.0, "x": 210.0, "rotation": 0.0, "z": 0.0}, "minionShip.png": {"pivotX": 0.0, "pivotY": 0.0, "offsetX": 0.0, "offsetY": 0.0, "height": 123.0, "width": 69.0, "y": 2.0, "x": 144.0, "rotation": 0.0, "z": 0.0}, "bossShip.png": {"pivotX": 0.53000000000000003, "pivotY": 0.25, "offsetX": 0.0, "offsetY": 0.0, "height": 128.0, "width": 140.0, "y": 2.0, "x": 2.0, "rotation": 0.0, "z": 0.0}, "bossShipBack.png": {"pivotX": 0.56000000000000005, "pivotY": -0.75, "offsetX": 0.0, "offsetY": 0.0, "height": 23.0, "width": 64.0, "y": 127.0, "x": 144.0, "rotation": 0.0, "z": 0.0}, "minionShipBack.png": {"pivotX": 0.0, "pivotY": 0.0, "offsetX": 0.0, "offsetY": 0.0, "height": 19.0, "width": 64.0, "y": 186.0, "x": 2.0, "rotation": 0.0, "z": 0.0}}