{"CorporateBossPunchSpecial": {"knockBack": true, "animID": 4, "damageTiming": 0.40000000000000002, "sfxID": "punch.wav", "damageMultiplier": 1, "sfxTiming": 0.40000000000000002, "stun": true, "stunTimer": 1, "speedMultiplier": 1}, "OldMcDonnellPunch": {"knockBack": true, "animID": 6, "damageTiming": 0.40000000000000002, "sfxID": "punch.wav", "damageMultiplier": 1, "sfxTiming": 0.40000000000000002, "speedMultiplier": 1}, "NinjaStab": {"sfxTiming": 0.5, "sfxID": "poke.wav", "damageTiming": 0.5, "animID": 7}, "ZombieExplodeV2": {"cantInterrupt": true, "animID": 13, "damageTiming": 1, "sfxID": "explosion.wav", "hitBoss": true, "damageMultiplier": 10, "sfxTiming": 0.98999999999999999, "stun": true, "stunTimer": 3, "zombieAOE": 1, "speedMultiplier": 6}, "BrainBotShock": {"sfxTiming": 1, "sfxID": "punch.wav", "damageTiming": 1, "animID": 16}, "ZombieDoubleStrike": {"animID": 8, "damageTiming": 0.75, "sfxID": "bite.wav", "damageMultiplier": 0.25, "sfxTiming": 0.75, "particleSystemOnStrike": "strike.plist", "speedMultiplier": 0.20000000000000001}, "ZombieScratch": {"sfxTiming": 0.25, "sfxID": "flail.wav", "damageTiming": 0.5, "animID": 9}, "FarmhandPoke": {"sfxTiming": 0.33000000000000002, "sfxID": "poke.wav", "damageTiming": 0.33000000000000002, "animID": 5}, "SpecialMinion2Attack": {"sfxTiming": 0.90000000000000002, "sfxID": "punch.wav", "knockBack": true, "damageTiming": 0.90000000000000002, "animID": 20}, "BroBotAttack": {"sfxTiming": 1, "sfxID": "punch.wav", "damageTiming": 1, "animID": 14}, "ZombieBash": {"cantInterrupt": true, "animID": 10, "damageTiming": 0.97499999999999998, "soundEffectOnStrike": "bashStrike.wav", "sfxID": "swipe.wav", "damageMultiplier": 2.75, "sfxTiming": 0.94999999999999996, "particleSystemOnStrike": "bash.plist", "zombieAOE": 0.75, "speedMultiplier": 2.5}, "SpecialMinion1Attack": {"sfxTiming": 0.69999999999999996, "sfxID": "poke.wav", "damageTiming": 0.69999999999999996, "animID": 19}, "ZombieBashV2": {"particleSystemOnStrike": "bash.plist", "animID": 12, "damageTiming": 0.97499999999999998, "soundEffectOnStrike": "bashStrike.wav", "sfxID": "swipe.wav", "cantInterrupt": true, "damageMultiplier": 1.8, "stunTimer": 1, "stun": true, "sfxTiming": 0.94999999999999996, "zombieAOE": 0.75, "speedMultiplier": 1.5}, "LawyerAttack": {"sfxTiming": 0.75, "sfxID": "punch.wav", "damageTiming": 0.75, "animID": 6}, "LumberjackSlice": {"sfxTiming": 0.75, "sfxID": "swipe.wav", "damageTiming": 0.75, "animID": 17}, "JunkBotBite": {"sfxTiming": 1, "sfxID": "bite.wav", "damageTiming": 1, "animID": 15}, "ZombieExplode": {"cantInterrupt": true, "animID": 11, "damageTiming": 1, "sfxID": "explosion.wav", "damageMultiplier": 10, "sfxTiming": 0.98999999999999999, "stun": true, "stunTimer": 3, "zombieAOE": 1, "speedMultiplier": 6}, "ZombieBite": {"sfxTiming": 0.75, "sfxID": "bite.wav", "damageMultiplier": 1, "animID": 8, "damageTiming": 0.75}, "SpecialBossAttack": {"sfxTiming": 0.75, "sfxID": "punch.wav", "damageTiming": 0.75, "animID": 21}, "CrazedWorkerAttack": {"sfxTiming": 1, "sfxID": "punch.wav", "damageTiming": 1, "animID": 1}, "PirateBossSlash": {"sfxTiming": 0.94999999999999996, "sfxID": "swipe.wav", "damageTiming": 0.94999999999999996, "animID": 2}, "SwashbucklerSlice": {"sfxTiming": 0.90000000000000002, "sfxID": "swipe.wav", "damageTiming": 0.94999999999999996, "animID": 3}, "LumberjackSpecial": {"sfxID": "swipe.wav", "knockBack": true, "damageMultiplier": 1.5, "animID": 18, "speedMultiplier": 5}, "CorporateBossPunch": {"animID": 4, "damageTiming": 0.40000000000000002, "sfxID": "punch.wav", "damageMultiplier": 1, "sfxTiming": 0.40000000000000002, "speedMultiplier": 1}}