{"frames": {"beach_boss_body.png": {"spriteColorRect": "{{78, 9}, {110, 99}}", "spriteSize": "{110, 99}", "textureRotated": false, "spriteOffset": "{39, 12}", "textureRect": "{{1, 1}, {110, 99}}", "spriteTrimmed": true, "aliases": [], "spriteSourceSize": "{188, 141}"}, "beach_minion01_head.png": {"spriteColorRect": "{{1, 1}, {59, 83}}", "spriteSize": "{59, 83}", "textureRotated": false, "spriteOffset": "{-14, 18}", "textureRect": "{{112, 91}, {59, 83}}", "spriteTrimmed": true, "aliases": [], "spriteSourceSize": "{89, 121}"}, "beach_minion02_arm_upper.png": {"spriteColorRect": "{{42, 46}, {27, 39}}", "spriteSize": "{27, 39}", "textureRotated": false, "spriteOffset": "{13, -0}", "textureRect": "{{112, 175}, {27, 39}}", "spriteTrimmed": true, "aliases": [], "spriteSourceSize": "{85, 131}"}, "beach_minion01_arm_upper_B.png": {"spriteColorRect": "{{18, 21}, {41, 41}}", "spriteSize": "{41, 41}", "textureRotated": false, "spriteOffset": "{-6, 19}", "textureRect": "{{70, 143}, {41, 41}}", "spriteTrimmed": true, "aliases": [], "spriteSourceSize": "{89, 121}"}, "beach_minion02_leg_F.png": {"spriteColorRect": "{{41, 100}, {23, 31}}", "spriteSize": "{23, 31}", "textureRotated": false, "spriteOffset": "{10, -50}", "textureRect": "{{226, 119}, {23, 31}}", "spriteTrimmed": true, "aliases": [], "spriteSourceSize": "{85, 131}"}, "beach_boss_surfboard.png": {"spriteColorRect": "{{1, 68}, {174, 73}}", "spriteSize": "{174, 73}", "textureRotated": false, "spriteOffset": "{-6, -34}", "textureRect": "{{172, 1}, {174, 73}}", "spriteTrimmed": true, "aliases": [], "spriteSourceSize": "{188, 141}"}, "beach_boss_arm_back.png": {"spriteColorRect": "{{69, 0}, {68, 81}}", "spriteSize": "{68, 81}", "textureRotated": false, "spriteOffset": "{9, 30}", "textureRect": "{{1, 101}, {68, 81}}", "spriteTrimmed": true, "aliases": [], "spriteSourceSize": "{188, 141}"}, "beach_crab.png": {"spriteColorRect": "{{1, 0}, {86, 43}}", "spriteSize": "{86, 43}", "textureRotated": false, "spriteOffset": "{0, -0}", "textureRect": "{{172, 75}, {86, 43}}", "spriteTrimmed": true, "aliases": [], "spriteSourceSize": "{88, 43}"}, "beach_minion01_arm_lower.png": {"spriteColorRect": "{{57, 58}, {31, 55}}", "spriteSize": "{31, 55}", "textureRotated": false, "spriteOffset": "{28, -25}", "textureRect": "{{1, 183}, {31, 55}}", "spriteTrimmed": true, "aliases": [], "spriteSourceSize": "{89, 121}"}, "beach_minion01_body.png": {"spriteColorRect": "{{31, 21}, {57, 89}}", "spriteSize": "{57, 89}", "textureRotated": false, "spriteOffset": "{15, -5}", "textureRect": "{{259, 75}, {57, 89}}", "spriteTrimmed": true, "aliases": [], "spriteSourceSize": "{89, 121}"}, "beach_minion01_leg_B.png": {"spriteColorRect": "{{34, 95}, {21, 21}}", "spriteSize": "{21, 21}", "textureRotated": false, "spriteOffset": "{0, -45}", "textureRect": "{{317, 75}, {21, 21}}", "spriteTrimmed": true, "aliases": [], "spriteSourceSize": "{89, 121}"}, "beach_minion01_arm_lower_B.png": {"spriteColorRect": "{{30, 53}, {31, 55}}", "spriteSize": "{31, 55}", "textureRotated": false, "spriteOffset": "{1, -20}", "textureRect": "{{33, 183}, {31, 55}}", "spriteTrimmed": true, "aliases": [], "spriteSourceSize": "{89, 121}"}, "beach_minion02_head.png": {"spriteColorRect": "{{1, 1}, {53, 85}}", "spriteSize": "{53, 85}", "textureRotated": false, "spriteOffset": "{-15, 22}", "textureRect": "{{172, 119}, {53, 85}}", "spriteTrimmed": true, "aliases": [], "spriteSourceSize": "{85, 131}"}, "beach_minion01_leg_F.png": {"spriteColorRect": "{{51, 100}, {21, 21}}", "spriteSize": "{21, 21}", "textureRotated": false, "spriteOffset": "{17, -50}", "textureRect": "{{226, 151}, {21, 21}}", "spriteTrimmed": true, "aliases": [], "spriteSourceSize": "{89, 121}"}, "beach_boss_arm_front.png": {"spriteColorRect": "{{67, 60}, {100, 79}}", "spriteSize": "{100, 79}", "textureRotated": false, "spriteOffset": "{23, -29}", "textureRect": "{{347, 1}, {100, 79}}", "spriteTrimmed": true, "aliases": [], "spriteSourceSize": "{188, 141}"}, "beach_minion02_arm_lower.png": {"spriteColorRect": "{{45, 77}, {25, 47}}", "spriteSize": "{25, 47}", "textureRotated": false, "spriteOffset": "{15, -35}", "textureRect": "{{65, 185}, {25, 47}}", "spriteTrimmed": true, "aliases": [], "spriteSourceSize": "{85, 131}"}, "beach_minion02_leg_B.png": {"spriteColorRect": "{{30, 100}, {23, 31}}", "spriteSize": "{23, 31}", "textureRotated": false, "spriteOffset": "{-1, -50}", "textureRect": "{{140, 175}, {23, 31}}", "spriteTrimmed": true, "aliases": [], "spriteSourceSize": "{85, 131}"}, "beach_minion01_arm_upper.png": {"spriteColorRect": "{{45, 26}, {41, 41}}", "spriteSize": "{41, 41}", "textureRotated": false, "spriteOffset": "{21, 14}", "textureRect": "{{70, 101}, {41, 41}}", "spriteTrimmed": true, "aliases": [], "spriteSourceSize": "{89, 121}"}, "beach_minion02_body.png": {"spriteColorRect": "{{26, 32}, {59, 89}}", "spriteSize": "{59, 89}", "textureRotated": false, "spriteOffset": "{13, -11}", "textureRect": "{{112, 1}, {59, 89}}", "spriteTrimmed": true, "aliases": [], "spriteSourceSize": "{85, 131}"}}, "metadata": {"size": "{512, 256}", "format": 3}}