{"beach_boss_body.png": {"anchor": "{133,69}"}, "beach_minion01_head.png": {"anchor": "{44,35}"}, "beach_minion02_arm_upper.png": {"z": 10, "anchor": "{54,56}"}, "beach_minion01_arm_upper_B.png": {"anchor": "{39,38}"}, "beach_minion02_leg_F.png": {"anchor": "{51,105}"}, "beach_boss_surfboard.png": {"anchor": "{124,85}"}, "beach_boss_arm_back.png": {"z": 2, "anchor": "{99,76}"}, "beach_crab.png": {"anchor": "{45,36}"}, "beach_minion01_arm_lower.png": {"anchor": "{75,66}"}, "beach_minion01_body.png": {"anchor": "{54,83}"}, "beach_minion01_leg_B.png": {"anchor": "{43,94}"}, "beach_minion01_arm_lower_B.png": {"anchor": "{46,60}"}, "beach_minion02_head.png": {"anchor": "{35,48}"}, "beach_minion01_leg_F.png": {"anchor": "{59,98}"}, "beach_boss_arm_front.png": {"z": 9, "anchor": "{124,85}"}, "beach_minion02_arm_lower.png": {"z": 9, "anchor": "{63,83}"}, "beach_minion02_leg_B.png": {"anchor": "{38,105}"}, "beach_minion01_arm_upper.png": {"anchor": "{66,44}"}, "beach_minion02_body.png": {"anchor": "{58,98}"}}