{"frames": 
 { "holiday_chocolatefountain_01.png": {
	"spriteColorRect": "{{0, 0}, {88, 231}}", "spriteSize": "{88, 231}", "textureRotated": false, "spriteOffset": "{0, -0}", "textureRect": "{{181, 1}, {88, 231}}", 
	"spriteTrimmed": true, "aliases": [], "spriteSourceSize": "{88, 231}"
	}, 
	"holiday_chocolatefountain_02.png": {
	    "spriteColorRect": "{{0, 0}, {88, 231}}", "spriteSize": "{88, 231}", "textureRotated": false, "spriteOffset": "{0, -0}", 
	    "textureRect": "{{271, 1}, {88, 231}}", "spriteTrimmed": true, "aliases": [], 
	    "spriteSourceSize": "{88, 231}"
	}, 
	"holiday_chocolatefountain_03.png": {
	    "spriteColorRect": "{{0, 0}, {88, 231}}", "spriteSize": "{88, 231}", "textureRotated": false, "spriteOffset": "{0, -0}", 
	    "textureRect": "{{1, 1}, {88, 231}}", "spriteTrimmed": true, "aliases": [], "spriteSourceSize": "{88, 231}"
	}, 
	"holiday_chocolatefountain_04.png": {
	    "spriteColorRect": "{{0, 0}, {88, 231}}", "spriteSize": "{88, 231}", "textureRotated": false, "spriteOffset": "{0, -0}", 
	    "textureRect": "{{91, 1}, {88, 231}}", "spriteTrimmed": true, "aliases": [], "spriteSourceSize": "{88, 231}"
	}
 }
}