{"Teddy Bear": {"tile": "teddyBear", "scale": 0.34999999999999998, "sprite": "tex1073.png"}, "Regrowth": {"sprite": "stex0031.png"}, "Invasion Voucher": {"sprite": "stex0050.png"}, "Zombie Sign": {"tile": "zombieXingSign", "scale": 0.34999999999999998, "sprite": "tex1018.png"}, "Sand Dollar": {"tile": "sandDollar", "scale": 0.34999999999999998, "sprite": "tex1086.png"}, "Chocolate Cone": {"tile": "iceCreamConeChocolate", "scale": 0.34999999999999998, "sprite": "tex1093.png"}, "Bike": {"tile": "bike", "unique": true, "sprite": "tex1068.png", "scale": 0.34999999999999998}, "Hazard Fence": {"tile": "hazardFence", "scale": 0.34999999999999998, "sprite": "tex1063.png"}, "Haystack": {"tile": "haystack", "scale": 0.34999999999999998, "sprite": "tex1016.png"}, "Scarecrow": {"tile": "scarecrowNormal", "scale": 0.34999999999999998, "sprite": "tex1012.png"}, "Windmill": {"tile": "windmill", "unique": true, "sprite": "tex1084.png", "scale": 0.34999999999999998}, "Ice Cream Truck": {"tile": "iceCreamTruck", "unique": true, "scale": 0.34999999999999998, "sprite": "tex1092.png"}, "Red Gift Box": {"tile": "redGift", "scale": 0.34999999999999998, "sprite": "tex1074.png"}, "Parrot": {"tile": "parrot", "unique": true, "sprite": "tex1079.png", "scale": 0.34999999999999998}, "Insta-Hunger": {"sprite": "stex0032.png"}, "Broken Tractor": {"tile": "brokenTractor", "scale": 0.20000000000000001, "sprite": "tex1064.png"}, "Rusty Fragment": {"transformsInto": "Rusty Key", "limit": 3, "sprite": "stex0034.png", "mausoleumKeyFragment": true}, "Insta-Harvest": {"sprite": "stex0029.png"}, "Toxic Drum": {"tile": "toxicDrum", "scale": 0.34999999999999998, "sprite": "tex1062.png"}, "Taiko Drum": {"tile": "taikoDrum", "unique": true, "sprite": "tex1080.png", "scale": 0.34999999999999998}, "Pirate Banner": {"tile": "pirateBanner", "unique": true, "scale": 0.34999999999999998, "sprite": "tex1046.png"}, "Giant Clam": {"tile": "giantClamClosed", "unique": true, "scale": 0.34999999999999998, "sprite": "tex1087.png"}, "Robot Banner": {"tile": "robotBanner", "unique": true, "scale": 0.34999999999999998, "sprite": "tex1046.png"}, "Easter Grass": {"tile": "easterGrass", "scale": 0.34999999999999998, "sprite": "tex1089.png"}, "Golden Egg": {"tile": "goldEgg", "unique": true, "scale": 0.34999999999999998, "sprite": "tex1091.png"}, "Gallows": {"tile": "gallows", "scale": 0.34999999999999998, "sprite": "tex1053.png"}, "Ice Cream Stand": {"tile": "iceCreamStand", "scale": 0.34999999999999998, "sprite": "tex1094.png"}, "Yellow Gift Box": {"tile": "yellowGift", "scale": 0.34999999999999998, "sprite": "tex1074.png"}, "Satellite Dish": {"tile": "setiDish", "unique": true, "scale": 0.34999999999999998, "sprite": "tex1083.png"}, "Alien Banner": {"tile": "alienBanner", "unique": true, "sprite": "tex1046.png", "scale": 0.34999999999999998}, "Vanilla Cone": {"tile": "iceCreamConeVanilla", "scale": 0.34999999999999998, "sprite": "tex1093.png"}, "Farmer Banner": {"tile": "oldMcDonnellBanner", "unique": true, "scale": 0.34999999999999998, "sprite": "tex1046.png"}, "Monument": {"tile": "monument", "unique": true, "sprite": "tex1081.png", "scale": 0.34999999999999998}, "Bamboo": {"tile": "bambooTree", "scale": 0.34999999999999998, "sprite": "tex1028.png"}, "Rock Lobster": {"tile": "rockLobster", "scale": 0.34999999999999998, "sprite": "tex1085.png"}, "Insta-Grow": {"sprite": "stex0028.png"}, "Street Light": {"tile": "streetLight", "scale": 0.34999999999999998, "sprite": "tex1029.png"}, "Valentine Gift": {"sprite": "stex0051.png"}, "Pyramid": {"tile": "pyramid", "scale": 0.20000000000000001, "sprite": "tex1068.png"}, "Bunny Rock": {"tile": "rockBunny", "scale": 0.34999999999999998, "sprite": "rock_bunny.png"}, "Ninja Banner": {"tile": "ninjaBanner", "unique": true, "scale": 0.34999999999999998, "sprite": "tex1046.png"}, "Mechanical Bull": {"tile": "mechanicalBull", "unique": true, "scale": 0.34999999999999998, "sprite": "tex1082.png"}, "Corporate Banner": {"tile": "corporatevilleBanner", "unique": true, "scale": 0.34999999999999998, "sprite": "tex1046.png"}, "Treasure Chest": {"tile": "treasureChest", "scale": 0.34999999999999998, "sprite": "tex1031.png"}, "Brain": {"dontAddToStorage": true, "sprite": "stex0001.png"}, "Strawberry Cone": {"tile": "iceCreamConeStrawberry", "scale": 0.34999999999999998, "sprite": "tex1093.png"}, "Green Gift Box": {"tile": "greenGift", "scale": 0.34999999999999998, "sprite": "tex1074.png"}, "Insta-Plow": {"sprite": "stex0030.png"}, "Double Rainbow": {"tile": "doubleRainbow_01", "scale": 0.34999999999999998, "sprite": "tex1049.png"}, "Crashed UFO": {"tile": "crashedUFO", "scale": 0.20000000000000001, "sprite": "tex1068.png"}, "Bonus Gold": {"dontAddToStorage": true, "sprite": "stex0033.png"}}