[
    {
        "throwSpeed": 2,
        "xp": 100,
        "invasionSuccessText": "You just beat Old McDonnell and his flimsy farmhands! You can bet he'll be back though...",
        "invasionFailedText": "Old McDonnell beat yer zombies somethin' fierce! You might need stronger zombies... or some better luck.",
        "enemies": [
            {
                "enemy": "FarmStageActorFarmhand",
                "frequency": 90
            },
            {
                "enemy": "FarmStageActorLumberjack",
                "frequency": 10
            }
        ],
        "doorPositionY": 0,
        "imageURL": "http://www.theplayforge.com/_/rsrc/1268428942816/home/zombie-farm/mcdonnellfarm.png",
        "population": 10,
        "doorAnchorY": 0,
        "enemyIcon": "enemyIcon.png",
        "border1": "farmStageBorder1.png",
        "border2": "farmStageBorder2.png",
        "levelAssets": [
            {
                "position": "{0,0}",
                "z": 0,
                "anchor": "{0,0}",
                "sprite": "fightBGFarm_bg.png"
            },
            {
                "position": "{480,0}",
                "z": 100,
                "anchor": "{1,0}",
                "sprite": "fightBGFarm_barn.png"
            }
        ],
        "boss": "FarmStageActorBoss",
        "bossName": "Old McDonnell",
        "introText": "That darned farmer Old McDonnell has been givin ya the stink eye lately... Why don't ya show him who's boss!\\n\\nTap on \\\"Invade\\\" when yer ready to raid his barn.",
        "name": "Old McDonnell's Farm",
        "flurryTag": "Old McDonnell",
        "level": 0,
        "enemySpawnPosition": "{585,20}",
        "reccomendedLevel": "10",
        "loot": [
            [
                "Bonus Gold"
            ],
            [
                "Haystack"
            ],
            [
                "Insta-Plow",
                "Insta-Harvest"
            ],
            [
                "Rusty Fragment",
                "Brain",
                "Farmer Banner"
            ],
            [
                "Scarecrow"
            ],
            [
                "Windmill"
            ]
        ],
        "reward": 800,
        "bossHeadSprite": "oldMcDonnellSprite.png"
    },
    {
        "throwSpeed": 5,
        "xp": 800,
        "invasionSuccessText": "CorporateVille's lawyers have been repealed by yer astounding army!",
        "invasionFailedText": "CorporateVille's lawyers beat yer zombies somethin' fierce! You might need stronger zombies... or some better luck.",
        "enemies": [
            {
                "enemy": "CityStageActorLawyer",
                "frequency": 70
            },
            {
                "enemy": "CityStageActorCrazedWorker",
                "frequency": 30
            }
        ],
        "doorPositionY": 320,
        "imageURL": "http://www.theplayforge.com/_/rsrc/1268428958928/home/zombie-farm/corporateville.png",
        "population": 10,
        "stageActors": [
            {
                "isTouchable": false,
                "z": "1",
                "spawnPoint": "{580,25}",
                "moveParticles": [
                    {
                        "file": "carSmoke.plist",
                        "offset": "{20,5}"
                    }
                ],
                "spawnState": "wait_5",
                "spawnAction": "changeStateWithDelay_idle_5",
                "lifeBarOffset": "{0,0}",
                "destinationAction": "changeStateWithDelay_idle_1",
                "tapDelay": "0",
                "pointSet": "{-100,25}:{580,25}",
                "spriteAnchor": "{0.5,0}",
                "walkingSpeed": 2.5,
                "pointBox": "{{0,0},{0,0}}",
                "isFightActor": true,
                "idleAction": "moveToNextPointInSet:changeState_move",
                "exitPoint": "{0,0}",
                "spriteFile": "fightBGCity_van.png",
                "isCollidable": false,
                "unitStatsEntry": "genericStageActor"
            },
            {
                "isTouchable": false,
                "z": "1",
                "spawnPoint": "{580,25}",
                "collisionAction": "grabZombie",
                "spawnState": "wait_5",
                "spawnAction": "changeStateWithDelay_idle_3",
                "lifeBarOffset": "{0,0}",
                "pointBox": "{{0,0},{0,0}}",
                "destinationAction": "changeStateWithDelay_idle_0.5",
                "tapDelay": "0",
                "pointSet": "{-100,25}:{580,25}",
                "spriteAnchor": "{0.5,0}",
                "walkingSpeed": 4,
                "moveParticles": [
                    {
                        "file": "carSmoke.plist",
                        "offset": "{20,5}"
                    }
                ],
                "isFightActor": true,
                "idleAction": "moveToNextPointInSet:changeState_move",
                "spriteFile": "fightBGCity_car.png",
                "isCollidable": false,
                "unitStatsEntry": "genericStageActor"
            }
        ],
        "doorAnchorY": 1,
        "enemyIcon": "enemyIcon1.png",
        "border1": "cityStageBorder1.png",
        "border2": "cityStageBorder2.png",
        "levelAssets": [
            {
                "position": "{0,0}",
                "z": 0,
                "anchor": "{0,0}",
                "sprite": "fightBGCity_bg.png"
            },
            {
                "position": "{480,0}",
                "z": 3,
                "anchor": "{1,0}",
                "sprite": "fightBGCity_mid.png"
            },
            {
                "position": "{480,0}",
                "z": 100,
                "anchor": "{1,0}",
                "sprite": "fightBGCity_front.png"
            }
        ],
        "boss": "CityStageActorBoss",
        "bossName": "CorporateVille",
        "introText": "CorporateVille's lawyers want to take away yer land and build a parking lot! Defend yer land from these high falutin' cityfolk.",
        "name": "Zombies vs Lawyers",
        "flurryTag": "Lawyers",
        "level": 16,
        "enemySpawnPosition": "{585,20}",
        "reccomendedLevel": "16",
        "loot": [
            [
                "Bonus Gold"
            ],
            [
                "Zombie Sign"
            ],
            [
                "Insta-Harvest",
                "Insta-Plow",
                "Insta-Hunger"
            ],
            [
                "Brain",
                "Corporate Banner"
            ],
            [
                "Rusty Fragment",
                "Street Light"
            ],
            [
                "Monument"
            ]
        ],
        "reward": 1500,
        "bossHeadSprite": "lawyerBossSprite.png"
    },
    {
        "throwSpeed": 8,
        "xp": 1500,
        "invasionSuccessText": "The Dread Pirate Arrrnold and his band o' scallywags have fled back to the high seas. He'll think twice before botherin' you again.",
        "invasionFailedText": "The Dread Pirate Arrrnold beat yer zombies something fierce! Rumors say pirates clobber anything that moves too fast. hmmmm...",
        "enemies": [
            {
                "enemy": "PirateStageActorScallywag",
                "frequency": 83
            },
            {
                "enemy": "PirateStageActorSwashbuckler",
                "frequency": 17
            }
        ],
        "doorPositionY": 0,
        "imageURL": "http://www.theplayforge.com/_/rsrc/1268428958928/home/zombie-farm/DreadPirateArrrnold.png",
        "population": 6,
        "stageActors": [
            {
                "isTouchable": false,
                "z": "1",
                "constantParticles": [
                    {
                        "file": "wakeParticle1.plist",
                        "offset": "{15,2}"
                    }
                ],
                "spawnPoint": "{340,120}",
                "moveParticles": [
                    {
                        "file": "wakeParticle2.plist",
                        "offset": "{-20,3}"
                    }
                ],
                "spawnState": "wait_1",
                "spriteAnchor": "{0.5,0}",
                "pointSet": "{220,130}:{160,120}:{220,110}:{280,120}",
                "lifeBarOffset": "{0,0}",
                "destinationAction": "changeState_idle",
                "tapDelay": "0",
                "noFlip": true,
                "spawnAction": "changeState_idle",
                "walkingSpeed": 0.1,
                "pointBox": "{{0,0},{0,0}}",
                "isFightActor": true,
                "idleAction": "sinMoveToNextPointInSet_5:changeState_move",
                "exitPoint": "{0,0}",
                "spriteFile": "fightBGPirate_ship.png",
                "isCollidable": false,
                "unitStatsEntry": "genericStageActor"
            }
        ],
        "doorAnchorY": 0,
        "enemyIcon": "enemyIcon2.png",
        "border1": "pirateStageBorder1.png",
        "border2": "pirateStageBorder2.png",
        "levelAssets": [
            {
                "position": "{0,320}",
                "z": 0,
                "anchor": "{0,1}",
                "sprite": "fightBGPirate_sky.png"
            },
            {
                "sprite": "fightBGPirate_water.png",
                "isScrolling": true,
                "position": "{0,-101}",
                "z": 0,
                "speed": "-40",
                "anchor": "{0.5,0}"
            },
            {
                "position": "{480,0}",
                "z": 3,
                "anchor": "{1,0}",
                "sprite": "fightBGPirate_mid.png"
            },
            {
                "position": "{480,0}",
                "z": 100,
                "anchor": "{1,0}",
                "sprite": "fightBGPirate_front.png"
            }
        ],
        "boss": "PirateStageActorBoss",
        "bossName": "The Dread Pirate Arrrnold",
        "introText": "The Dread Pirate Arrrnold has been plundering farms left and right. His band o' ruffians and scallywags have your farm targeted next!\n\nTap on \"Invade\" when yer ready for the high seas.",
        "name": "Zombies vs Pirates",
        "flurryTag": "Pirates",
        "level": 21,
        "enemySpawnPosition": "{585,20}",
        "reccomendedLevel": "21",
        "loot": [
            [
                "Bonus Gold"
            ],
            [
                "Rusty Fragment",
                "Treasure Chest"
            ],
            [
                "Insta-Hunger",
                "Insta-Grow",
                "Insta-Plow",
                "Insta-Harvest"
            ],
            [
                "Brain",
                "Pirate Banner"
            ],
            [
                "Gallows"
            ],
            [
                "Parrot"
            ]
        ],
        "reward": 2000,
        "bossHeadSprite": "pirateBossSprite.png"
    },
    {
        "levelBldng": "fightBuildingNinja.png",
        "throwSpeed": 2,
        "xp": 2500,
        "invasionSuccessText": "Looks like you sent Mr. Whiskers runnin fer the hills. Remember nobody likes a ninja looter!",
        "invasionFailedText": "Them crafty ninjas beat yer zombies something fierce!  You might wanna try combining zombies with the Zombie Pot... ",
        "bossPosition": "{450,180}",
        "enemies": [
            {
                "enemy": "NinjaStageActorBoy",
                "frequency": 25
            },
            {
                "enemy": "NinjaStageActorGirl",
                "frequency": 75
            }
        ],
        "doorPositionY": 115,
        "imageURL": "http://www.theplayforge.com/_/rsrc/1268428958928/home/zombie-farm/MrWhiskers.png",
        "population": 10,
        "doorAnchorY": 0,
        "enemyIcon": "enemyIcon3.png",
        "border1": "ninjaStageBorder1.png",
        "border2": "ninjaStageBorder2.png",
        "levelAssets": [
            {
                "position": "{0,320}",
                "z": 0,
                "anchor": "{0,1}",
                "sprite": "fightBGNinja_bg.png"
            },
            {
                "position": "{480,0}",
                "z": 3,
                "anchor": "{1,0}",
                "sprite": "fightBGNinja_mid.png"
            },
            {
                "position": "{480,320}",
                "z": 100,
                "anchor": "{1,1}",
                "sprite": "fightBGNinja_front.png"
            }
        ],
        "boss": "NinjaStageActorBoss",
        "bossName": "Mr. Whiskers",
        "introText": "The Carrot Clan are ninja looting yer crops! Tap invade when yer ready to face the evil ninja overlord Mr. Whiskers!",
        "name": "Zombies vs Ninjas",
        "flurryTag": "Ninjas",
        "level": 26,
        "levelDoor": "fightBuildingDoorNinja.png",
        "levelBG": "fightBGNinja.png",
        "enemySpawnPosition": "{585,20}",
        "reccomendedLevel": "26",
        "loot": [
            [
                "Bonus Gold"
            ],
            [
                "Bamboo"
            ],
            [
                "Rusty Fragment",
                "Insta-Hunger",
                "Insta-Grow",
                "Insta-Plow",
                "Insta-Harvest"
            ],
            [
                "Brain",
                "Ninja Banner"
            ],
            [
                "Double Rainbow"
            ],
            [
                "Taiko Drum"
            ]
        ],
        "reward": 2500,
        "bossHeadSprite": "ninjaBossSprite.png"
    },
    {
        "throwSpeed": 2,
        "xp": 3500,
        "invasionSuccessText": "Them brainless robots have been reduced to nuts and bolts! Looks like yer jobs are safe once again.\nFor now...",
        "invasionFailedText": "Them heartless robots beat yer zombies something fierce!  You might wanna try combining zombies with the Zombie Pot... ",
        "bossPosition": "{450,180}",
        "enemies": [
            {
                "enemy": "RobotStageActorBroBot",
                "frequency": 33
            },
            {
                "enemy": "RobotStageActorJunkBot",
                "frequency": 33
            },
            {
                "enemy": "RobotStageActorBrainBot",
                "frequency": 34
            }
        ],
        "doorPositionY": 225,
        "imageURL": "http://www.theplayforge.com/_/rsrc/1268428958928/home/zombie-farm/RobotBoss.png",
        "levelDoor": "fightBuildingDoorRobot.png",
        "population": 2,
        "doorAnchorY": 1,
        "enemyIcon": "enemyIcon4.png",
        "bossName": "The Robots",
        "introText": "Sinister robots have set up a factory next door! You better shut them down before they take your job!\nBeware: these robots can be unpredictable...\nTap on \"Invade\" when yer ready to mash some metal.",
        "name": "Zombies vs Robots",
        "flurryTag": "Robots",
        "level": 31,
        "levelBldng": "fightBuildingRobot.png",
        "levelBG": "fightBGRobot.png",
        "enemySpawnPosition": "{585,20}",
        "reccomendedLevel": "31",
        "border1": "robotStageBorder1.png",
        "border2": "robotStageBorder2.png",
        "loot": [
            [
                "Bonus Gold"
            ],
            [
                "Hazard Fence"
            ],
            [
                "Rusty Fragment",
                "Insta-Hunger",
                "Insta-Grow",
                "Insta-Plow",
                "Insta-Harvest"
            ],
            [
                "Brain",
                "Robot Banner",
                "Broken Tractor"
            ],
            [
                "Toxic Drum"
            ],
            [
                "Mechanical Bull"
            ]
        ],
        "reward": 3000,
        "bossHeadSprite": "robotBossSprite.png"
    },
    {
        "throwSpeed": 0.2,
        "xp": 4500,
        "invasionSuccessText": "Those malicious aliens have been sent back to their planet. You sure taught them a lesson or two.",
        "invasionFailedText": "Them aliens really did a number on ya, this is a tough fight so make sure you bring some veteran mutant zombies.",
        "enemies": [
            {
                "enemy": "AlienStageActorMinion",
                "frequency": 100
            }
        ],
        "throwModifierDamage": 0.05,
        "imageURL": "http://www.theplayforge.com/_/rsrc/1268428958928/home/zombie-farm/AlienBoss.png",
        "population": 20,
        "stageActors": [
            {
                "isTouchable": false,
                "attachements": [
                    {
                        "z": 0,
                        "animatesForState": -1,
                        "animationSpeed": 0.5,
                        "attachementID": 1,
                        "spriteFrames": [
                            "fightBGAlien_invader_fr01.png",
                            "fightBGAlien_invader_fr02.png"
                        ]
                    }
                ],
                "skeletonDictionary": {
                    "fightBGAlien_invader_fr01.png": {
                        "z": 0,
                        "anchor": "{12,10}"
                    }
                },
                "spriteFrameFile": "alienInvader.plist",
                "spawnState": "wait_5",
                "spawnPoint": "{580,280}",
                "spawnAction": "changeStateWithDelay_idle_5",
                "lifeBarOffset": "{0,0}",
                "destinationAction": "changeStateWithDelay_idle_10",
                "tapDelay": 0,
                "pointSet": "{-100,280}:{580,280}",
                "spriteAnchor": "{0.5,0}",
                "z": 1,
                "walkingSpeed": 1.5,
                "pointBox": "{{0,0},{0,0}}",
                "isFightActor": true,
                "idleAction": "moveToNextPointInSet:changeState_move",
                "exitPoint": "{0,0}",
                "spriteFile": "alienInvader.png",
                "isCollidable": false,
                "unitStatsEntry": "genericStageActor"
            }
        ],
        "enemyIcon": "enemyIcon5.png",
        "levelAssets": [
            {
                "position": "{0,0}",
                "z": 0,
                "anchor": "{0,0}",
                "sprite": "fightBGAlien_bg.png"
            }
        ],
        "boss": "AlienStageActorBoss",
        "bossName": "The Aliens",
        "introText": "Malicious aliens have been drawing crop circles everywhere! Someone has to to put a stop to this vandalism!",
        "name": "Zombies vs Aliens",
        "flurryTag": "Aliens",
        "level": 36,
        "enemySpawnPosition": "{585,20}",
        "reccomendedLevel": "36",
        "border1": "alienStageBorder1.png",
        "border2": "alienStageBorder2.png",
        "loot": [
            [
                "Bonus Gold"
            ],
            [
                "Bike"
            ],
            [
                "Rusty Fragment",
                "Insta-Hunger",
                "Insta-Grow",
                "Insta-Plow",
                "Insta-Harvest"
            ],
            [
                "Brain",
                "Alien Banner",
                "Crashed UFO"
            ],
            [
                "Pyramid"
            ],
            [
                "Satellite Dish"
            ]
        ],
        "reward": 4000,
        "bossHeadSprite": "alienBossSprite.png"
    },
    {
        "throwSpeed": 1.5,
        "xp": 500,
        "invasionSuccessText": "Zombies are triumphant! Dairy King has been banished to the depths of the suburbs. Your zombies can once again enjoy their brains nice and warm.",
        "invasionFailedText": "All that delicious ice cream really took a toll on your zombies. Their brains have been frozen by the Dairy King!",
        "bossPosition": "{450,164}",
        "enemies": [
            {
                "enemy": "SpecialStageActorMinion1",
                "frequency": 50
            }
        ],
        "imageURL": "http://www.theplayforge.com/_/rsrc/1268428958928/home/zombie-farm/dairykingX.png",
        "enemyPosition": "{435,5}",
        "population": 8,
        "enemyIcon": "enemy_icon_ice_cream.png",
        "border1": "iceCreamStageBorder1.png",
        "border2": "iceCreamStageBorder2.png",
        "levelAssets": [
            {
                "position": "{0,0}",
                "z": 0,
                "anchor": "{0,0}",
                "sprite": "fightBGIceCream_bg.png"
            },
            {
                "position": "{480,161}",
                "z": 100,
                "anchor": "{1,0}",
                "sprite": "fightBGIceCream_truck.png"
            }
        ],
        "boss": "SpecialStageActorBoss",
        "bossName": "Dairy King",
        "introText": "The Dairy King is in town with his ice cream truck. Word on the street is that he's giving everybody brain freeze!\n\nYour zombies HATE cold brains! You must lead your zombies, and put a stop to this brain freeze madness.",
        "name": "Seasonal : Brain Freeze",
        "flurryTag": "Dairy King",
        "level": 8,
        "zombieAttackPosition": "{428,5}",
        "enemySpawnPosition": "{585,5}",
        "reccomendedLevel": "8",
        "loot": [
            [
                "Bonus Gold"
            ],
            [
                "Insta-Hunger",
                "Insta-Grow",
                "Invasion Voucher"
            ],
            [
                "Vanilla Cone",
                "Chocolate Cone",
                "Strawberry Cone"
            ],
            [
                "Brain",
                "Rusty Fragment"
            ],
            [
                "Ice Cream Stand"
            ],
            [
                "Ice Cream Truck"
            ]
        ],
        "reward": 1200,
        "bossHeadSprite": "start_invasion_icon_ice_cream.png"
    }
]