{"whiteArmBackMale": {"flagNeeded": 0, "flagKey": "fflag", "pivotX": 0.75, "pivotY": 0.80000000000000004, "offsetX": -10, "offsetY": 27, "height": 26, "width": 18, "file": "playerSpriteSheet.png", "y": 0, "x": 225, "z": 0}, "blackBodyMale": {"flagNeeded": 0, "flagKey": "fflag", "pivotX": 0.5, "pivotY": 0.34000000000000002, "offsetX": 0, "offsetY": 13, "height": 36, "width": 26, "file": "playerSpriteSheet.png", "y": 107, "x": 230, "z": 1}, "bootBack": {"flagNeeded": 0, "flagKey": "fflag", "pivotX": 0.75, "pivotY": 0.90000000000000002, "offsetX": -1, "offsetY": 5, "height": 16, "width": 16, "file": "playerSpriteSheet.png", "y": 24, "x": 186, "z": 2}, "whiteArmBackFemale": {"flagNeeded": 0, "flagKey": "fflag", "pivotX": 0.75, "pivotY": 0.80000000000000004, "offsetX": -9, "offsetY": 27, "height": 24, "width": 14, "file": "playerSpriteSheet.png", "y": 0, "x": 197, "z": 0}, "blackArmBackFemale": {"flagNeeded": 0, "flagKey": "fflag", "pivotX": 0.75, "pivotY": 0.80000000000000004, "offsetX": -9, "offsetY": 27, "height": 24, "width": 14, "file": "playerSpriteSheet.png", "y": 82, "x": 242, "z": 0}, "bootFront": {"flagNeeded": 0, "flagKey": "fflag", "pivotX": 0.75, "pivotY": 0.90000000000000002, "offsetX": 10, "offsetY": 5, "height": 16, "width": 16, "file": "playerSpriteSheet.png", "y": 24, "x": 186, "z": 3}, "blackBodyFemale": {"flagNeeded": 0, "flagKey": "fflag", "pivotX": 0.5, "pivotY": 0.34000000000000002, "offsetX": 0, "offsetY": 13, "height": 29, "width": 24, "file": "playerSpriteSheet.png", "y": 69, "x": 217, "z": 1}, "zombieHeadMale": {"flagNeeded": 0, "flagKey": "fflag", "pivotX": 0.5, "pivotY": 0.29999999999999999, "offsetX": -2, "offsetY": 41, "height": 56, "width": 52, "file": "playerSpriteSheet.png", "y": 114, "x": 126, "z": 7}, "hoe": {"flagNeeded": 0, "flagKey": "fflag", "pivotX": 0.75, "pivotY": 0.5, "offsetX": 0, "offsetY": 0, "height": 70, "width": 22, "file": "playerSpriteSheet.png", "y": 71, "x": 186, "z": 5}, "whiteBodyMale": {"flagNeeded": 0, "flagKey": "fflag", "pivotX": 0.5, "pivotY": 0.34000000000000002, "offsetX": 0, "offsetY": 13, "height": 36, "width": 26, "file": "playerSpriteSheet.png", "y": 32, "x": 210, "z": 1}, "whiteHeadMale": {"flagNeeded": 0, "flagKey": "fflag", "pivotX": 0.5, "pivotY": 0.25, "offsetX": 0, "offsetY": 44, "height": 56, "width": 60, "file": "playerSpriteSheet.png", "y": 0, "x": 63, "z": 7}, "blackArmFrontMale": {"flagNeeded": 0, "flagKey": "fflag", "pivotX": 0.25, "pivotY": 0.80000000000000004, "offsetX": 10, "offsetY": 28, "height": 30, "width": 14, "file": "playerSpriteSheet.png", "y": 52, "x": 242, "z": 6}, "blackArmBackMale": {"flagNeeded": 0, "flagKey": "fflag", "pivotX": 0.75, "pivotY": 0.80000000000000004, "offsetX": -10, "offsetY": 27, "height": 26, "width": 16, "file": "playerSpriteSheet.png", "y": 26, "x": 239, "z": 0}, "whiteArmFrontMale": {"flagNeeded": 0, "flagKey": "fflag", "pivotX": 0.25, "pivotY": 0.80000000000000004, "offsetX": 10, "offsetY": 28, "height": 30, "width": 14, "file": "playerSpriteSheet.png", "y": 0, "x": 212, "z": 6}, "skeletonHeadFemale": {"flagNeeded": 0, "flagKey": "fflag", "pivotX": 0.5, "pivotY": 0.25, "offsetX": 2, "offsetY": 40, "height": 43, "width": 60, "file": "playerSpriteSheet.png", "y": 114, "x": 0, "z": 7}, "vampireHeadMale": {"flagNeeded": 0, "flagKey": "fflag", "pivotX": 0.5, "pivotY": 0.29999999999999999, "offsetX": 0, "offsetY": 44, "height": 56, "width": 60, "file": "playerSpriteSheet.png", "y": 57, "x": 0, "z": 7}, "blackHeadMale": {"flagNeeded": 0, "flagKey": "fflag", "pivotX": 0.5, "pivotY": 0.25, "offsetX": 0, "offsetY": 44, "height": 52, "width": 50, "file": "playerSpriteSheet.png", "y": 171, "x": 61, "z": 7}, "whiteHeadFemale": {"flagNeeded": 0, "flagKey": "fflag", "pivotX": 0.5, "pivotY": 0.25, "offsetX": 2, "offsetY": 40, "height": 56, "width": 60, "file": "playerSpriteSheet.png", "y": 57, "x": 63, "z": 7}, "asianHeadFemale": {"flagNeeded": 0, "flagKey": "fflag", "pivotX": 0.5, "pivotY": 0.25, "offsetX": 2, "offsetY": 40, "height": 56, "width": 60, "file": "playerSpriteSheet.png", "y": 57, "x": 126, "z": 7}, "whiteArmFrontFemale": {"flagNeeded": 0, "flagKey": "fflag", "pivotX": 0.25, "pivotY": 0.80000000000000004, "offsetX": 8, "offsetY": 25, "height": 24, "width": 12, "file": "playerSpriteSheet.png", "y": 0, "x": 186, "z": 6}, "asianHeadMale": {"flagNeeded": 0, "flagKey": "fflag", "pivotX": 0.5, "pivotY": 0.25, "offsetX": 0, "offsetY": 44, "height": 56, "width": 60, "file": "playerSpriteSheet.png", "y": 0, "x": 0, "z": 7}, "monolithHeadMale": {"flagNeeded": 0, "flagKey": "fflag", "pivotX": 0.5, "pivotY": 0.40000000000000002, "offsetX": 0, "offsetY": 44, "height": 58, "width": 48, "file": "playerSpriteSheet.png", "y": 148, "x": 208, "z": 7}, "vampireHeadFemale": {"flagNeeded": 0, "flagKey": "fflag", "pivotX": 0.55000000000000004, "pivotY": 0.25, "offsetX": 2, "offsetY": 40, "height": 56, "width": 60, "file": "playerSpriteSheet.png", "y": 114, "x": 63, "z": 7}, "skeletonHeadMale": {"flagNeeded": 0, "flagKey": "fflag", "pivotX": 0.5, "pivotY": 0.25, "offsetX": 0, "offsetY": 44, "height": 56, "width": 60, "file": "playerSpriteSheet.png", "y": 0, "x": 126, "z": 7}, "zombieHeadFemale": {"flagNeeded": 0, "flagKey": "fflag", "pivotX": 0.55000000000000004, "pivotY": 0.29999999999999999, "offsetX": 2, "offsetY": 40, "height": 52, "width": 60, "file": "playerSpriteSheet.png", "y": 161, "x": 0, "z": 7}, "blackArmFrontFemale": {"flagNeeded": 0, "flagKey": "fflag", "pivotX": 0.25, "pivotY": 0.80000000000000004, "offsetX": 8, "offsetY": 25, "height": 24, "width": 12, "file": "playerSpriteSheet.png", "y": 1, "x": 244, "z": 6}, "whiteBodyFemale": {"flagNeeded": 0, "flagKey": "fflag", "pivotX": 0.5, "pivotY": 0.34000000000000002, "offsetX": 0, "offsetY": 13, "height": 29, "width": 24, "file": "playerSpriteSheet.png", "y": 41, "x": 186, "z": 1}, "blackHeadFemale": {"flagNeeded": 0, "flagKey": "fflag", "pivotX": 0.5, "pivotY": 0.25, "offsetX": 2, "offsetY": 40, "height": 50, "width": 62, "file": "playerSpriteSheet.png", "y": 172, "x": 113, "z": 7}, "paperBagHeadMale": {"flagNeeded": 0, "flagKey": "fflag", "pivotX": 0.5, "pivotY": 0.25, "offsetX": 0, "offsetY": 44, "height": 48, "width": 56, "file": "playerSpriteSheet.png", "y": 207, "x": 200, "z": 7}, "pumpkinHeadMale": {"flagNeeded": 0, "flagKey": "fflag", "pivotX": 0.5, "pivotY": 0.29999999999999999, "offsetX": 0, "offsetY": 44, "height": 42, "width": 52, "file": "playerSpriteSheet.png", "y": 213, "x": 1, "z": 7}, "lantern": {"flagNeeded": 0, "flagKey": "fflag", "pivotX": 1.0, "pivotY": 1, "offsetX": 0, "offsetY": 0, "height": 42, "width": 25, "file": "playerSpriteSheet.png", "y": 164, "x": 182, "z": 5}}