{"farmHandBody.png": {"pivotX": 0.5, "pivotY": 0.5, "offsetX": 0, "offsetY": 25, "height": 64.0, "width": 56.0, "y": 139.0, "x": 129.0, "rotation": 0.0, "z": 3}, "lumberjackFootB.png": {"pivotX": 0.75, "pivotY": 0.90000000000000002, "offsetX": 10, "offsetY": -4, "height": 21, "width": 45, "y": 226, "x": 84, "rotation": 0, "z": 1}, "farmHandArmF.png": {"pivotX": 0.87, "pivotY": 0.84999999999999998, "offsetX": 15, "offsetY": 48, "height": 37.0, "width": 47.0, "y": 204.0, "x": 130.0, "rotation": 0.0, "z": 7}, "lumberjackFootF.png": {"pivotX": 0.75, "pivotY": 0.90000000000000002, "offsetX": 30, "offsetY": -6, "height": 22, "width": 37, "y": 226, "x": 46, "rotation": 0, "z": 2}, "oldMcDonnellHead.png": {"pivotX": 0.72999999999999998, "pivotY": 0.25, "offsetX": 6, "offsetY": 64, "height": 70.0, "width": 89.0, "y": 1.0, "x": 119.0, "rotation": 0, "z": 4}, "lumberjackArmF.png": {"pivotX": 0.56000000000000005, "pivotY": 0.70999999999999996, "offsetX": 25, "offsetY": 45, "height": 59, "width": 48, "y": 86, "x": 41, "rotation": -90, "z": 8}, "pitchfork.png": {"pivotX": 0.5, "pivotY": 0.5, "offsetX": 30, "offsetY": 10, "height": 148.0, "width": 39.0, "y": 1.0, "x": 1.0, "rotation": -90, "z": 5}, "lumberjackArmB.png": {"pivotX": 0.87, "pivotY": 0.28000000000000003, "offsetX": -25, "offsetY": 48, "height": 41.0, "width": 62.0, "y": 200.0, "x": 186.0, "rotation": 0, "z": 0}, "lumberjackBody.png": {"pivotX": 0.5, "pivotY": 0.5, "offsetX": 0, "offsetY": 30, "height": 84, "width": 77, "y": 1, "x": 41, "rotation": 0.0, "z": 3}, "oldMcDonnellBody.png": {"pivotX": 0.5, "pivotY": 0.5, "offsetX": 0, "offsetY": 35, "height": 79.0, "width": 82.0, "y": 146.0, "x": 46.0, "rotation": 0.0, "z": 3}, "lumberjackHead.png": {"pivotX": 0.72999999999999998, "pivotY": 0.25, "offsetX": 2, "offsetY": 53, "height": 52.0, "width": 78.0, "y": 86.0, "x": 90.0, "rotation": 0.0, "z": 6}, "farmHandHead.png": {"pivotX": 0.72999999999999998, "pivotY": 0.25, "offsetX": 2, "offsetY": 53, "height": 65.0, "width": 67.0, "y": 72.0, "x": 169.0, "rotation": 0.0, "z": 6}, "footB.png": {"pivotX": 0.75, "pivotY": 0.90000000000000002, "offsetX": -10, "offsetY": 0, "height": 21, "width": 45, "y": 226, "x": 84, "rotation": 0, "z": 1}, "lumberjackFistF.png": {"pivotX": 0.73999999999999999, "pivotY": 0.17999999999999999, "offsetX": 3, "offsetY": 18, "height": 88.0, "width": 44.0, "y": 150.0, "x": 1.0, "rotation": -90, "z": 7}, "oldMcDonnellArmB.png": {"pivotX": 0.87, "pivotY": 0.28000000000000003, "offsetX": -25, "offsetY": 58, "height": 30.0, "width": 64.0, "y": 138.0, "x": 186.0, "rotation": 0.0, "z": 0.0}, "footF.png": {"pivotX": 0.75, "pivotY": 0.90000000000000002, "offsetX": 24, "offsetY": -2, "height": 22, "width": 37, "y": 226, "x": 46, "rotation": 0, "z": 2}, "oldMcDonnellArmF.png": {"pivotX": 0.87, "pivotY": 0.71999999999999997, "offsetX": 29, "offsetY": 58, "height": 30.0, "width": 64.0, "y": 169.0, "x": 186.0, "rotation": 0.0, "z": 5}}