{"icecream_minion_arm_back.png": {"anchor": "{9,97}"}, "icecream_boss_body.png": {"anchor": "{44,105}"}, "icecream_boss_arm_upper.pngB": {"z": 2, "anchor": "{69,84}", "offset": "{-43,0}"}, "icecream_boss_arm_upper.png": {"z": 10, "anchor": "{69,84}"}, "icecream_boss_leg.pngB": {"anchor": "{52,117}", "offset": "{-17,0}"}, "icecream_boss_leg.png": {"anchor": "{52,117}"}, "icecream_boss_cape.png": {"anchor": "{49,77}"}, "icecream_minion_arm_front.png": {"anchor": "{59,96}"}, "template": {"z": 0, "anchor": "{0,0}", "offset": "{0,0}"}, "icecream_boss_arm_lower_back.png": {"z": 1, "anchor": "{25,101}"}, "icecream_boss_head.png": {"anchor": "{47,64}"}, "icecream_boss_arm_lower_front.png": {"z": 9, "anchor": "{68,101}"}, "icecream_minion_body.png": {"anchor": "{39,131}"}}