{"frames": {"icecream_minion_arm_back.png": {"spriteColorRect": "{{0, 85}, {25, 54}}", "spriteSize": "{25, 54}", "textureRotated": false, "spriteOffset": "{-29, -38}", "textureRect": "{{1, 195}, {25, 54}}", "spriteTrimmed": true, "aliases": [], "spriteSourceSize": "{83, 148}"}, "icecream_boss_body.png": {"spriteColorRect": "{{25, 57}, {38, 70}}", "spriteSize": "{38, 70}", "textureRotated": false, "spriteOffset": "{-1, -19}", "textureRect": "{{85, 1}, {38, 70}}", "spriteTrimmed": true, "aliases": [], "spriteSourceSize": "{90, 146}"}, "icecream_boss_arm_upper.pngB": {"spriteColorRect": "{{50, 66}, {38, 38}}", "spriteSize": "{38, 38}", "textureRotated": false, "spriteOffset": "{24, -12}", "textureRect": "{{124, 1}, {38, 38}}", "spriteTrimmed": true, "aliases": [], "spriteSourceSize": "{90, 146}"}, "icecream_boss_arm_upper.png": {"spriteColorRect": "{{50, 66}, {38, 38}}", "spriteSize": "{38, 38}", "textureRotated": false, "spriteOffset": "{24, -12}", "textureRect": "{{124, 1}, {38, 38}}", "spriteTrimmed": true, "aliases": [], "spriteSourceSize": "{90, 146}"}, "icecream_boss_leg.pngB": {"spriteColorRect": "{{31, 118}, {30, 28}}", "spriteSize": "{30, 28}", "textureRotated": false, "spriteOffset": "{1, -59}", "textureRect": "{{85, 72}, {30, 28}}", "spriteTrimmed": true, "aliases": [], "spriteSourceSize": "{90, 146}"}, "icecream_boss_leg.png": {"spriteColorRect": "{{31, 118}, {30, 28}}", "spriteSize": "{30, 28}", "textureRotated": false, "spriteOffset": "{1, -59}", "textureRect": "{{85, 72}, {30, 28}}", "spriteTrimmed": true, "aliases": [], "spriteSourceSize": "{90, 146}"}, "icecream_boss_cape.png": {"spriteColorRect": "{{20, 74}, {70, 44}}", "spriteSize": "{70, 44}", "textureRotated": false, "spriteOffset": "{10, -23}", "textureRect": "{{1, 150}, {70, 44}}", "spriteTrimmed": true, "aliases": [], "spriteSourceSize": "{90, 146}"}, "icecream_minion_arm_front.png": {"spriteColorRect": "{{49, 87}, {25, 54}}", "spriteSize": "{25, 54}", "textureRotated": false, "spriteOffset": "{20, -40}", "textureRect": "{{27, 195}, {25, 54}}", "spriteTrimmed": true, "aliases": [], "spriteSourceSize": "{83, 148}"}, "icecream_boss_arm_lower_back.png": {"spriteColorRect": "{{13, 96}, {18, 34}}", "spriteSize": "{18, 34}", "textureRotated": false, "spriteOffset": "{-23, -40}", "textureRect": "{{53, 195}, {18, 34}}", "spriteTrimmed": true, "aliases": [], "spriteSourceSize": "{90, 146}"}, "icecream_boss_head.png": {"spriteColorRect": "{{16, 0}, {58, 76}}", "spriteSize": "{58, 76}", "textureRotated": false, "spriteOffset": "{0, 35}", "textureRect": "{{72, 150}, {58, 76}}", "spriteTrimmed": true, "aliases": [], "spriteSourceSize": "{90, 146}"}, "icecream_boss_arm_lower_front.png": {"spriteColorRect": "{{56, 99}, {20, 34}}", "spriteSize": "{20, 34}", "textureRotated": false, "spriteOffset": "{21, -43}", "textureRect": "{{124, 40}, {20, 34}}", "spriteTrimmed": true, "aliases": [], "spriteSourceSize": "{90, 146}"}, "icecream_minion_body.png": {"spriteColorRect": "{{0, 0}, {83, 148}}", "spriteSize": "{83, 148}", "textureRotated": false, "spriteOffset": "{0, -0}", "textureRect": "{{1, 1}, {83, 148}}", "spriteTrimmed": true, "aliases": [], "spriteSourceSize": "{83, 148}"}}, "metadata": {"size": "{256, 256}", "format": 3}}