{"ability_explode.png": [32, 32], "veteran.png": [62, 75], "fightBGCity_front.png": [127, 320], "mausoleumButton.png": [50, 50], "farmerSelectHighlight.png": [64, 63], "fightBGPirate_mid.png": [480, 320], "thoughtBubbleCupCake.png": [32, 31], "fightBGNinja_front.png": [135, 210], "tex0035.png": [256, 256], "OldMcDonnell.png": [256, 256], "harvestTutorial1.png": [128, 111], "boomSpray.png": [32, 32], "stex0046.png": [32, 32], "XmasFarmStage.png": [512, 512], "NinjaStage.png": [256, 256], "male.png": [58, 70], "thoughtBubbleMusic.png": [32, 31], "iconQuestMenu.png": [62, 74], "tex1045.png": [256, 256], "tex1068.png": [256, 256], "abilityIcon_stun.png": [32, 32], "stex0044.png": [32, 32], "stex0050.png": [32, 32], "stex0014.png": [32, 32], "gold.png": [20, 20], "stex0023.png": [32, 32], "stex0007.png": [32, 32], "regularZombie.png": [100, 158], "thoughtBubbleLollipop.png": [32, 31], "stex0008.png": [32, 32], "healSingle.png": [32, 32], "tex1017.png": [128, 128], "PirateStage.png": [256, 256], "stex1001.png": [48, 48], "stex0000.png": [32, 32], "stex0025.png": [32, 32], "CityStage.png": [256, 256], "tex1016.png": [256, 256], "stex0031.png": [32, 32], "multiButton.png": [58, 62], "tex1062.png": [128, 128], "junkWall.png": [128, 128], "stex0002.png": [32, 32], "tex1043.png": [256, 256], "tex1090.png": [128, 128], "fightBGNinja_ninja.png": [35, 30], "tex0023.png": [256, 256], "tex1025.png": [32, 32], "MainMenuSubtitlePlane.png": [156, 108], "bigCheckSel.png": [50, 50], "xpBar.png": [79, 16], "tap2.png": [64, 64], "fightBGCity_mid.png": [323, 320], "FightHUD.png": [480, 32], "ProgressBarFrame.png": [96, 24], "boughtSprite.png": [115, 84], "woodBoardButtonStretchable37_50.png": [37, 50], "throwables2.png": [150, 50], "fps_images.png": [256, 32], "badger_portrait.png": [97, 97], "tex1036.png": [256, 256], "bigCheckOpen.png": [50, 50], "ability_explodeV2.png": [32, 32], "tex1083.png": [128, 128], "tex0009.png": [256, 256], "friendsCellBG1.png": [480, 70], "fightBGEaster_bg.png": [480, 320], "enemyIcon1.png": [43, 42], "telekinesis.png": [64, 64], "stex0028.png": [32, 32], "fightBGFarm_bg.png": [480, 320], "tex1021.png": [32, 32], "lifelessZombieTutorial1.png": [128, 97], "tex0006.png": [256, 256], "tex1031.png": [128, 128], "missingItem.png": [64, 64], "brainLarge.png": [128, 101], "tex1001.png": [256, 256], "lawyerBossSprite.png": [88, 97], "uIBars.png": [186, 186], "cloud.png": [64, 47], "tex0013.png": [256, 256], "fightBGIceCream_truck.png": [137, 51], "fightBGIceCream_bg.png": [480, 320], "smallX.png": [25, 25], "tex0015.png": [256, 256], "Default-LandscapeRight.png": [1024, 768], "stex0015.png": [32, 32], "stex1006.png": [48, 48], "fightBGNinja_mid.png": [480, 320], "MainMenuPlayButton.png": [329, 58], "tex1081.png": [256, 128], "levelUp.png": [79, 128], "MainMenuBGFrame.png": [480, 320], "hudBG.png": [480, 21], "thoughtBubbleSmile.png": [32, 31], "tex1038.png": [256, 256], "lockIcon.png": [25, 27], "woodButton50.png": [50, 50], "tex0018.png": [256, 256], "playerProfile_frame.png": [298, 60], "tapAbility2.png": [88, 40], "tex0028.png": [256, 256], "enemyIcon5.png": [33, 43], "bigXSel.png": [50, 50], "infoButtonSel.png": [48, 48], "tex1041.png": [256, 256], "ATWBO26.png": [256, 256], "fightBGEaster_cage.png": [109, 116], "iconMutationMenu.png": [70, 72], "tex1028.png": [256, 256], "subcategoryButtonUDn.png": [64, 31], "monitor.png": [64, 64], "MainMenuHead.png": [108, 220], "ability_stun.png": [32, 32], "goButton.png": [43, 42], "tex1026.png": [256, 256], "regularZombie2.png": [47, 75], "tex1049.png": [256, 256], "tex1064.png": [256, 256], "ability_attackSpeedBuff.png": [32, 32], "stex1004.png": [48, 48], "stex1002.png": [48, 48], "tex1044.png": [256, 256], "stex0051.png": [32, 32], "abilityBorder.png": [50, 50], "tex1019.png": [128, 128], "tex0000.png": [128, 128], "fightBuildingDoorRobot.png": [140, 96], "fightBGCity_car.png": [136, 60], "questionMarkButton.png": [32, 31], "tex1056.png": [128, 128], "redGift.png": [64, 64], "tex1005.png": [256, 256], "friendsCellBG2.png": [480, 70], "bigX.png": [50, 50], "tex1014.png": [256, 256], "tex1058.png": [128, 128], "tex1035.png": [128, 128], "tex0008.png": [256, 256], "ninjaBossSprite.png": [88, 97], "stex1000.png": [48, 48], "stex0006.png": [32, 32], "greenGift.png": [64, 64], "storageIcon.png": [100, 128], "enemy_icon_ice_cream.png": [43, 43], "tex0014.png": [256, 256], "stex0011.png": [32, 32], "parrot.png": [32, 31], "stex0004.png": [32, 32],"tex1052.png": [128, 128], "fightBGPirate_bg.png": [480, 320], "tex1070.png": [256, 256], "distractedZombie.png": [89, 85], "stex0013.png": [32, 32], "tex0002.png": [256, 256], "icecream_debris_popcicle.png": [15, 53], "tex1074.png": [256, 256], "tex1037.png": [256, 256], "handHoldingSign.png": [62, 128], "vol0.png": [15, 15], "bestValue.png": [56, 40], "tex1015.png": [256, 256], "blankButton.png": [60, 40], "thoughtBubbleButterfly.png": [32, 31], "menuButtonDn.png": [180, 58], "tex1073.png": [256, 256], "ability_healAOE.png": [32, 32], "stex0039.png": [32, 24], "OptionsMenuBorder.png": [480, 320], "thoughtBubbleEasterEgg2.png": [32, 31], "stex0043.png": [32, 32], "ability_bashV2.png": [32, 32], "brainFragments.png": [32, 32], "laser.png": [64, 64], "AlienStage.png": [256, 256], "stex0034.png": [32, 32], "tex1039.png": [256, 256], "fightBGAlien_bg.png": [480, 320], "tex1077.png": [256, 256], "wreckingBall.png": [50, 50], "radButtonBlue.png": [28, 38], "enemyIcon3.png": [42, 43], "icecream_debris_sundae.png": [35, 60], "exclamationButton.png": [43, 42], "barrel.png": [50, 50], "iconSaveGame.png": [78, 73], "boomBiggerFire.png": [32, 32], "stex0027.png": [32, 32], "fightBGPirate_ship.png": [168, 175], "MainMenuHand.png": [83, 164], "IceCreamStage.png": [256, 256], "tex1080.png": [256, 128], "zombieIcon16x16.png": [16, 16], "plowTutorial1.png": [128, 103], "plantTutorial1.png": [128, 62], "tex0003.png": [256, 256], "stex0019.png": [32, 32], "tex0001.png": [256, 256], "stunTrail.png": [32, 32], "tex1079.png": [256, 128], "tex1022.png": [64, 64], "fightBGCity_bg.png": [480, 320], "enemyIcon.png": [43, 42], "tex0005.png": [256, 256], "sellSprite.png": [115, 84], "ability_powerBuff.png": [32, 32], "tex1061.png": [256, 256], "tex1020.png": [64, 64], "start_invasion_icon_ice_cream.png": [97, 97], "MarketMenu.png": [480, 320], "EasterStage.png": [256, 256], "ATWBD26.png": [256, 256], "gardenZombie.png": [100, 215], "spring.png": [50, 50], "thoughtBubbleEasterEgg4.png": [32, 31], "thoughtBubbleSunshine.png": [32, 31], "lifeForce.png": [19, 19], "quest_icon_brainfreeze.png": [32, 32], "tex0012.png": [256, 256], "backArrowSel.png": [50, 50], "tex1048.png": [256, 256], "strike.png": [64, 64], "stex1005.png": [48, 48], "AlienStageElements.png": [256, 256], "stex0047.png": [32, 32], "salesmanZombie.png": [128, 128], "playerProfile_frameSmall.png": [230, 44], "stex0032.png": [32, 32], "alienInvader.png": [64, 32], "smoke.png": [32, 30], "Default.png": [320, 480], "tex0020.png": [256, 256], "tapAbility1.png": [88, 40], "tex1071.png": [256, 256], "wrench.png": [50, 50], "playerSpriteSheet.png": [256, 256], "RobotStage.png": [256, 256], "tex1046.png": [256, 256], "bash.png": [64, 64], "icecream_debris_cone.png": [37, 52], "tex0010.png": [256, 256], "storageButtonSel.png": [50, 50], "ProgressBar.png": [92, 20], "stex0021.png": [32, 32], "tex1040.png": [256, 256], "moveButtonSel.png": [50, 50], "ability_tankHitPointsBuff.png": [32, 32], "rainDrop.png": [32, 32], "tex1063.png": [128, 128], "explosionSparks.png": [64, 64], "stex0026.png": [32, 32], "fightBGPirate_water.png": [512, 256], "graveStoneBlue128.png": [128, 128], "stex0053.png": [32, 32], "stex0030.png": [32, 32], "boomTop.png": [32, 32], "marketButton.png": [58, 62], "stex0024.png": [32, 32], "brain.png": [20, 15], "browseButton.png": [36, 50], "robotBossSprite.png": [88, 97], "doOrDie.png": [32, 32], "tex1003.png": [256, 256], "zombieButton.png": [58, 62], "plowButton.png": [58, 62], "diceArrow_up_small.png": [46, 50], "stex1003.png": [48, 48], "stex0036.png": [32, 32], "chest.png": [47, 46], "tex1087.png": [128, 128], "tex1069.png": [256, 256], "kunai.png": [31, 32], "tex1060.png": [128, 128], "menuButtonUp.png": [180, 58], "tex1075.png": [256, 256], "ability_doubleStrike.png": [32, 32], "fightBGPirate_sky.png": [480, 165], "stars.png": [32, 32], "ability_chivalry.png": [32, 32], "slider-bg.png": [266, 6], "checkboxEmpty.png": [35, 35], "radButtonWhite.png": [28, 38], "xpEndCap.png": [8, 16], "tex1009.png": [128, 128], "ttap1.png": [64, 64], "tex1092.png": [256, 256], "MainMenuOptionsButton.png": [134, 97], "MainMenuOnlineOn.png": [50, 47], "tex0016.png": [256, 256], "tex1013.png": [256, 256], "tex1054.png": [256, 256], "tex0024.png": [256, 256], "tex1007.png": [128, 128], "diceArrow_down_small.png": [50, 50], "tex1091.png": [128, 256], "RobotStageElements.png": [512, 512], "tex1018.png": [128, 128], "pirateBossSprite.png": [88, 97], "ability_bash.png": [32, 32], "plantButton.png": [48, 52], "fireBall.png": [64, 64], "fire.png": [32, 32], "stex0016.png": [32, 32], "stex0005.png": [32, 32], "Icon.png": [57, 57], "thoughtBubbleFlower.png": [33, 32], "zombieIcon.png": [35, 35], "fightBGNinja_bg.png": [480, 163], "tex1082.png": [256, 128], "playerProfile_button.png": [51, 26], "tex1010.png": [128, 128], "backArrow.png": [50, 54], "smallZombieIcon.png": [18, 18], "stex0003.png": [32, 32], "tex1084.png": [256, 256], "tex1094.png": [128, 128], "boomFire.png": [32, 32], "ability_hitPointsBuff.png": [32, 32], "tex0007.png": [256, 256], "screw.png": [50, 50], "tex1029.png": [256, 256], "tex1008.png": [128, 128], "ability_ressurect.png": [32, 32], "confetti.png": [32, 32], "arrow.png": [50, 50], "achievementBox.png": [196, 60], "thoughtBubbleBrains.png": [32, 31], "stex0012.png": [32, 32], "stapler.png": [32, 25], "yellowGift.png": [64, 64], "fightBGEaster_front.png": [480, 320], "camera.png": [64, 64], "tex1042.png": [256, 256], "iconGift.png": [81, 71], "tex1000.png": [256, 256], "quest_icon_easter.png": [32, 32], "checkboxFilled.png": [35, 35], "tap1.png": [64, 64], "stex1007.png": [48, 44], "tex1050.png": [128, 128], "stex0049.png": [32, 32], "combineZombiesIcon.png": [128, 70], "ramen.png": [50, 50], "tex1030.png": [64, 64], "tex1055.png": [128, 128], "thoughtBubbleEasterEgg1.png": [32, 31], "BeachStage.png": [512, 256], "ZombieFarmLogo.png": [527, 284], "noButton.png": [43, 42], "radButtonOrange.png": [28, 38], "MenuBanner.png": [200, 50], "brainiacPackButton.png": [292, 94], "anchor.png": [64, 64], "backButton.png": [60, 40], "tex1057.png": [128, 128], "stex0041.png": [22, 32], "tex1027.png": [128, 128], "ability_laserBeam.png": [32, 32], "stex0010.png": [32, 32], "laserShine.png": [16, 16], "stex0020.png": [32, 32], "ability_heal.png": [32, 32], "Icon@2x.png": [114, 114], "tex1093.png": [128, 128], "iconMainMenu.png": [63, 69], "taunt.png": [100, 50], "tex0031.png": [256, 256], "buffCountBorder.png": [16, 16], "ability_zomBeam.png": [32, 32], "tex0033.png": [256, 256], "tex0017.png": [256, 256], "beach_wave.png": [144, 126], "stex0022.png": [32, 32], "tex1065.png": [256, 256], "tex1089.png": [128, 128], "stex0037.png": [27, 32], "tex1034.png": [128, 128], "tex1086.png": [128, 128], "disabledGift.png": [64, 64], "radButtonGreen.png": [28, 38], "tex1012.png": [256, 256], "tex1033.png": [128, 128], "thoughtBubbleEasterEgg3.png": [32, 31], "stex0045.png": [32, 32], "oldMcDonnellSprite.png": [88, 73], "ability_block.png": [32, 32], "marketButtonSel.png": [50, 50], "tex1059.png": [128, 128], "FarmStage.png": [256, 256], "rabbit.png": [50, 50], "vol1.png": [15, 15], "tex1002.png": [256, 256], "mausoleumButtonSel.png": [50, 50], "female.png": [62, 59], "carrotWall.png": [128, 128], "Icon-72.png": [72, 72], "throwables.png": [150, 150], "MainMenuProfileMenu.png": [501, 104], "healAOE.png": [32, 32], "iTunesArtwork.png": [512, 512], "ZombieSheet.png": [512, 512], "MarketMenuSubcatSeparator.png": [4, 1], "multiButtonSel.png": [50, 50], "tex1067.png": [256, 256], "mainMenuButton.png": [58, 62],"mainMenuButtonpress.png": [58, 62], "stex0018.png": [32, 32], "bunnyActor.png": [64, 128], "stex0017.png": [32, 32], "stex0033.png": [32, 32], "cupidArrow.png": [64, 64], "tex1047.png": [256, 256], "tex1023.png": [64, 64], "thoughtBubbleHeart.png": [32, 31], "particleEffect_strike.png": [32, 32], "alienBossSprite.png": [80, 118], "tex0004.png": [256, 256], "thoughtBubbleRainbow.png": [32, 31], "woodBoardButtonStretchable70_52.png": [70, 52], "tex1072.png": [256, 256], "stex0038.png": [32, 29], "tex0021.png": [256, 256], "tex1004.png": [256, 256], "mausoleumIcon.png": [100, 128], "tex0022.png": [256, 256], "stex0048.png": [32, 32], "tex0011.png": [256, 256], "MainMenuSlideInBG.png": [194, 320], "fightBGCity_van.png": [128, 92], "stex0035.png": [32, 32], "thoughtBubbleHmm.png": [32, 31], "stun.png": [16, 16], "stex0009.png": [32, 32], "MainMenuBG.png": [1024, 683], "tex0025.png": [256, 256], "tex1006.png": [256, 256], "stex0042.png": [32, 32], "tex0032.png": [256, 256], "shine.png": [128, 128], "ABD26.png": [256, 256], "enemyIcon2.png": [43, 42], "tex1078.png": [256, 256], "browseButtonSel.png": [36, 50], "MarketMenuSubSatSeparator.png": [128, 17], "SoilZombiePatch.png": [128, 61], "doOrDieSprite.png": [128, 64], "fightBGRobot.png": [480, 320], "ability_grace.png": [32, 32], "emptyIcon.png": [32, 32], "playerProfile_offline.png": [12, 12], "graveStoneRed128.png": [128, 128], "ability_protect.png": [32, 32], "boomSide.png": [32, 32], "iconFarmerMenu.png": [76, 70], "tex1051.png": [128, 128], "fightBGFarm_barn.png": [109, 219], "tex0026.png": [256, 256], "darkWoodBG.png": [480, 320], "radButtonRed.png": [28, 38], "moveButton.png": [58, 62], "peep_portrait.png": [43, 43], "goldLarge.png": [128, 115], "pedestalFire.png": [64, 64], "phone.png": [50, 50], "infoButton.png": [48, 48], "snow.png": [32, 32], "plowButtonSel.png": [50, 50], "OptionsMenuBorderLong.png": [479, 767], "MainMenuBGFront.png": [1024, 179], "bigCheck.png": [50, 50], "ability_buffAllStats.png": [32, 32], "chicken.png": [32, 32], "cage1.png": [112, 163], "stex0029.png": [32, 32], "paperBanner.png": [230, 55], "stex0054.png": [32, 32], "tex0019.png": [256, 256], "bucket.png": [50, 50], "alienLaser.png": [33, 50], "ability_attachMini.png": [32, 32], "stex0001.png": [32, 32], "rock_bunny.png": [92, 77], "tex0030.png": [256, 256], "fightBGPirate_front.png": [107, 240], "iconHelp.png": [84, 71], "set48.png": [48, 48], "fightBuildingRobot.png": [140, 95], "tex0029.png": [256, 256], "tex0027.png": [256, 256], "tex1053.png": [256, 256], "playerProfile_online.png": [12, 12], "deleteButton.png": [58, 62], "stex0040.png": [24, 32], "woodBoardButtonStretchable168x125.png": [168, 125], "enemyIcon4.png": [42, 43], "tex1088.png": [64, 64], "diceArrow_up.png": [46, 50], "tex1085.png": [256, 256], "appIconCase.png": [47, 48], "telekinesisSplash.png": [64, 64], "sliderKnob.png": [26, 26], "stex0052.png": [32, 32], "ability_turboSpeed.png": [32, 32], "hudElements.png": [512, 512], "rotateButton.png": [58, 62], "brainActor.png": [32, 24], "storageButton.png": [58, 62], "tex1024.png": [32, 19], "tex1011.png": [256, 256], "tex0034.png": [256, 256], "tex1066.png": [256, 256], "tex1076.png": [128, 256], "MainMenuPlayBG.png": [644, 88], "tex1032.png": [256, 256], "zombiebuttonon.png" : [200, 40], "zombiebuttonoff.png" : [200, 40], "support.png":[90,90],
"alienStageBorder1.png":  [1024, 683], "alienStageBorder2.png":  [1024, 683],
"farmStageBorder1.png":  [1024, 683], "farmStageBorder2.png":  [1024, 683],
"cityStageBorder1.png":  [1024, 683], "cityStageBorder2.png":  [1024, 683],
"pirateStageBorder1.png":  [1024, 683], "pirateStageBorder2.png":  [1024, 683],
"ninjaStageBorder1.png":  [1024, 683], "ninjaStageBorder2.png":  [1024, 683],
"robotStageBorder1.png":  [1024, 683], "robotStageBorder2.png":  [1024, 683],
"iceCreamStageBorder1.png":  [1024, 683], "iceCreamStageBorder2.png":  [1024, 683],
"gold_mobacoin.png": [35, 35],
"tex0000_1.png": [512, 512],
"tex0000_2.png": [512, 512],
"tex0000_3.png": [512, 512],
"robotFire.png" : [512, 512],
"icecream_1.png" : [512, 512],
"icecream_2.png" : [512, 512],
"icecream_3.png" : [512, 512],
"loadingScreenImage1.png" : [842, 413],
"loadingScreenImage5.png" : [842, 413],
"Default.png" : [481, 321],
"christmas2011_gifts.png": [75, 70], 
"christmas2011_gingerbreadhouse.png": [100, 116],
"christmas2011_sleigh.png": [60, 60], 
"holiday_ballon_red.png": [40, 120],
"holiday_ballon_wht.png": [40, 120],
"holiday_ballon_ylw.png": [40, 120],
"holiday_heartopiary.png": [50, 100],
"holiday_rosebush_wht.png": [60, 90],
"holiday_rosebush_red.png": [60, 90],
"holiday_rosebush_ylw.png": [60, 90],
"chocolateFountain2.png": [45, 100]
}