[{"rewardObject": 30, "messageComplete": "You completed Tomato Farmin'!", "requirements": [{"sprite": "stex0004.png", "notificationObject": "Tomatoes", "countTotal": 10, "text": "Plant 10 Tomatoes", "notificationID": "kCropPlantedNotification", "type": 2}, {"sprite": "stex0004.png", "notificationObject": "Tomatoes", "countTotal": 10, "text": "Harvest 10 Tomatoes", "notificationID": "kCropHarvestedNotification", "type": 2}], "sprite": "stex1001.png", "title": "Tomato Farmin'", "levelRequired": -1, "rewardType": 0, "prerequisiteQuest": 2}, {"rewardObject": 20, "messageComplete": "You got yerself a farm!", "requirements": [{"sprite": "stex0036.png", "notificationObject": "Plow", "countTotal": 10, "text": "Plow 10 patches of soil", "notificationID": "kSoilPlowedNotification", "type": 2}, {"sprite": "stex0006.png", "notificationObject": "Carrots", "countTotal": 10, "text": "Plant 10 carrots", "notificationID": "kCropPlantedNotification", "type": 2}], "sprite": "stex1000.png", "title": "Preparin' The Farm", "levelRequired": 1, "rewardType": 0, "prerequisiteQuest": -1}, {"rewardObject": 20, "messageComplete": "You completed A Bountiful Harvest!", "requirements": [{"sprite": "stex0029.png", "notificationObject": "", "countTotal": 15, "text": "Harvest 15 crops", "notificationID": "kCropHarvestedNotification", "type": 2}], "sprite": "stex1001.png", "title": "A Bountiful Harvest", "levelRequired": -1, "rewardType": 0, "prerequisiteQuest": 1}, {"rewardObject": 20, "messageComplete": "You completed A Zombieful Harvest!", "requirements": [{"sprite": "stex0000.png", "notificationObject": "", "countTotal": 8, "text": "Harvest 8 Zombies", "notificationID": "kCropHarvestedZombieNotification", "type": 2}], "sprite": "stex1002.png", "title": "A Zombieful Harvest", "levelRequired": -1, "rewardType": 0, "prerequisiteQuest": 1}, {"rewardObject": 30, "messageComplete": "You completed Corpse Variety!", "requirements": [{"sprite": "stex0000.png", "notificationObject": "Mini Zombie", "countTotal": 3, "text": "Harvest 3 Mini Zombies", "notificationID": "kCropHarvestedZombieNotification", "type": 2}, {"sprite": "stex0000.png", "notificationObject": "Zombie", "countTotal": 2, "text": "Harvest 2 Regular Zombies", "notificationID": "kCropHarvestedZombieNotification", "type": 2}, {"sprite": "stex0000.png", "notificationObject": "Girl Zombie", "countTotal": 2, "text": "Harvest 2 Girl Zombies", "notificationID": "kCropHarvestedZombieNotification", "type": 2}], "sprite": "stex1002.png", "title": "Corpse Variety", "levelRequired": -1, "rewardType": 0, "prerequisiteQuest": 3}, {"rewardObject": 30, "messageComplete": "You completed Ruff n' Tuff!", "requirements": [{"sprite": "stex0000.png", "notificationObject": "Headless Zombie", "countTotal": 2, "text": "Harvest 2 Headless Zombies", "notificationID": "kCropHarvestedZombieNotification", "type": 2}, {"sprite": "stex0000.png", "notificationObject": "ZomBumpkin", "countTotal": 1, "text": "Harvest 1 Zombumpkin", "notificationID": "kCropHarvestedZombieNotification", "type": 2}], "sprite": "stex1002.png", "title": "Ruff n' Tuff", "levelRequired": -1, "rewardType": 0, "prerequisiteQuest": 4}, {"rewardObject": 30, "messageComplete": "You completed Bread Farm!", "requirements": [{"sprite": "stex0015.png", "notificationObject": "Bread Fruit", "countTotal": 15, "text": "Harvest 15 Bread Fruits", "notificationID": "kCropHarvestedNotification", "type": 2}], "sprite": "stex1001.png", "title": "Bread Farm", "levelRequired": 5, "rewardType": 0, "prerequisiteQuest": -1}, {"rewardObject": 30, "messageComplete": "You completed Overrun the Farm!", "requirements": [{"sprite": "stex1003.png", "notificationObject": "", "countTotal": 1, "text": "Win an invasion", "notificationID": "kInvasionSuccessfulNotification", "type": 2}], "sprite": "stex1003.png", "title": "Overrun the Farm", "levelRequired": -1, "rewardType": 0, "prerequisiteQuest": -1}, {"rewardObject": 30, "messageComplete": "You completed Clean Up After Yerself!", "requirements": [{"sprite": "stex0036.png", "notificationObject": "", "countTotal": 50, "text": "Plow 50 patches of soil", "notificationID": "kSoilPlowedNotification", "type": 2}], "sprite": "stex1000.png", "title": "Clean Up After Yerself", "levelRequired": 4, "rewardType": 0, "prerequisiteQuest": -1}, {"rewardObject": 40, "messageComplete": "You completed Farm Essentials!", "requirements": [{"sprite": "stex0037.png", "notificationObject": "Fence", "countTotal": 4, "text": "Buy 4 White Fences", "notificationID": "kItemBoughtNotification", "type": 2}, {"sprite": "stex0038.png", "notificationObject": "Fence Gate", "countTotal": 1, "text": "Buy 1 White Fence Gate", "notificationID": "kItemBoughtNotification", "type": 2}], "sprite": "stex1005.png", "title": "Farm Essentials", "levelRequired": 7, "rewardType": 0, "prerequisiteQuest": -1}, {"rewardObject": 40, "messageComplete": "You completed Farm Essentials 2!", "requirements": [{"sprite": "stex0040.png", "notificationObject": "Barrel", "countTotal": 2, "text": "Buy 2 Brown Barrels", "notificationID": "kItemBoughtNotification", "type": 2}, {"sprite": "stex0039.png", "notificationObject": "Hedge", "countTotal": 2, "text": "Buy 2 Green Hedges", "notificationID": "kItemBoughtNotification", "type": 2}], "sprite": "stex1005.png", "title": "Farm Essentials 2", "levelRequired": -1, "rewardType": 0, "prerequisiteQuest": 9}, {"rewardObject": 40, "messageComplete": "You completed Grave Essentials!", "requirements": [{"sprite": "stex0041.png", "notificationObject": "Gravestone", "countTotal": 2, "text": "Buy 2 Gravestones", "notificationID": "kItemBoughtNotification", "type": 2}, {"sprite": "tex1021.png", "notificationObject": "Daisy", "countTotal": 5, "text": "Buy 5 Daisies", "notificationID": "kItemBoughtNotification", "type": 2}], "sprite": "stex1005.png", "title": "Grave Essentials", "levelRequired": 8, "rewardType": 0, "prerequisiteQuest": -1}, {"rewardObject": 40, "messageComplete": "You completed Grave Essentials 2!", "requirements": [{"sprite": "stex0000.png", "notificationObject": "Garden Zombie", "countTotal": 2, "text": "Harvest 2 Garden Zombies", "notificationID": "kCropHarvestedZombieNotification", "type": 2}], "sprite": "stex1002.png", "title": "Grave Essentials 2", "levelRequired": -1, "rewardType": 0, "prerequisiteQuest": 11}, {"rewardObject": 50, "messageComplete": "You beat Old McDonnell 3 times!", "requirements": [{"sprite": "stex1003.png", "notificationObject": "Old McDonnell's Farm", "countTotal": 3, "text": "Beat Old McDonnell 3x", "notificationID": "kInvasionSuccessfulNotification", "type": 2}], "sprite": "stex1003.png", "title": "Farming the farmer", "levelRequired": 10, "rewardType": 0, "prerequisiteQuest": -1}, {"rewardObject": 75, "messageComplete": "You beat CorporateVille 3 times!", "requirements": [{"sprite": "stex1003.png", "notificationObject": "Zombies vs Lawyers", "countTotal": 3, "text": "Beat CorporateVille 3x", "notificationID": "kInvasionSuccessfulNotification", "type": 2}], "sprite": "stex1003.png", "title": "Laying Down The Law", "levelRequired": 16, "rewardType": 0, "prerequisiteQuest": -1}, {"rewardObject": 150, "messageComplete": "You beat The Dread Pirate Arrrnold 3 times!", "requirements": [{"sprite": "stex1003.png", "notificationObject": "Zombies vs Pirates", "countTotal": 3, "text": "Beat The Dread Pirate Arrrnold 3x", "notificationID": "kInvasionSuccessfulNotification", "type": 2}], "sprite": "stex1003.png", "title": "Plundering the Pirates", "levelRequired": 21, "rewardType": 0, "prerequisiteQuest": -1}, {"rewardObject": 500, "messageComplete": "You beat Mr. Whiskers 3 times!", "requirements": [{"sprite": "stex1003.png", "notificationObject": "Zombies vs Ninjas", "countTotal": 3, "text": "Beat Mr. Whiskers 3 times", "notificationID": "kInvasionSuccessfulNotification", "type": 2}], "sprite": "stex1003.png", "title": "Looting the Ninjas", "levelRequired": 26, "rewardType": 0, "prerequisiteQuest": -1}, {"rewardObject": 50, "messageComplete": "You took some great photos!", "requirements": [{"sprite": "stex1006.png", "notificationObject": "", "countTotal": 3, "text": "Take 3 pictures with camera", "notificationID": "kPhotoTakenNotification", "type": 2}], "sprite": "stex1006.png", "title": "Farm Photography", "levelRequired": 12, "rewardType": 0, "prerequisiteQuest": -1}, {"rewardObject": 100, "messageComplete": "You took some great photos!", "requirements": [{"sprite": "stex1006.png", "notificationObject": "", "countTotal": 3, "text": "Take 3 pictures with camera", "notificationID": "kPhotoTakenNotification", "type": 2}], "sprite": "stex1006.png", "title": "Farm Photography", "levelRequired": 18, "rewardType": 0, "prerequisiteQuest": -1}, {"rewardObject": 150, "messageComplete": "You took some great photos!", "requirements": [{"sprite": "stex1006.png", "notificationObject": "", "countTotal": 3, "text": "Take 3 pictures with camera", "notificationID": "kPhotoTakenNotification", "type": 2}], "sprite": "stex1006.png", "title": "Farm Photography", "levelRequired": 23, "rewardType": 0, "prerequisiteQuest": -1}, {"rewardObject": 200, "messageComplete": "You took some great photos!", "requirements": [{"sprite": "stex1006.png", "notificationObject": "", "countTotal": 3, "text": "Take 3 pictures with camera", "notificationID": "kPhotoTakenNotification", "type": 2}], "sprite": "stex1006.png", "title": "Farm Photography", "levelRequired": 28, "rewardType": 0, "prerequisiteQuest": -1}, {"rewardObject": 200, "messageComplete": "You completed Cook Up Some Zombies!", "requirements": [{"sprite": "stex1003.png", "notificationObject": "Robo Zombie", "countTotal": 1, "text": "Harvest a Robo Zombie", "notificationID": "kCombinerHarvestedNotification", "type": 2}, {"sprite": "stex1003.png", "notificationObject": "Zombielocks", "countTotal": 1, "text": "Harvest a Zombielocks", "notificationID": "kCombinerHarvestedNotification", "type": 2}, {"sprite": "stex1003.png", "notificationObject": "Imp Zombie", "countTotal": 1, "text": "Harvest an Imp Zombie", "notificationID": "kCombinerHarvestedNotification", "type": 2}], "sprite": "stex1003.png", "title": "Cook Up Some Zombies", "levelRequired": 25, "rewardType": 0, "prerequisiteQuest": -1}, {"rewardObject": 200, "messageComplete": "You completed Cook Up Some More Zombies!", "requirements": [{"sprite": "stex1003.png", "notificationObject": "Party Zombie", "countTotal": 1, "text": "Harvest a Party Zombie", "notificationID": "kCombinerHarvestedNotification", "type": 2}, {"sprite": "stex1003.png", "notificationObject": "Zombarian", "countTotal": 1, "text": "Harvest a Zombarian", "notificationID": "kCombinerHarvestedNotification", "type": 2}, {"sprite": "stex1003.png", "notificationObject": "Zombee", "countTotal": 1, "text": "Harvest a Zombee", "notificationID": "kCombinerHarvestedNotification", "type": 2}], "sprite": "stex1003.png", "title": "Cook Up Some More Zombies", "levelRequired": -1, "rewardType": 0, "prerequisiteQuest": 21}, {"rewardObject": 50, "messageComplete": "You completed Plow Now Brown Cow!", "requirements": [{"sprite": "stex0036.png", "notificationObject": "", "countTotal": 100, "text": "Plow 100 patches of soil", "notificationID": "kSoilPlowedNotification", "type": 2}], "sprite": "stex1000.png", "title": "Plow Now Brown Cow", "levelRequired": 13, "rewardType": 0, "prerequisiteQuest": -1}, {"rewardObject": 100, "messageComplete": "You completed It's Plow Or Never!", "requirements": [{"sprite": "stex0036.png", "notificationObject": "", "countTotal": 150, "text": "Plow 150 patches of soil", "notificationID": "kSoilPlowedNotification", "type": 2}], "sprite": "stex1000.png", "title": "It's Plow Or Never", "levelRequired": 17, "rewardType": 0, "prerequisiteQuest": -1}, {"rewardObject": 100, "messageComplete": "You completed Plow It Good!", "requirements": [{"sprite": "stex0036.png", "notificationObject": "", "countTotal": 200, "text": "Plow 200 patches of soil", "notificationID": "kSoilPlowedNotification", "type": 2}], "sprite": "stex1000.png", "title": "Plow It Good", "levelRequired": 22, "rewardType": 0, "prerequisiteQuest": -1}, {"rewardObject": 250, "messageComplete": "You completed Live Laugh Plow!", "requirements": [{"sprite": "stex0036.png", "notificationObject": "", "countTotal": 250, "text": "Plow 250 patches of soil", "notificationID": "kSoilPlowedNotification", "type": 2}], "sprite": "stex1000.png", "title": "Live Laugh Plow", "levelRequired": 27, "rewardType": 0, "prerequisiteQuest": -1}, {"rewardObject": 200, "messageComplete": "You completed CandyLand!", "requirements": [{"sprite": "stex1005.png", "notificationObject": "Giant Lollipop", "countTotal": 2, "text": "Buy 2 Giant Lollipops", "notificationID": "kItemBoughtNotification", "type": 2}, {"sprite": "stex1005.png", "notificationObject": "Cotton Candy Tree", "countTotal": 2, "text": "Buy 2 Cotton Candy Trees", "notificationID": "kItemBoughtNotification", "type": 2}, {"sprite": "stex1005.png", "notificationObject": "Balloon", "countTotal": 2, "text": "Buy 2 Red Balloons", "notificationID": "kItemBoughtNotification", "type": 2}], "sprite": "stex1005.png", "title": "Candyland", "levelRequired": 23, "rewardType": 0, "prerequisiteQuest": -1}, {"rewardObject": 50, "messageComplete": "You completed Flower Power!", "requirements": [{"sprite": "stex1005.png", "notificationObject": "Red Flower Bed", "countTotal": 2, "text": "Buy 2 Red Flower Beds", "notificationID": "kItemBoughtNotification", "type": 2}, {"sprite": "stex1005.png", "notificationObject": "Violet Flower Bed", "countTotal": 2, "text": "Buy 2 Violet Flower Beds", "notificationID": "kItemBoughtNotification", "type": 2}, {"sprite": "stex1005.png", "notificationObject": "Yellow Flower Bed", "countTotal": 2, "text": "Buy 2 Yellow Flower Beds", "notificationID": "kItemBoughtNotification", "type": 2}], "sprite": "stex1005.png", "title": "Flower Power", "levelRequired": 13, "rewardType": 0, "prerequisiteQuest": -1}, {"rewardObject": 100, "messageComplete": "You completed Man or Machine!", "requirements": [{"sprite": "stex0000.png", "notificationObject": "Zombot", "countTotal": 8, "text": "Harvest 8 Zombots", "notificationID": "kCropHarvestedZombieNotification", "type": 2}], "sprite": "stex1002.png", "title": "Man or Machine", "levelRequired": 18, "rewardType": 0, "prerequisiteQuest": -1}, {"rewardObject": 100, "messageComplete": "You completed Dead Flowers!", "requirements": [{"sprite": "stex0000.png", "notificationObject": "Flower Zombie", "countTotal": 3, "text": "Harvest 3 Flower Zombies", "notificationID": "kCropHarvestedZombieNotification", "type": 2}], "sprite": "stex1002.png", "title": "Dead Flowers", "levelRequired": 20, "rewardType": 0, "prerequisiteQuest": -1}, {"rewardObject": 200, "messageComplete": "You completed Corpse Party!", "requirements": [{"sprite": "stex0029.png", "notificationObject": "Corpse Flower", "countTotal": 20, "text": "Plant 20 Corpse Flowers", "notificationID": "kCropPlantedNotification", "type": 2}, {"sprite": "stex0029.png", "notificationObject": "Corpse Flower", "countTotal": 20, "text": "Harvest 20 Corpse Flowers", "notificationID": "kCropHarvestedNotification", "type": 2}], "sprite": "stex1001.png", "title": "Corpse Party", "levelRequired": 24, "rewardType": 0, "prerequisiteQuest": -1}, {"rewardObject": 100, "messageComplete": "You completed Broccoflower!", "requirements": [{"sprite": "stex0029.png", "notificationObject": "Broccoli", "countTotal": 10, "text": "Harvest 10 Broccoli", "notificationID": "kCropHarvestedNotification", "type": 2}, {"sprite": "stex0029.png", "notificationObject": "Cauliflower", "countTotal": 10, "text": "Harvest 10 Cauliflower", "notificationID": "kCropHarvestedNotification", "type": 2}], "sprite": "stex1001.png", "title": "Broccoflower", "levelRequired": 19, "rewardType": 0, "prerequisiteQuest": -1}, {"rewardObject": 75, "messageComplete": "You completed A Fruit and a Spine!", "requirements": [{"sprite": "stex0029.png", "notificationObject": "Spineapple", "countTotal": 10, "text": "Plant 10 Spineapples", "notificationID": "kCropPlantedNotification", "type": 2}, {"sprite": "stex0029.png", "notificationObject": "Spineapple", "countTotal": 10, "text": "Harvest 10 Spineapples", "notificationID": "kCropHarvestedNotification", "type": 2}], "sprite": "stex1001.png", "title": "A Fruit and a Spine", "levelRequired": 14, "rewardType": 0, "prerequisiteQuest": -1}, {"rewardObject": 75, "seasonal": true, "messageComplete": "You completed Chocoholic!", "requirements": [{"sprite": "stex0051.png", "notificationObject": "Chocolate Tile", "countTotal": 6, "text": "Buy 6 chocolate tiles", "notificationID": "kItemBoughtNotification", "type": 2}], "removeQuest": true, "title": "Chocoholic", "levelRequired": 1, "rewardType": 0, "prerequisiteQuest": -1, "sprite": "stex0051.png"}, {"rewardObject": 75, "seasonal": true, "messageComplete": "You completed Have a Heart!", "requirements": [{"sprite": "stex0051.png", "notificationObject": "Heart Gravestone", "countTotal": 1, "text": "Buy 1 Heart Gravestone", "notificationID": "kItemBoughtNotification", "type": 2}, {"sprite": "stex0051.png", "notificationObject": "Heart Hedge", "countTotal": 1, "text": "Buy 1 Heart Hedge", "notificationID": "kItemBoughtNotification", "type": 2}, {"sprite": "stex0051.png", "notificationObject": "Heart Candle", "countTotal": 1, "text": "Buy 1 Heart Candle", "notificationID": "kItemBoughtNotification", "type": 2}], "removeQuest": true, "title": "Have a Heart", "levelRequired": -1, "rewardType": 0, "prerequisiteQuest": 34, "sprite": "stex0051.png"}, {"rewardObject": "Valentine Gift", "seasonal": true, "messageComplete": "You completed Statuesque!", "requirements": [{"sprite": "stex0051.png", "notificationObject": "Cupid Statue A", "countTotal": 1, "text": "Buy 1 Cupid Statue A", "notificationID": "kItemBoughtNotification", "type": 2}, {"sprite": "stex0051.png", "notificationObject": "Cupid Statue B", "countTotal": 1, "text": "Buy 1 Cupid Statue B", "notificationID": "kItemBoughtNotification", "type": 2}], "removeQuest": true, "title": "Statuesque", "levelRequired": -1, "rewardType": 3, "prerequisiteQuest": 35, "sprite": "stex0051.png"}, {"rewardObject": 600, "messageComplete": "You beat the Robots 3 times!", "requirements": [{"sprite": "stex1003.png", "notificationObject": "Zombies vs Robots", "countTotal": 3, "text": "Beat the Robots 3x", "notificationID": "kInvasionSuccessfulNotification", "type": 2}], "sprite": "stex1003.png", "title": "Raiding the Robots", "levelRequired": 31, "rewardType": 0, "prerequisiteQuest": -1}, {"rewardObject": "Golden Dice", "seasonal": true, "messageComplete": "You beat the Easter Badger 3 times!", "requirements": [{"sprite": "quest_icon_easter.png", "notificationObject": "Seasonal: Easter", "countTotal": 3, "text": "Beat the Easter Badger", "notificationID": "kInvasionSuccessfulNotification", "type": 2}], "removeQuest": true, "title": "Badger Badger Badger", "levelRequired": -1, "rewardType": 3, "prerequisiteQuest": -1, "seasonalDate": "5/7/2011", "sprite": "quest_icon_easter.png"}, {"rewardObject": "Golden Dice", "seasonal": true, "messageComplete": "You completed Egg Hunting", "requirements": [{"sprite": "quest_icon_easter.png", "notificationObject": "Blue Easter Egg", "countTotal": 3, "text": "Buy 3 Blue Easter Egg", "notificationID": "kItemBoughtNotification", "type": 2}, {"sprite": "quest_icon_easter.png", "notificationObject": "Pink Easter Egg", "countTotal": 3, "text": "Buy 3 Pink Easter Egg", "notificationID": "kItemBoughtNotification", "type": 2}, {"sprite": "quest_icon_easter.png", "notificationObject": "Egg", "countTotal": 3, "text": "Buy 3 Eggs", "notificationID": "kItemBoughtNotification", "type": 2}], "removeQuest": true, "title": "Egg Hunting", "levelRequired": -1, "rewardType": 3, "prerequisiteQuest": -1, "seasonalDate": "5/7/2011", "sprite": "quest_icon_easter.png"}, {"rewardObject": "White Bunny", "seasonal": true, "messageComplete": "You popped 99 red balloons!", "requirements": [{"sprite": "quest_icon_easter.png", "notificationObject": "Red Balloon", "countTotal": 99, "text": "Pop the Badger's balloons", "notificationID": "kStageActorDefeated", "type": 2}], "removeQuest": true, "title": "99 Red Balloons", "levelRequired": -1, "rewardType": 3, "prerequisiteQuest": -1, "seasonalDate": "5/7/2011", "sprite": "quest_icon_easter.png"}, {"rewardObject": 700, "messageComplete": "You beat the Aliens 3 times!", "requirements": [{"sprite": "stex1003.png", "notificationObject": "Zombies vs Aliens", "countTotal": 3, "text": "Beat the Aliens 3x", "notificationID": "kInvasionSuccessfulNotification", "type": 2}], "sprite": "stex1003.png", "title": "Ambushing the Aliens", "levelRequired": 36, "rewardType": 0, "prerequisiteQuest": -1}, {"rewardObject": "Golden Dice", "seasonal": true, "messageComplete": "You beat the Dairy King 3 times!", "requirements": [{"sprite": "quest_icon_brainfreeze.png", "notificationObject": "Seasonal : Brain Freeze", "countTotal": 3, "text": "Beat the Dairy King 3x", "notificationID": "kInvasionSuccessfulNotification", "type": 2}], "sprite": "quest_icon_brainfreeze.png", "title": "Lactose Intolerance", "levelRequired": -1, "rewardType": 3, "prerequisiteQuest": -1, "seasonalDate": "6/30/2011"}, {"rewardObject": "200", "seasonal": true, "messageComplete": "You collected all 3 ice cream cones!", "requirements": [{"sprite": "quest_icon_brainfreeze.png", "notificationObject": "Vanilla Cone", "countTotal": 1, "text": "Win a vanilla cone", "notificationID": "kLootItemWonNotification", "type": 1}, {"sprite": "quest_icon_brainfreeze.png", "notificationObject": "Chocolate Cone", "countTotal": 1, "text": "Win a chocolate cone", "notificationID": "kLootItemWonNotification", "type": 1}, {"sprite": "quest_icon_brainfreeze.png", "notificationObject": "Strawberry Cone", "countTotal": 1, "text": "Win a strawberry cone", "notificationID": "kLootItemWonNotification", "type": 1}], "sprite": "quest_icon_brainfreeze.png", "title": "Brain Freeze", "levelRequired": -1, "rewardType": 0, "prerequisiteQuest": -1, "seasonalDate": "6/30/2011"}, {"rewardObject": "200", "seasonal": true, "messageComplete": "You completed Survivin' the Blizzard!", "requirements": [{"sprite": "quest_icon_brainfreeze.png", "notificationObject": "Seasonal : Brain Freeze", "countTotal": 1, "text": "Beat the Dairy King unscathed", "notificationID": "kInvasionPerfectGameNotification", "type": 2}], "sprite": "quest_icon_brainfreeze.png", "title": "Survivin' the Blizzard", "levelRequired": -1, "rewardType": 0, "prerequisiteQuest": -1, "seasonalDate": "6/30/2011"}]