{"junkBotArm.png": {"pivotX": 0.20999999999999999, "pivotY": 0.81000000000000005, "offsetX": 20, "offsetY": 38, "height": 27, "width": 25, "y": 1, "x": 223, "z": 5}, "broBotFist.png": {"pivotX": 0.90000000000000002, "pivotY": 0.80000000000000004, "offsetX": 50, "offsetY": 42, "height": 42, "width": 58, "y": 190, "x": 1, "z": 6}, "junkBotBody.png": {"pivotX": 0.47999999999999998, "pivotY": 0.33000000000000002, "offsetX": 0, "offsetY": 17, "height": 50, "width": 36, "y": 203, "x": 179, "z": 2}, "brainBotArm.pngB": {"pivotX": 0.56999999999999995, "pivotY": 0.83999999999999997, "offsetX": -25, "offsetY": 70, "height": 71, "width": 37, "y": 164, "x": 141, "rotation": 20, "z": 0}, "brainBotWheel.png": {"pivotX": 0.5, "pivotY": 0.5, "offsetX": 1, "offsetY": -5, "height": 32, "width": 35, "y": 87, "x": 194, "z": 3}, "junkBotHeadTop.png": {"pivotX": 1, "pivotY": 0.10000000000000001, "offsetX": 37, "offsetY": 66, "height": 39, "width": 79, "y": 124, "x": 140, "z": 3}, "brainBotLeg.png": {"pivotX": 0.5, "pivotY": 1, "offsetX": 8, "offsetY": 20, "height": 33, "width": 29, "y": 87, "x": 164, "z": 4}, "broBotBody.png": {"pivotX": 0.52000000000000002, "pivotY": 0.376, "offsetX": 0.0, "offsetY": 53, "height": 122, "width": 82, "y": 1, "x": 81, "z": 2}, "junkBotArm.pngB": {"pivotX": 0.20999999999999999, "pivotY": 0.81000000000000005, "offsetX": -18, "offsetY": 38, "height": 27, "width": 25, "y": 1, "x": 223, "rotation": 80, "z": 0}, "brainBotBody.png": {"pivotX": 0.47999999999999998, "pivotY": 0.33000000000000002, "offsetX": 0.0, "offsetY": 35, "height": 141, "width": 79, "y": 1, "x": 1, "z": 2}, "broBotFoot.pngB": {"pivotX": 0.64300000000000002, "pivotY": 0.46200000000000002, "offsetX": -8, "offsetY": 0, "height": 38, "width": 41, "y": 164, "x": 179, "z": 0}, "brainBotArm.png": {"pivotX": 0.56999999999999995, "pivotY": 0.83999999999999997, "offsetX": 30, "offsetY": 70, "height": 71, "width": 37, "y": 164, "x": 141, "z": 5}, "broBotArm.pngB": {"pivotX": 0.54000000000000004, "pivotY": 0.76000000000000001, "offsetX": -32, "offsetY": 99, "height": 85, "width": 58, "y": 1, "x": 164, "rotation": 20, "z": 0}, "junkBotFoot.png": {"pivotX": 0.56000000000000005, "pivotY": 0.58999999999999997, "offsetX": 8, "offsetY": 0, "height": 22, "width": 21, "y": 233, "x": 1, "z": 1}, "broBotFoot.png": {"pivotX": 0.64300000000000002, "pivotY": 0.46200000000000002, "offsetX": 12, "offsetY": 0, "height": 38, "width": 41, "y": 164, "x": 179, "z": 1}, "junkBotMouth.png": {"pivotX": 0.52000000000000002, "pivotY": 0, "offsetX": 0, "offsetY": 48, "height": 21, "width": 80, "y": 232, "x": 60, "z": 4}, "broBotCollar.png": {"pivotX": 0.5, "pivotY": 0.5, "offsetX": 16, "offsetY": 113, "height": 29, "width": 23, "y": 29, "x": 223, "z": 4}, "broBotKeg.png": {"pivotX": 1.04, "pivotY": 0.63300000000000001, "offsetX": -20, "offsetY": 47, "height": 88, "width": 74, "y": 143, "x": 65, "z": 1}, "junkBotFoot.pngB": {"pivotX": 0.56000000000000005, "pivotY": 0.58999999999999997, "offsetX": -8, "offsetY": 0, "height": 22, "width": 21, "y": 233, "x": 1, "z": 0}, "broBotArm.png": {"pivotX": 0.28999999999999998, "pivotY": 0.76000000000000001, "offsetX": 37, "offsetY": 96, "height": 85, "width": 58, "y": 1, "x": 164, "z": 5}, "broBotHead.png": {"pivotX": 0.60499999999999998, "pivotY": 0.22, "offsetX": 4, "offsetY": 110, "height": 46, "width": 63, "y": 143, "x": 1, "z": 3}}