{"giantBotBody.png": {"pivotX": 0.42999999999999999, "pivotY": 0.58999999999999997, "offsetX": 0.0, "offsetY": 0.0, "height": 264.0, "width": 432.0, "y": 76.0, "x": 1.0, "z": 0.0}, "robotStageFloor.png": {"pivotX": 0.0, "pivotY": 0.0, "offsetX": 0.0, "offsetY": 0.0, "height": 74.0, "width": 504.0, "y": 1.0, "x": 1.0, "z": 0.0}, "giantBotHead.png": {"pivotX": 0.65000000000000002, "pivotY": 0.36099999999999999, "offsetX": 20, "offsetY": 0.0, "height": 170.0, "width": 228.0, "y": 341.0, "x": 1.0, "z": 1}}