{"bunnyActor": {"isPet": true, "spawnState": "wait_5", "spriteFrameFile": "bunnyActor.plist", "isFarmActor": true, "spriteFile": "bunnyActor.png", "isCollidable": false, "z": 1, "touchSpriteID": 1, "destinationAction": "changeState_idle:setFrame_1_animatedBunnySit.png:resetAttachment_1_0.01", "spriteAnchor": "{0.5,0}", "isTouchable": false, "frameOffset": "{0,20}", "unitStatsEntry": "genericStageActor", "walkingSpeed": 1.5, "pointBox": "{{0,0},{0,0}}", "idleAction": "jumpToPlayer_40_30:checkDestinationEqualsPosition_1:setFrame_1_animatedBunnyJump.png:changeState_move", "waitForRedoAnimation": [{"animationString": "rotateTo_45_0.3", "attachementID": 1}], "exitPoint": "{0,0}", "name": "Bunny", "skeletonDictionary": {"animatedBunnySit.png": {"anchor": "{27,67}"}, "animatedBunnyJump.png": {"anchor": "{27,67}"}}, "spawnAction": "changeState_idle", "lifeBarOffset": "{0,0}", "tapDelay": 0, "pointSet": "{-100,280}:{580,280}", "isFightActor": false, "attachements": [{"spriteFrames": ["animatedBunnySit.png"], "attachementID": 1}]}, "brainActor": {"spriteOffsetForUI": "{0.5,1.2}", "isPet": true, "spawnState": "wait_5", "isFarmActor": true, "spriteFile": "brainActor.png", "isCollidable": false, "touchSpriteID": 1, "destinationAction": "changeState_idle:resetAttachment_1_0.01", "spriteAnchor": "{0.5,0}", "isTouchable": false, "frameOffset": "{0,20}", "unitStatsEntry": "genericStageActor", "walkingSpeed": 1.5, "pointBox": "{{0,0},{0,0}}", "idleAction": "jumpToPlayer_40_30:checkDestinationEqualsPosition_1:changeState_move", "z": 1, "name": "Pet Brain", "spawnAction": "changeState_idle", "lifeBarOffset": "{0,0}", "tapDelay": 0, "pointSet": "{-100,280}:{580,280}", "isFightActor": false, "exitPoint": "{0,0}"}}