{"frames": {"parrot_fr03.png": {"spriteColorRect": "{{25, 0}, {38, 80}}", "spriteSize": "{38, 80}", "textureRotated": false, "spriteOffset": "{-4, 24}", "textureRect": "{{42, 2}, {38, 80}}", "spriteTrimmed": true, "aliases": [], "spriteSourceSize": "{96, 128}"}, "parrot_fr02.png": {"spriteColorRect": "{{30, 1}, {38, 72}}", "spriteSize": "{38, 72}", "textureRotated": false, "spriteOffset": "{1, 27}", "textureRect": "{{160, 2}, {38, 72}}", "spriteTrimmed": true, "aliases": [], "spriteSourceSize": "{96, 128}"}, "parrot_fr01.png": {"spriteColorRect": "{{26, 0}, {36, 74}}", "spriteSize": "{36, 74}", "textureRotated": false, "spriteOffset": "{-4, 27}", "textureRect": "{{122, 2}, {36, 74}}", "spriteTrimmed": true, "aliases": [], "spriteSourceSize": "{96, 128}"}, "parrot_hook.png": {"spriteColorRect": "{{32, 48}, {38, 80}}", "spriteSize": "{40, 125}", "textureRotated": false, "spriteOffset": "{3, -24}", "textureRect": "{{40, 2}, {40, 125}}", "spriteTrimmed": true, "aliases": [], "spriteSourceSize": "{96, 128}"}, "parrot_fr04.png": {"spriteColorRect": "{{25, 0}, {38, 74}}", "spriteSize": "{38, 74}", "textureRotated": false, "spriteOffset": "{-4, 27}", "textureRect": "{{82, 2}, {38, 74}}", "spriteTrimmed": true, "aliases": [], "spriteSourceSize": "{96, 128}"}}, "metadata": {"size": "{256, 128}", "format": 3}}