{"frames": {"mechanical_bull_base.png": {"spriteColorRect": "{{20, 70}, {54, 46}}", "spriteSize": "{119, 92}", "textureRotated": false, "spriteOffset": "{-13, -33}", "textureRect": "{{24, 20}, {119, 92}}", "spriteTrimmed": true, "aliases": [], "spriteSourceSize": "{120, 120}"}, "mechanical_bull_head.png": {"spriteColorRect": "{{54, 41}, {66, 62}}", "spriteSize": "{66, 62}", "textureRotated": false, "spriteOffset": "{27, -12}", "textureRect": "{{66, 2}, {66, 62}}", "spriteTrimmed": true, "aliases": [], "spriteSourceSize": "{120, 120}"}, "mechanical_bull_body.png": {"spriteColorRect": "{{19, 31}, {62, 66}}", "spriteSize": "{62, 66}", "textureRotated": false, "spriteOffset": "{-10, -4}", "textureRect": "{{2, 2}, {62, 66}}", "spriteTrimmed": true, "aliases": [], "spriteSourceSize": "{120, 120}"}, "mechanical_bull_tail.png": {"spriteColorRect": "{{9, 21}, {26, 26}}", "spriteSize": "{26, 26}", "textureRotated": false, "spriteOffset": "{-38, 26}", "textureRect": "{{58, 70}, {26, 26}}", "spriteTrimmed": true, "aliases": [], "spriteSourceSize": "{120, 120}"}}, "metadata": {"size": "{256, 128}", "format": 3}}