{"frames": {"windmill_fr01.png": {"spriteColorRect": "{{28, 2}, {71, 79}}", "spriteSize": "{71, 79}", "textureRotated": false, "spriteOffset": "{14, 60}", "textureRect": "{{101, 2}, {71, 79}}", "spriteTrimmed": true, "aliases": [], "spriteSourceSize": "{99, 203}"}, "windmill_fr03.png": {"spriteColorRect": "{{28, 2}, {69, 77}}", "spriteSize": "{69, 77}", "textureRotated": false, "spriteOffset": "{13, 61}", "textureRect": "{{101, 162}, {69, 77}}", "spriteTrimmed": true, "aliases": [], "spriteSourceSize": "{99, 203}"}, "windmill_base.png": {"spriteColorRect": "{{0, 0}, {97, 203}}", "spriteSize": "{97, 203}", "textureRotated": false, "spriteOffset": "{-1, -0}", "textureRect": "{{2, 2}, {97, 203}}", "spriteTrimmed": true, "aliases": [], "spriteSourceSize": "{99, 203}"}, "windmill_fr02.png": {"spriteColorRect": "{{27, 3}, {71, 77}}", "spriteSize": "{71, 77}", "textureRotated": false, "spriteOffset": "{13, 60}", "textureRect": "{{101, 83}, {71, 77}}", "spriteTrimmed": true, "aliases": [], "spriteSourceSize": "{99, 203}"}}, "metadata": {"size": "{256, 256}", "format": 3}}