{"frames": {"egg_lg_blue.png": {"spriteColorRect": "{{0, 0}, {48, 56}}", "spriteSize": "{48, 56}", "textureRotated": false, "spriteOffset": "{0, -0}", "textureRect": "{{1, 58}, {48, 56}}", "spriteTrimmed": true, "aliases": [], "spriteSourceSize": "{48, 56}"}, "egg_lg_pink.png": {"spriteColorRect": "{{0, 0}, {48, 56}}", "spriteSize": "{48, 56}", "textureRotated": false, "spriteOffset": "{0, -0}", "textureRect": "{{1, 1}, {48, 56}}", "spriteTrimmed": true, "aliases": [], "spriteSourceSize": "{48, 56}"}, "egg_lg_green.png": {"spriteColorRect": "{{0, 0}, {48, 56}}", "spriteSize": "{48, 56}", "textureRotated": false, "spriteOffset": "{0, -0}", "textureRect": "{{50, 31}, {48, 56}}", "spriteTrimmed": true, "aliases": [], "spriteSourceSize": "{48, 56}"}, "easter_grass_tile.png": {"spriteColorRect": "{{0, 0}, {53, 29}}", "spriteSize": "{53, 29}", "textureRotated": false, "spriteOffset": "{0, -0}", "textureRect": "{{50, 1}, {53, 29}}", "spriteTrimmed": true, "aliases": [], "spriteSourceSize": "{53, 29}"}}, "metadata": {"size": "{128, 128}", "format": 3}}