{"frames": {"beachball.png": {"spriteColorRect": "{{0, 0}, {42, 41}}", "spriteSize": "{42, 41}", "textureRotated": false, "spriteOffset": "{0, -0}", "textureRect": "{{78, 1}, {42, 41}}", "spriteTrimmed": true, "aliases": [], "spriteSourceSize": "{42, 41}"}, "tiki_torch.png": {"spriteColorRect": "{{0, 32}, {19, 80}}", "spriteSize": "{19, 80}", "textureRotated": false, "spriteOffset": "{0, -16}", "textureRect": "{{1, 1}, {19, 80}}", "spriteTrimmed": true, "aliases": [], "spriteSourceSize": "{19, 112}"}, "giant_clam_closed.png": {"spriteColorRect": "{{0, 10}, {52, 40}}", "spriteSize": "{52, 40}", "textureRotated": false, "spriteOffset": "{-3, -5}", "textureRect": "{{39, 82}, {52, 40}}", "spriteTrimmed": true, "aliases": [], "spriteSourceSize": "{58, 50}"}, "tiki_torch_flame_fr04.png": {"spriteColorRect": "{{1, 10}, {17, 28}}", "spriteSize": "{17, 28}", "textureRotated": false, "spriteOffset": "{0, 32}", "textureRect": "{{21, 52}, {17, 28}}", "spriteTrimmed": true, "aliases": [], "spriteSourceSize": "{19, 112}"}, "giant_clam_open.png": {"spriteColorRect": "{{2, 0}, {56, 50}}", "spriteSize": "{56, 50}", "textureRotated": false, "spriteOffset": "{1, -0}", "textureRect": "{{21, 1}, {56, 50}}", "spriteTrimmed": true, "aliases": [], "spriteSourceSize": "{58, 50}"}, "tiki_torch_flame_fr02.png": {"spriteColorRect": "{{1, 3}, {13, 34}}", "spriteSize": "{13, 34}", "textureRotated": false, "spriteOffset": "{-2, 36}", "textureRect": "{{92, 82}, {13, 34}}", "spriteTrimmed": true, "aliases": [], "spriteSourceSize": "{19, 112}"}, "tiki_torch_flame_fr01.png": {"spriteColorRect": "{{0, 6}, {15, 32}}", "spriteSize": "{15, 32}", "textureRotated": false, "spriteOffset": "{-2, 34}", "textureRect": "{{98, 43}, {15, 32}}", "spriteTrimmed": true, "aliases": [], "spriteSourceSize": "{19, 112}"}, "tiki_torch_flame_fr03.png": {"spriteColorRect": "{{0, 0}, {19, 38}}", "spriteSize": "{19, 38}", "textureRotated": false, "spriteOffset": "{0, 37}", "textureRect": "{{78, 43}, {19, 38}}", "spriteTrimmed": true, "aliases": [], "spriteSourceSize": "{19, 112}"}, "pail_and_shovel.png": {"spriteColorRect": "{{0, 0}, {37, 45}}", "spriteSize": "{37, 45}", "textureRotated": false, "spriteOffset": "{0, -0}", "textureRect": "{{1, 82}, {37, 45}}", "spriteTrimmed": true, "aliases": [], "spriteSourceSize": "{37, 45}"}}, "metadata": {"size": "{128, 128}", "format": 3}}