{"frames": {"taiko_left_hand_fr01.png": {"spriteColorRect": "{{69, 85}, {52, 42}}", "spriteSize": "{52, 42}", "textureRotated": false, "spriteOffset": "{23, -34}", "textureRect": "{{202, 1}, {52, 42}}", "spriteTrimmed": true, "aliases": [], "spriteSourceSize": "{144, 144}"}, "taiko_drum.png": {"spriteColorRect": "{{1, 2}, {104, 110}}", "spriteSize": "{104, 110}", "textureRotated": false, "spriteOffset": "{-19, 15}", "textureRect": "{{1, 1}, {104, 110}}", "spriteTrimmed": true, "aliases": [], "spriteSourceSize": "{144, 144}"}, "taiko_left_hand_fr03.png": {"spriteColorRect": "{{60, 58}, {28, 64}}", "spriteSize": "{28, 64}", "textureRotated": false, "spriteOffset": "{2, -18}", "textureRect": "{{106, 1}, {28, 64}}", "spriteTrimmed": true, "aliases": [], "spriteSourceSize": "{144, 144}"}, "taiko_right_hand_fr02.png": {"spriteColorRect": "{{92, 67}, {48, 44}}", "spriteSize": "{48, 44}", "textureRotated": false, "spriteOffset": "{44, -17}", "textureRect": "{{106, 66}, {48, 44}}", "spriteTrimmed": true, "aliases": [], "spriteSourceSize": "{144, 144}"}, "taiko_right_hand_fr03.png": {"spriteColorRect": "{{82, 48}, {28, 62}}", "spriteSize": "{28, 62}", "textureRotated": false, "spriteOffset": "{24, -7}", "textureRect": "{{135, 1}, {28, 62}}", "spriteTrimmed": true, "aliases": [], "spriteSourceSize": "{144, 144}"}, "taiko_right_hand_fr01.png": {"spriteColorRect": "{{92, 75}, {50, 42}}", "spriteSize": "{50, 42}", "textureRotated": false, "spriteOffset": "{45, -24}", "textureRect": "{{202, 44}, {50, 42}}", "spriteTrimmed": true, "aliases": [], "spriteSourceSize": "{144, 144}"}, "taiko_left_hand_fr02.png": {"spriteColorRect": "{{69, 78}, {46, 44}}", "spriteSize": "{46, 44}", "textureRotated": false, "spriteOffset": "{20, -28}", "textureRect": "{{155, 64}, {46, 44}}", "spriteTrimmed": true, "aliases": [], "spriteSourceSize": "{144, 144}"}}, "metadata": {"size": "{256, 128}", "format": 3}}