{"frames": {"monument_hand_fr04.png": {"spriteColorRect": "{{19, 12}, {50, 46}}", "spriteSize": "{50, 46}", "textureRotated": false, "spriteOffset": "{-4, 37}", "textureRect": "{{92, 52}, {50, 46}}", "spriteTrimmed": true, "aliases": [], "spriteSourceSize": "{96, 144}"}, "monument_hand_fr02.png": {"spriteColorRect": "{{22, 11}, {54, 46}}", "spriteSize": "{54, 46}", "textureRotated": false, "spriteOffset": "{1, 38}", "textureRect": "{{146, 50}, {54, 46}}", "spriteTrimmed": true, "aliases": [], "spriteSourceSize": "{96, 144}"}, "monument_hand_fr01.png": {"spriteColorRect": "{{20, 12}, {54, 46}}", "spriteSize": "{54, 46}", "textureRotated": false, "spriteOffset": "{-1, 37}", "textureRect": "{{146, 2}, {54, 46}}", "spriteTrimmed": true, "aliases": [], "spriteSourceSize": "{96, 144}"}, "monument_hand_fr03.png": {"spriteColorRect": "{{20, 9}, {52, 48}}", "spriteSize": "{52, 48}", "textureRotated": false, "spriteOffset": "{-2, 39}", "textureRect": "{{92, 2}, {52, 48}}", "spriteTrimmed": true, "aliases": [], "spriteSourceSize": "{96, 144}"}, "monument_base.png": {"spriteColorRect": "{{4, 52}, {88, 92}}", "spriteSize": "{88, 130}", "textureRotated": false, "spriteOffset": "{0, -26}", "textureRect": "{{2, 2}, {88, 130}}", "spriteTrimmed": true, "aliases": [], "spriteSourceSize": "{96, 144}"}}, "metadata": {"size": "{256, 128}", "format": 3}}