{"frames": {"mechanical_egg_bottom.png": {"spriteColorRect": "{{0, 24}, {80, 76}}", "spriteSize": "{80, 76}", "textureRotated": false, "spriteOffset": "{0, -12}", "textureRect": "{{1, 1}, {80, 76}}", "spriteTrimmed": true, "aliases": [], "spriteSourceSize": "{80, 100}"}, "mechanical_egg_top.png": {"spriteColorRect": "{{2, 0}, {76, 74}}", "spriteSize": "{76, 74}", "textureRotated": false, "spriteOffset": "{0, 13}", "textureRect": "{{1, 78}, {76, 74}}", "spriteTrimmed": true, "aliases": [], "spriteSourceSize": "{80, 100}"}, "egg_bush.png": {"spriteColorRect": "{{0, 0}, {66, 87}}", "spriteSize": "{66, 87}", "textureRotated": false, "spriteOffset": "{0, -0}", "textureRect": "{{1, 153}, {66, 87}}", "spriteTrimmed": true, "aliases": [], "spriteSourceSize": "{66, 87}"}, "egg_lamp.png": {"spriteColorRect": "{{0, 0}, {43, 94}}", "spriteSize": "{43, 94}", "textureRotated": false, "spriteOffset": "{0, -0}", "textureRect": "{{82, 1}, {43, 94}}", "spriteTrimmed": true, "aliases": [], "spriteSourceSize": "{43, 94}"}}, "metadata": {"size": "{128, 256}", "format": 3}}