{"frames": {
			"heartFountain_fr02.png": {
				"spriteColorRect": "{{15, 12}, {61, 42}}", "spriteSize": "{61, 42}", "textureRotated": false, "spriteOffset": "{-1, 42}", "textureRect": "{{65, 152}, {61, 42}}", 
				"spriteTrimmed": true, "aliases": [], "spriteSourceSize": "{93, 150}"
				}, 
			"heartFountain_base.png": {
				"spriteColorRect": "{{0, 0}, {93, 150}}", "spriteSize": "{93, 150}", "textureRotated": false, "spriteOffset": "{0, -0}", "textureRect": "{{1, 1}, {93, 150}}", 
				"spriteTrimmed": true, "aliases": [], "spriteSourceSize": "{93, 150}"
				}, 
			"heartFountain_fr01.png": {
				"spriteColorRect": "{{14, 12}, {59, 46}}", "spriteSize": "{59, 46}", "textureRotated": false, "spriteOffset": "{-3, 40}", "textureRect": "{{65, 195}, {59, 46}}", 
				"spriteTrimmed": true, "aliases": [], "spriteSourceSize": "{93, 150}"
				}, 
			"heartFountain_fr04.png": {
				"spriteColorRect": "{{15, 12}, {63, 46}}", "spriteSize": "{63, 46}", "textureRotated": false, "spriteOffset": "{0, 40}", "textureRect": "{{1, 199}, {63, 46}}", 
				"spriteTrimmed": true, "aliases": [], "spriteSourceSize": "{93, 150}"
				}, 
			"heartFountain_fr03.png": {
				"spriteColorRect": "{{14, 11}, {63, 46}}", "spriteSize": "{63, 46}", "textureRotated": false, "spriteOffset": "{-1, 41}", "textureRect": "{{1, 152}, {63, 46}}", 
				"spriteTrimmed": true, "aliases": [], "spriteSourceSize": "{93, 150}"
				}
			}
			, "metadata": 
					{"size": "{128, 256}", "format": 3}
}