{"frames": {"egg_sm_purple.png": {"spriteColorRect": "{{0, 0}, {21, 19}}", "spriteSize": "{21, 19}", "textureRotated": false, "spriteOffset": "{0, -0}", "textureRect": "{{1, 21}, {21, 19}}", "spriteTrimmed": true, "aliases": [], "spriteSourceSize": "{21, 19}"}, "egg_sm_green.png": {"spriteColorRect": "{{0, 0}, {21, 19}}", "spriteSize": "{21, 19}", "textureRotated": false, "spriteOffset": "{0, -0}", "textureRect": "{{23, 21}, {21, 19}}", "spriteTrimmed": true, "aliases": [], "spriteSourceSize": "{21, 19}"}, "egg_sm_white.png": {"spriteColorRect": "{{0, 0}, {21, 19}}", "spriteSize": "{21, 19}", "textureRotated": false, "spriteOffset": "{0, -0}", "textureRect": "{{1, 41}, {21, 19}}", "spriteTrimmed": true, "aliases": [], "spriteSourceSize": "{21, 19}"}, "egg_sm_blue.png": {"spriteColorRect": "{{0, 0}, {22, 19}}", "spriteSize": "{22, 19}", "textureRotated": false, "spriteOffset": "{0, -0}", "textureRect": "{{24, 1}, {22, 19}}", "spriteTrimmed": true, "aliases": [], "spriteSourceSize": "{22, 19}"}, "egg_sm_pink.png": {"spriteColorRect": "{{0, 0}, {22, 19}}", "spriteSize": "{22, 19}", "textureRotated": false, "spriteOffset": "{0, -0}", "textureRect": "{{1, 1}, {22, 19}}", "spriteTrimmed": true, "aliases": [], "spriteSourceSize": "{22, 19}"}}, "metadata": {"size": "{64, 64}", "format": 3}}