{"frames": {"sand_dollar.png": {"spriteColorRect": "{{0, 0}, {30, 16}}", "spriteSize": "{30, 16}", "textureRotated": false, "spriteOffset": "{0, -0}", "textureRect": "{{27, 106}, {30, 16}}", "spriteTrimmed": true, "aliases": [], "spriteSourceSize": "{30, 16}"}, "shell_trumpet.png": {"spriteColorRect": "{{0, 0}, {26, 26}}", "spriteSize": "{26, 26}", "textureRotated": false, "spriteOffset": "{0, -0}", "textureRect": "{{78, 91}, {26, 26}}", "spriteTrimmed": true, "aliases": [], "spriteSourceSize": "{26, 26}"}, "surfboard_blue.png": {"spriteColorRect": "{{0, 0}, {35, 100}}", "spriteSize": "{35, 100}", "textureRotated": false, "spriteOffset": "{0, -0}", "textureRect": "{{42, 1}, {35, 100}}", "spriteTrimmed": true, "aliases": [], "spriteSourceSize": "{35, 100}"}, "shell_scallop.png": {"spriteColorRect": "{{0, 0}, {25, 18}}", "spriteSize": "{25, 18}", "textureRotated": false, "spriteOffset": "{0, -0}", "textureRect": "{{1, 106}, {25, 18}}", "spriteTrimmed": true, "aliases": [], "spriteSourceSize": "{25, 18}"}, "tiki_head_lg.png": {"spriteColorRect": "{{0, 0}, {47, 89}}", "spriteSize": "{47, 89}", "textureRotated": false, "spriteOffset": "{0, -0}", "textureRect": "{{78, 1}, {47, 89}}", "spriteTrimmed": true, "aliases": [], "spriteSourceSize": "{47, 89}"}, "surfboard_red.png": {"spriteColorRect": "{{0, 0}, {40, 104}}", "spriteSize": "{40, 104}", "textureRotated": false, "spriteOffset": "{0, -0}", "textureRect": "{{1, 1}, {40, 104}}", "spriteTrimmed": true, "aliases": [], "spriteSourceSize": "{40, 104}"}}, "metadata": {"size": "{128, 128}", "format": 3}}