{"frames": {"ice_cream_truck_drip.png": {"spriteColorRect": "{{0, 0}, {10, 14}}", "spriteSize": "{10, 14}", "textureRotated": false, "spriteOffset": "{-14,0}", "textureRect": "{{148, 2}, {10, 14}}", "spriteTrimmed": true, "aliases": [], "spriteSourceSize": "{10, 14}"}, "ice_cream_truck.png": {"spriteColorRect": "{{0, 0}, {144, 195}}", "spriteSize": "{144, 195}", "textureRotated": false, "spriteOffset": "{0, -0}", "textureRect": "{{2, 2}, {144, 195}}", "spriteTrimmed": true, "aliases": [], "spriteSourceSize": "{144, 195}"}}, "metadata": {"size": "{256, 256}", "format": 3}}