{"frames": {"seti_dish.png": {"spriteColorRect": "{{12, 4}, {100, 112}}", "spriteSize": "{100, 112}", "textureRotated": false, "spriteOffset": "{2, -0}", "textureRect": "{{2, 2}, {100, 112}}", "spriteTrimmed": true, "aliases": [], "spriteSourceSize": "{120, 120}"}, "seti_twinkle.png": {"spriteColorRect": "{{0, 102}, {18, 18}}", "spriteSize": "{18, 18}", "textureRotated": false, "spriteOffset": "{-51, -51}", "textureRect": "{{104, 2}, {18, 18}}", "spriteTrimmed": true, "aliases": [], "spriteSourceSize": "{120, 120}"}}, "metadata": {"size": "{128, 128}", "format": 3}}