{"frames": {"easter_basket.png": {"spriteColorRect": "{{0, 0}, {77, 91}}", "spriteSize": "{77, 91}", "textureRotated": false, "spriteOffset": "{0, -0}", "textureRect": "{{1, 1}, {77, 91}}", "spriteTrimmed": true, "aliases": [], "spriteSourceSize": "{77, 91}"}, "peep_sm_yellow.png": {"spriteColorRect": "{{0, 0}, {38, 42}}", "spriteSize": "{38, 42}", "textureRotated": false, "spriteOffset": "{0, -0}", "textureRect": "{{79, 45}, {38, 42}}", "spriteTrimmed": true, "aliases": [], "spriteSourceSize": "{38, 42}"}, "peep_sm_pink.png": {"spriteColorRect": "{{0, 0}, {41, 43}}", "spriteSize": "{41, 43}", "textureRotated": false, "spriteOffset": "{0, -0}", "textureRect": "{{79, 1}, {41, 43}}", "spriteTrimmed": true, "aliases": [], "spriteSourceSize": "{41, 43}"}}, "metadata": {"size": "{128, 128}", "format": 3}}