{"frames": {"ice_cream_cone_vanilla.png": {"spriteColorRect": "{{0, 0}, {38, 60}}", "spriteSize": "{38, 60}", "textureRotated": false, "spriteOffset": "{0, -0}", "textureRect": "{{2, 2}, {38, 60}}", "spriteTrimmed": true, "aliases": [], "spriteSourceSize": "{38, 60}"}, "ice_cream_cone_strawberry.png": {"spriteColorRect": "{{0, 0}, {38, 60}}", "spriteSize": "{38, 60}", "textureRotated": false, "spriteOffset": "{0, -0}", "textureRect": "{{2, 64}, {38, 60}}", "spriteTrimmed": true, "aliases": [], "spriteSourceSize": "{38, 60}"}, "ice_cream_cone_chocolate.png": {"spriteColorRect": "{{0, 0}, {38, 60}}", "spriteSize": "{38, 60}", "textureRotated": false, "spriteOffset": "{0, -0}", "textureRect": "{{42, 2}, {38, 60}}", "spriteTrimmed": true, "aliases": [], "spriteSourceSize": "{38, 60}"}}, "metadata": {"size": "{128, 128}", "format": 3}}