{"frames": {"rock_lobster.png": {"spriteColorRect": "{{0, 0}, {68, 107}}", "spriteSize": "{68, 107}", "textureRotated": false, "spriteOffset": "{0, -0}", "textureRect": "{{1, 131}, {68, 107}}", "spriteTrimmed": true, "aliases": [], "spriteSourceSize": "{68, 107}"}, "cooler_sm.png": {"spriteColorRect": "{{0, 0}, {50, 55}}", "spriteSize": "{50, 55}", "textureRotated": false, "spriteOffset": "{0, -0}", "textureRect": "{{136, 69}, {50, 55}}", "spriteTrimmed": true, "aliases": [], "spriteSourceSize": "{50, 55}"}, "tiki_head_sm.png": {"spriteColorRect": "{{0, 0}, {34, 51}}", "spriteSize": "{34, 51}", "textureRotated": false, "spriteOffset": "{0, -0}", "textureRect": "{{187, 69}, {34, 51}}", "spriteTrimmed": true, "aliases": [], "spriteSourceSize": "{34, 51}"}, "umbrella_orange.png": {"spriteColorRect": "{{0, 0}, {81, 67}}", "spriteSize": "{81, 67}", "textureRotated": false, "spriteOffset": "{0, -0}", "textureRect": "{{74, 1}, {81, 67}}", "spriteTrimmed": true, "aliases": [], "spriteSourceSize": "{81, 67}"}, "sandcastle.png": {"spriteColorRect": "{{0, 0}, {104, 102}}", "spriteSize": "{104, 102}", "textureRotated": false, "spriteOffset": "{0, -0}", "textureRect": "{{70, 131}, {104, 102}}", "spriteTrimmed": true, "aliases": [], "spriteSourceSize": "{104, 102}"}, "lifeguard_chair.png": {"spriteColorRect": "{{0, 0}, {72, 129}}", "spriteSize": "{72, 129}", "textureRotated": false, "spriteOffset": "{0, -0}", "textureRect": "{{1, 1}, {72, 129}}", "spriteTrimmed": true, "aliases": [], "spriteSourceSize": "{72, 129}"}, "cooler_lg.png": {"spriteColorRect": "{{0, 0}, {61, 58}}", "spriteSize": "{61, 58}", "textureRotated": false, "spriteOffset": "{0, -0}", "textureRect": "{{74, 69}, {61, 58}}", "spriteTrimmed": true, "aliases": [], "spriteSourceSize": "{61, 58}"}, "umbrella_yellow.png": {"spriteColorRect": "{{0, 0}, {79, 67}}", "spriteSize": "{79, 67}", "textureRotated": false, "spriteOffset": "{0, -0}", "textureRect": "{{175, 1}, {79, 67}}", "spriteTrimmed": true, "aliases": [], "spriteSourceSize": "{79, 67}"}}, "metadata": {"size": "{256, 256}", "format": 3}}