{
"soil_germinating_zombumpkin": {"name": "ZomBumpkin", "height": 128, "width": 192, "transformsTo": "soil_seedling_zombumpkin", "x": 0, "y": 128, "spriteSheet": "tex0004.png"}, "giantClamClosed": {"name": "Giant Clam", "tileHeight": 1, "tileWidth": 1, "pivotx": 0, "pivoty": 0, "rotations": 1, "movable": true, "frameName": "giant_clam_closed.png", "frameList": "tex1087.plist", "alternateTile": "giantClamOpen", "spriteSheet": "tex1087.png"}, "soil_seeded_zmurf": {"name": "Zmurf", "height": 128, "width": 192, "transformsTo": "soil_germinating_zmurf", "x": 0, "y": 0, "spriteSheet": "tex0004.png"}, "snow_occupied": {"base_GID": 6}, "soil_seedling_garden_zombie": {"name": "Garden Zombie", "height": 128, "width": 192, "transformsTo": "soil_harvestable_garden_zombie", "x": 0, "y": 0, "spriteSheet": "tex0005.png"}, "concrete_occupied": {"base_GID": 8}, "iceCreamConeVanilla": {"name": "Vanilla Cone", "tileHeight": 1, "tileWidth": 1, "pivotx": -0.16, "pivoty": 0, "rotations": 1, "movable": true, "frameName": "ice_cream_cone_vanilla.png", "frameList": "tex1093.plist", "spriteSheet": "tex1093.png"}, 
"pen_01": {"name": "Fence A", "tileHeight": 1, "tileWidth": 1, "pivotx": 0.13, "pivoty": 0.065, "rotations": 1, "movable": true, "height": 77, "width": 65, "y": 0, "x": 171, "spriteSheet": "tex1006.png"}, 
"crate": {"name": "Crate", "tileHeight": 1, "tileWidth": 1, "pivotx": 0.05, "pivoty": 0.25, "rotations": 1, "movable": true, "height": 64, "width": 64, "spriteSheet": "tex1020.png"}, 
"soil_harvestable_potatoes": {"name": "Potatoes", "height": 128, "width": 192, "canHarvest": true, "transformsTo": "soil_withered_plant", "x": 0, "y": 128, "spriteSheet": "tex0009.png"}, 
"soil_seeded_zombrute": {"name": "ZomBrute", "height": 128, "width": 192, "transformsTo": "soil_germinating_zombrute", "x": 0, "y": 0, "spriteSheet": "tex0004.png"}, 
"soil_seeded_zombumpkin": {"name": "ZomBumpkin", "height": 128, "width": 192, "transformsTo": "soil_germinating_zombumpkin", "x": 0, "y": 0, "spriteSheet": "tex0004.png"}, 
"soil_seedling_pumpking": {"name": "Pumpking", "height": 128, "width": 192, "transformsTo": "soil_harvestable_pumpking", "x": 0, "y": 128, "spriteSheet": "tex0033.png"}, 
"cameraNormal": {"name": "Zombie Camera", "tileHeight": 1, "tileWidth": 1, "pivotx": 0.3, "pivoty": 0.03, "rotations": 1, "movable": true, "height": 128, "width": 128, "undeletable": true, "spriteSheet": "tex1033.png"}, "scarecrowNormal": {"name": "Scarecrow", "tileHeight": 1, "tileWidth": 1, "pivotx": 0.43, "pivoty": 0.1, "rotations": 1, "movable": true, "height": 192, "width": 192, "spriteSheet": "tex1012.png"}, "hedge_02": {"name": "Hedge B", "tileHeight": 1, "tileWidth": 5, "pivotx": 0.65, "pivoty": 0.05, "rotations": 1, "movable": true, "height": 112, "width": 149, "usesSeparateRotateSprite": true, "spriteSheet": "tex1006.png"}, "iceCreamStand": {"name": "Ice Cream Stand", "tileHeight": 1, "tileWidth": 2, "pivotx": 0.43, "pivoty": 0, "rotations": 1, "movable": true, "frameName": "ice_cream_stand.png", "frameList": "tex1094.plist", "spriteSheet": "tex1094.png"}, "hedge_01": {"name": "Hedge A", "tileHeight": 5, "tileWidth": 1, "pivotx": 0.02, "pivoty": 0.05, "rotations": 1, "movable": true, "height": 112, "width": 149, "usesSeparateRotateSprite": true, "y": 112, "spriteSheet": "tex1006.png"}, 
"heartFountain": {"animationDictionaries": [{"animationSpeed": 0.3, "animationFrames": ["heartFountain_fr01.png", "heartFountain_fr02.png", "heartFountain_fr03.png", "heartFountain_fr04.png"], "animationSheet": "tex1076.png", "animationFrameList": "tex1076.plist"}], "name": "Heart Fountain", "tileHeight": 1, "tileWidth": 1, "pivotx": 0.2282, "pivoty": 0, "rotations": 1, "movable": true, "frameName": "heartFountain_base.png", "frameList": "tex1076.plist", "spriteSheet": "tex1076.png"}, 
"missingItem": {"name": "Missing Item", "tileHeight": 1, "tileWidth": 1, "pivotx": 0, "pivoty": 0, "movable": false, "height": 64, "width": 64, "spriteSheet": "missingItem.png"}, "soil_seeded_amazombie": {"name": "Amazombie", "height": 128, "width": 192, "transformsTo": "soil_germinating_amazombie", "x": 0, "y": 0, "spriteSheet": "tex0004.png"}, "soil_harvestable_garden_zombie": {"name": "Garden Zombie", "height": 128, "width": 192, "canHarvest": true, "transformsTo": "soil_withered_zombie", "x": 0, "y": 128, "spriteSheet": "tex0005.png"}, "storage08": {"name": "Old McDonnell's Barn", "tileHeight": 3, "tileWidth": 3, "rotations": 1, "movable": true, "toolTip": "Storage building with 64 slots", "height": 256, "width": 256, "undeletable": true, "spriteSheet": "tex1071.png"}, "soil_harvestable_onions": {"name": "Onions", "height": 256, "width": 192, "canHarvest": true, "y": 0, "x": 0, "spriteSheet": "tex0012.png"}, "soil_seedling_celery": {"name": "Celery", "height": 128, "width": 192, "transformsTo": "soil_harvestable_celery", "x": 0, "y": 0, "spriteSheet": "tex0007.png"}, "soil_germinating_amazombie": {"name": "Amazombie", "height": 128, "width": 192, "transformsTo": "soil_seedling_amazombie", "x": 0, "y": 128, "spriteSheet": "tex0004.png"}, "tikiTorch": {"animationDictionaries": [{"animationSpeed": 0.3, "animationFrames": ["tiki_torch_flame_fr01.png", "tiki_torch_flame_fr02.png", "tiki_torch_flame_fr03.png", "tiki_torch_flame_fr04.png"], "animationSheet": "tex1087.png", "animationFrameList": "tex1087.plist"}], "name": "Tiki Torch", "tileHeight": 1, "tileWidth": 1, "pivotx": -0.8, "pivoty": -0.1, "rotations": 1, "movable": true, "frameName": "tiki_torch.png", "frameList": "tex1087.plist", "spriteSheet": "tex1087.png"}, "soil_withered_zombie": {"name": "Withered Zombie", "height": 128, "width": 192, "y": 128, "x": 0, "plowable": true, "spriteSheet": "tex0001.png"}, "storage02": {"name": "Fine Shed", "tileHeight": 3, "tileWidth": 3, "pivotx": 0.39, "pivoty": 0, "rotations": 1, "movable": true, "toolTip": "Storage building with 16 slots", "height": 256, "width": 256, "undeletable": true, "spriteSheet": "tex1038.png"}, "storage03": {"name": "Wood Hut", "tileHeight": 3, "tileWidth": 3, "pivotx": 0.39, "pivoty": 0, "rotations": 1, "movable": true, "toolTip": "Storage building with 24 slots", "height": 256, "width": 256, "undeletable": true, "spriteSheet": "tex1039.png"}, "storage01": {"name": "Shabby Shed", "tileHeight": 3, "tileWidth": 3, "pivotx": 0.39, "pivoty": 0, "rotations": 1, "movable": true, "toolTip": "Storage building with 8 slots", "height": 256, "width": 256, "undeletable": true, "spriteSheet": "tex1037.png"}, "storage06": {"name": "Monster Shack", "tileHeight": 3, "tileWidth": 3, "rotations": 1, "movable": true, "toolTip": "Storage building with 48 slots", "height": 256, "width": 256, "undeletable": true, "spriteSheet": "tex1042.png"}, "soil_harvestable_coffee": {"name": "Coffee", "height": 128, "width": 192, "canHarvest": true, "transformsTo": "soil_withered_plant", "x": 0, "y": 0, "spriteSheet": "tex0010.png"}, "storage04": {"name": "Bone Hut", "tileHeight": 3, "tileWidth": 3, "pivotx": 0.39, "pivoty": 0, "rotations": 1, "movable": true, "toolTip": "Storage building with 32 slots", "height": 256, "width": 256, "undeletable": true, "spriteSheet": "tex1040.png"}, "soil_seedling_lima_beans": {"name": "Lima Beans", "height": 128, "width": 192, "transformsTo": "soil_harvestable_lima_beans", "x": 0, "y": 0, "spriteSheet": "tex0006.png"}, "soil_seedling_zombie": {"name": "Zombie", "height": 128, "width": 192, "transformsTo": "soil_harvestable_zombie", "x": 0, "y": 0, "spriteSheet": "tex0005.png"}, "fenceGate_01_open": {"isGate": true, "name": "Fence Gate A open", "tileHeight": 5, "tileWidth": 1, "pivotx": -0.102, "pivoty": 0.05, "rotations": 1, "movable": true, "height": 114, "width": 148, "y": 141, "x": 1, "spriteSheet": "tex1047.png"}, "bike": {"name": "Bike", "tileHeight": 1, "tileWidth": 3, "pivotx": 0.36, "pivoty": 0, "rotations": 1, "movable": true, "height": 99, "width": 101, "y": 1, "x": 154, "spriteSheet": "tex1068.png"}, "soil_zombiePatch": {"name": "Zombie Patch", "objects_GID": true, "movable": true, "height": 128, "width": 192, "y": 0, "x": 0, "spriteSheet": "tex0016.png"}, "soil_harvestable_corn": {"name": "Corn", "height": 256, "width": 192, "canHarvest": true, "transformsTo": "soil_withered_plant", "x": 0, "y": 0, "spriteSheet": "tex0021.png"}, "soil_seedling_kindlehead": {"name": "Kindlehead", "height": 128, "width": 192, "transformsTo": "soil_harvestable_kindlehead", "x": 0, "y": 0, "spriteSheet": "tex0005.png"}, "soil_seedling_mini_zombie": {"name": "Mini Zombie", "height": 128, "width": 192, "transformsTo": "soil_harvestable_mini_zombie", "x": 0, "y": 0, "spriteSheet": "tex0005.png"}, "haystack": {"name": "Haystack", "tileHeight": 4, "tileWidth": 4, "pivotx": 0.34, "pivoty": 0.08, "rotations": 1, "movable": true, "height": 192, "width": 192, "spriteSheet": "tex1016.png"}, "soil_withered_plant": {"name": "Withered plant", "height": 128, "width": 192, "y": 0, "x": 0, "plowable": true, "spriteSheet": "tex0001.png"}, "gravestoneBlue": {"name": "Blue Grave", "tileHeight": 2, "tileWidth": 2, "pivotx": 0.18, "pivoty": -0.08, "rotations": 1, "movable": true, "toolTip": "Allows you to plant Blue Zombies", "height": 104, "width": 73, "y": 78, "x": 165, "undeletable": true, "spriteSheet": "tex1006.png"}, "soil_seedling_zombumpkin": {"name": "ZomBumpkin", "height": 128, "width": 192, "transformsTo": "soil_harvestable_zombumpkin", "x": 0, "y": 0, "spriteSheet": "tex0005.png"}, "smallCactus": {"name": "Small Cactus", "tileHeight": 1, "tileWidth": 1, "pivotx": 0.2, "pivoty": 0.04, "rotations": 1, "movable": true, "height": 90, "width": 78, "y": 166, "spriteSheet": "tex1026.png", "luck": 4}, "boulder": {"name": "Boulder", "tileHeight": 3, "tileWidth": 3, "pivotx": 0.32, "rotations": 1, "movable": true, "height": 128, "width": 128, "spriteSheet": "tex1027.png"}, "roadIntersection": {"name": "Road Intersection", "tileHeight": 2, "tileWidth": 2, "pivotx": 0.3, "pivoty": 0.12, "movable": true, "height": 64, "width": 128, "noTooltip": true, "y": 64, "x": 0, "spriteSheet": "tex1035.png"}, "soil_germinating_zombeauty": {"name": "ZomBeauty", "height": 128, "width": 192, "transformsTo": "soil_seedling_zombeauty", "x": 0, "y": 128, "spriteSheet": "tex0004.png"}, "peepYellow": {"name": "Peep", "tileHeight": 1, "tileWidth": 1, "pivotx": -0.13, "pivoty": -0.095, "rotations": 1, "movable": true, "frameName": "peep_sm_yellow.png", "frameList": "tex1090.plist", "spriteSheet": "tex1090.png"}, "soil_seeded_potatoes": {"name": "Potatoes", "height": 128, "width": 192, "transformsTo": "soil_seedling_potatoes", "x": 0, "y": 128, "spriteSheet": "tex0003.png"}, "rockBunny": {"name": "Bunny Rock", "tileHeight": 2, "tileWidth": 2, "pivotx": 0.25, "pivoty": -0.08, "rotations": 1, "movable": true, "height": 77, "width": 92, "spriteSheet": "rock_bunny.png"}, "easterEggGreen": {"name": "Green Easter Egg", "tileHeight": 1, "tileWidth": 1, "pivotx": -0.65, "pivoty": -0.15, "rotations": 1, "movable": true, "frameName": "egg_sm_green.png", "frameList": "tex1088.plist", "spriteSheet": "tex1088.png"}, "flowerBed": {"name": "Flower Bed", "tileHeight": 2, "tileWidth": 1, "pivotx": 0, "pivoty": 0, "rotations": 1, "movable": true, "height": 53, "width": 68, "y": 172, "x": 1, "spriteSheet": "tex1053.png"}, "soil_harvestable_carrots": {"name": "Carrots", "height": 128, "width": 192, "canHarvest": true, "transformsTo": "soil_withered_plant", "x": 0, "y": 0, "spriteSheet": "tex0008.png"}, "carecrowNormal": {"name": "Carecrow", "tileHeight": 1, "tileWidth": 1, "pivotx": 0.43, "pivoty": 0.1, "rotations": 1, "movable": true, "height": 192, "width": 192, "spriteSheet": "tex1011.png"}, "pumpkinMan": {"name": "Pumpkin Man", "tileHeight": 2, "tileWidth": 2, "pivotx": 0.4, "pivoty": 0.1, "rotations": 1, "movable": true, "height": 256, "width": 256, "spriteSheet": "tex1061.png"}, "cottonCandyTree": {"name": "Cotton Candy Tree", "tileHeight": 1, "tileWidth": 1, "pivoty": 0.03, "rotations": 1, "movable": true, "height": 192, "width": 192, "spriteSheet": "tex1001.png", "luck": 3}, "rubberTree": {"name": "Rubber Tree", "tileHeight": 1, "tileWidth": 1, "pivoty": 0.06, "rotations": 1, "movable": true, "height": 192, "width": 192, "spriteSheet": "tex1004.png", "luck": 3}, "soil_harvestable_celery": {"name": "Celery", "height": 128, "width": 192, "canHarvest": true, "transformsTo": "soil_withered_plant", "x": 0, "y": 0, "spriteSheet": "tex0009.png"}, "redGift": {"name": "Red Gift Box", "tileHeight": 1, "tileWidth": 1, "pivotx": 0, "pivoty": 0, "rotations": 1, "movable": true, "height": 56, "width": 46, "y": 58.0, "x": 146.0, "spriteSheet": "tex1074.png"}, "telephonePole": {"name": "Telephone Pole", "tileHeight": 1, "tileWidth": 1, "pivotx": 0.25, "pivoty": 0, "rotations": 1, "movable": true, "height": 256, "width": 96, "x": 0, "spriteSheet": "tex1029.png"}, "mausoleum1": {"name": "Mausoleum", "tileHeight": 4, "tileWidth": 4, "pivotx": 0.39, "pivoty": 0, "rotations": 1, "movable": true, "toolTip": "The key is lost... Where could it be?", "height": 256, "width": 256, "toolTipAlt": "Click on the info button to enter the Mausoleum", "spriteSheet": "tex1036.png", "undeletable": true, "mausoleum": true}, "mausoleum2": {"name": "Mausoleum 2", "tileHeight": 4, "tileWidth": 4, "pivotx": 0.39, "pivoty": 0, "rotations": 1, "movable": true, "toolTip": "The key is lost... Where could it be?", "height": 256, "width": 256, "toolTipAlt": "Click on the info button to enter the Mausoleum", "spriteSheet": "tex1054.png", "undeletable": true, "mausoleum": true}, "mausoleum3": {"name": "Mausoleum 3", "tileHeight": 4, "tileWidth": 4, "pivotx": 0.39, "pivoty": 0, "rotations": 1, "movable": true, "toolTip": "The key is lost... Where could it be?", "height": 256, "width": 256, "effects": [{"offsetX": 30, "name": "pedestalFire.plist", "offsetY": "60"}, {"offsetX": 97, "name": "pedestalFire.plist", "offsetY": "95"}], "toolTipAlt": "Click on the info button to enter the Mausoleum", "spriteSheet": "tex1065.png", "undeletable": true, "mausoleum": true}, "gravestoneRound": {"name": "Gravestone", "tileHeight": 2, "tileWidth": 2, "pivotx": 0.18, "pivoty": -0.08, "rotations": 1, "movable": true, "height": 72, "width": 71, "y": 77, "x": 1, "spriteSheet": "tex1053.png"}, "soil_seeded_turnips": {"name": "Turnips", "height": 128, "width": 192, "transformsTo": "soil_seedling_turnips", "x": 0, "y": 128, "spriteSheet": "tex0003.png"}, "soil_seedling_sun_glower": {"name": "Sun Glower", "height": 128, "width": 192, "transformsTo": "soil_harvestable_sun_glower", "x": 0, "y": 128, "spriteSheet": "tex0031.png"}, "cemeteryFence_01": {"name": "Iron Fence A", "tileHeight": 1, "tileWidth": 1, "pivotx": 0.11, "pivoty": 0.065, "rotations": 1, "movable": true, "height": 106, "width": 64, "spriteSheet": "tex1019.png"}, "parrot": {"animationDictionaries": [{"frameBehind": true, "animationFrames": ["parrot_fr01.png", "parrot_fr02.png", "playSound", "parrot_fr03.png", "parrot_fr04.png", "parrot_fr03.png", "parrot_fr02.png", "parrot_fr01.png"], "animationFrameList": "tex1079.plist", "soundID": "parrot.wav", "animationSpeed": 0.5, "onClick": true, "animationSheet": "tex1079.png", "animationDelay": 0}], "name": "Parrot", "tileHeight": 1, "tileWidth": 1, "pivotx": 0.28, "pivoty": -0.05, "rotations": 1, "movable": true, "frameName": "parrot_hook.png", "frameList": "tex1079.plist", "spriteSheet": "tex1079.png"}, "gallows": {"name": "Gallows", "tileHeight": 3, "tileWidth": 2, "pivotx": 0.21, "pivoty": 0, "rotations": 1, "movable": true, "height": 157, "width": 114, "y": 98, "x": 73, "spriteSheet": "tex1053.png"}, "soil_seedling_spineapple": {"name": "Spineapple", "height": 128, "width": 192, "transformsTo": "soil_harvestable_spineapple", "x": 0, "y": 128, "spriteSheet": "tex0016.png"}, "monolithSpeed": {"name": "Speed Monolith", "tileHeight": 2, "tileWidth": 2, "pivotx": 0.3, "pivoty": -0.06, "rotations": 1, "movable": true, "toolTip": "+1000% to farmer's speed when performing actions", "height": 128, "width": 128, "undeletable": true, "spriteSheet": "tex1009.png"}, "roadBend_04": {"name": "Road Bend A", "tileHeight": 2, "tileWidth": 2, "pivotx": 0.22, "pivoty": 0.12, "rotations": 3, "movable": true, "height": 64, "width": 128, "noTooltip": true, "y": 0, "x": 0, "spriteSheet": "tex1034.png"}, "soil_blighted": {"name": "Blighted Land", "height": 128, "width": 192, "y": 0, "x": 0, "plowable": true, "spriteSheet": "tex0002.png"}, "roadBend_01": {"name": "Road Bend C", "tileHeight": 2, "tileWidth": 2, "pivotx": 0.3, "pivoty": 0.17, "rotations": 3, "movable": true, "height": 61, "width": 128, "noTooltip": true, "y": 0, "x": 0, "spriteSheet": "tex1035.png"}, "soil_harvestable_candy_corn": {"name": "Candy Corn", "height": 202, "width": 192, "canHarvest": true, "transformsTo": "soil_withered_plant", "x": 0, "y": 54, "spriteSheet": "tex0026.png"}, "roadBend_03": {"name": "Road Bend D", "tileHeight": 2, "flipY": false, "tileWidth": 2, "pivotx": 0.31, "pivoty": 0.06, "rotations": 3, "movable": true, "height": 61, "width": 128, "noTooltip": true, "y": 0, "x": 0, "spriteSheet": "tex1035.png"}, "rocks": {"name": "Rocks", "tileHeight": 1, "tileWidth": 1, "pivotx": 0.15, "pivoty": 0.25, "rotations": 1, "movable": true, "height": 64, "width": 64, "spriteSheet": "tex1023.png", "luck": 0}, "zombieCombiner_done": {"name": "Zombie Pot", "tileHeight": 3, "tileWidth": 3, "pivotx": 0.39, "pivoty": 0, "movable": true, "height": 256, "width": 256, "y": 0, "x": 0, "spriteSheet": "tex1045.png"}, "sand": {"base_GID": 3}, "hazardFence": {"name": "Hazard Fence", "tileHeight": 1, "tileWidth": 1, "pivotx": 0.32, "pivoty": 0.1, "rotations": 1, "movable": true, "height": 128, "width": 128, "spriteSheet": "tex1063.png"}, "fenceGate_01_closed": {"isGate": true, "name": "Fence Gate A closed", "tileHeight": 5, "tileWidth": 1, "pivotx": -0.133, "pivoty": -0.08, "rotations": 1, "movable": true, "height": 100, "width": 113, "y": 40, "x": 1, "spriteSheet": "tex1047.png"}, "soil_harvestable_zmurf": {"name": "Zmurf", "height": 128, "width": 192, "canHarvest": true, "transformsTo": "soil_withered_zombie", "x": 0, "y": 128, "spriteSheet": "tex0005.png"}, "leafPile": {"name": "Leaf Pile", "tileHeight": 1, "tileWidth": 1, "pivotx": 0.15, "pivoty": 0.25, "rotations": 1, "movable": true, "height": 64, "width": 64, "spriteSheet": "tex1022.png", "luck": 0}, "monolithZombie": {"name": "Zombie Monolith", "tileHeight": 2, "tileWidth": 2, "pivotx": 0.3, "pivoty": -0.06, "rotations": 1, "movable": true, "toolTip": "Prevents lifeless zombies when harvesting", "height": 128, "width": 128, "undeletable": true, "spriteSheet": "tex1009.png"}, "soil_seeded_skellyberry": {"name": "Skellyberry", "height": 128, "width": 192, "transformsTo": "soil_seedling_skellyberry", "x": 0, "y": 128, "spriteSheet": "tex0003.png"}, "cobblestoneRoadBend_01": {"name": "Cobblestone Road Bend", "tileHeight": 2, "tileWidth": 2, "pivotx": 0.31, "pivoty": 0.14, "rotations": 3, "movable": true, "height": 50, "width": 122, "noTooltip": true, "y": 1, "x": 1, "spriteSheet": "tex1050.png"}, "soil_seedling_sampaguita": {"name": "Sampaguita", "height": 128, "width": 192, "transformsTo": "soil_harvestable_sampaguita", "x": 0, "y": 0, "spriteSheet": "tex0006.png"}, "bonfire": {"nightParticles": true, "tileHeight": 1, "tileWidth": 1, "pivotx": 0, "pivoty": 0, "movable": true, "height": 29, "width": 51, "effects": [{"visibleAtNight": true, "offsetX": 26, "name": "bonfireCore.plist", "offsetY": "15"}, {"offsetX": 26, "name": "bonfireSmoke.plist", "offsetY": "15"}], "y": 226, "x": 1, "spriteSheet": "tex1053.png", "name": "Bonfire"}, "iceCreamConeChocolate": {"name": "Chocolate Cone", "tileHeight": 1, "tileWidth": 1, "pivotx": -0.16, "pivoty": 0, "rotations": 1, "movable": true, "frameName": "ice_cream_cone_chocolate.png", "frameList": "tex1093.plist", "spriteSheet": "tex1093.png"}, "cupidTopiary": {"name": "Cupid Topiary", "tileHeight": 1, "tileWidth": 1, "pivotx": 0.24, "pivoty": 0, "rotations": 1, "movable": true, "height": 126, "width": 113, "y": 129, "x": 142, "spriteSheet": "tex1077.png"}, "soil_seedling_coffee": {"name": "Coffee", "height": 128, "width": 192, "transformsTo": "soil_harvestable_coffee", "x": 0, "y": 0, "spriteSheet": "tex0006.png"}, "soil_seedling_headless_zombie": {"name": "Headless Zombie", "height": 128, "width": 192, "transformsTo": "soil_harvestable_headless_zombie", "x": 0, "y": 0, "spriteSheet": "tex0005.png"}, "soil_harvestable_amazombie": {"name": "Amazombie", "height": 128, "width": 192, "canHarvest": true, "transformsTo": "soil_withered_zombie", "x": 0, "y": 128, "spriteSheet": "tex0005.png"}, "oakTree": {"name": "Oak Tree", "tileHeight": 1, "tileWidth": 1, "pivoty": 0.05, "rotations": 1, "movable": true, "height": 192, "width": 192, "spriteSheet": "tex1003.png", "luck": 3}, "soil_barren": {"name": "Barren Land", "height": 128, "width": 192, "y": 128, "x": 0, "plowable": true, "spriteSheet": "tex0002.png"}, "dead": {"base_GID": 9}, "blueBox": {"name": "Blue Cube", "tileHeight": 1, "tileWidth": 1, "pivotx": 0, "pivoty": 0, "rotations": 1, "movable": true, "height": 48, "width": 48, "y": 1, "x": 1, "spriteSheet": "tex1066.png"}, "shellScallop": {"name": "Scallop Shell", "tileHeight": 1, "tileWidth": 1, "pivotx": -0.4, "pivoty": -0.15, "rotations": 1, "movable": true, "frameName": "shell_scallop.png", "frameList": "tex1086.plist", "spriteSheet": "tex1086.png"}, "soil_harvestable_turnips": {"name": "Turnips", "height": 128, "width": 192, "canHarvest": true, "transformsTo": "soil_withered_plant", "x": 0, "y": 128, "spriteSheet": "tex0008.png"}, "soil_seedling_garlic": {"name": "Garlic", "height": 128, "width": 192, "transformsTo": "soil_harvestable_garlic", "x": 0, "y": 128, "spriteSheet": "tex0006.png"}, "soil_seeded_sun_glower": {"name": "Sun Glower", "height": 128, "width": 192, "transformsTo": "soil_seedling_sun_glower", "x": 0, "y": 128, "spriteSheet": "tex0003.png"}, "soil_seedling_zomgoblin": {"name": "ZomGoblin", "height": 128, "width": 192, "transformsTo": "soil_harvestable_zomgoblin", "x": 0, "y": 0, "spriteSheet": "tex0005.png"}, "outhouseNormal": {"name": "Outhouse", "tileHeight": 3, "tileWidth": 3, "pivotx": 0.34, "pivoty": -0.06, "rotations": 1, "movable": true, "height": 157, "width": 140, "spriteSheet": "tex1000.png"}, "candle": {"name": "Candle", "tileHeight": 1, "tileWidth": 1, "pivotx": 0.3, "pivoty": 0.1, "rotations": 1, "movable": true, "height": 128, "width": 128, "spriteSheet": "tex1057.png"}, "snowHedge_01": {"name": "Snow Hedge", "tileHeight": 3, "tileWidth": 1, "pivotx": 0, "pivoty": 0, "rotations": 1, "movable": true, "height": 75, "width": 96, "y": 181, "x": 1, "spriteSheet": "tex1066.png"}, "soil_seeded_zomgoblin": {"name": "ZomGoblin", "height": 128, "width": 192, "transformsTo": "soil_germinating_zomgoblin", "x": 0, "y": 0, "spriteSheet": "tex0004.png"}, "dead_occupied": {"base_GID": 10}, "loveShack": {"name": "Love Shack", "tileHeight": 3, "tileWidth": 3, "pivotx": 0.385, "pivoty": -0.028, "rotations": 1, "movable": true, "height": 160, "width": 135, "effects": [{"offsetX": 65, "name": "loveShack.plist", "offsetY": "145"}], "y": 1, "x": 1, "spriteSheet": "tex1077.png"}, "soil_harvestable_cauliflower": {"name": "Cauliflower", "height": 128, "width": 192, "canHarvest": true, "transformsTo": "soil_withered_plant", "x": 0, "y": 0, "spriteSheet": "tex0015.png"}, "soil_seeded_zombotanist": {"name": "ZomBotanist", "height": 128, "width": 192, "transformsTo": "soil_germinating_zombotanist", "x": 0, "y": 0, "spriteSheet": "tex0004.png"}, "lifeguardChair": {"name": "Lifeguard Chair", "tileHeight": 2, "tileWidth": 2, "pivotx": 0.22, "pivoty": 0, "rotations": 1, "movable": true, "frameName": "lifeguard_chair.png", "frameList": "tex1085.plist", "spriteSheet": "tex1085.png"}, "soil_seeded_meat_flower": {"name": "Meat Flower", "height": 128, "width": 192, "transformsTo": "soil_seedling_meat_flower", "x": 0, "y": 128, "spriteSheet": "tex0003.png"}, "iceCreamConeStrawberry": {"name": "Strawberry Cone", "tileHeight": 1, "tileWidth": 1, "pivotx": -0.16, "pivoty": 0, "rotations": 1, "movable": true, "frameName": "ice_cream_cone_strawberry.png", "frameList": "tex1093.plist", "spriteSheet": "tex1093.png"}, "alienBanner": {"name": "Alien Banner", "tileHeight": 1, "tileWidth": 1, "pivotx": -0.3, "pivoty": 0.07, "rotations": 1, "movable": true, "height": 131, "width": 52, "y": 1, "x": 63, "spriteSheet": "tex1046.png", "luck": 20}, "soil_seeded_zombruiser": {"name": "ZomBruiser", "height": 128, "width": 192, "transformsTo": "soil_germinating_zombruiser", "x": 0, "y": 0, "spriteSheet": "tex0004.png"}, "picnicNormal": {"name": "Picnic Set", "tileHeight": 3, "tileWidth": 3, "pivotx": 0.32, "rotations": 1, "movable": true, "height": 128, "width": 128, "spriteSheet": "tex1007.png"}, "surfboardBlue": {"name": "Blue Surfboard", "tileHeight": 1, "tileWidth": 1, "pivotx": -0.15, "pivoty": -0.05, "rotations": 1, "movable": true, "frameName": "surfboard_blue.png", "frameList": "tex1086.plist", "spriteSheet": "tex1086.png"}, "soil_germinating_girl_zombie": {"name": "Girl Zombie", "height": 128, "width": 192, "transformsTo": "soil_seedling_girl_zombie", "x": 0, "y": 128, "spriteSheet": "tex0004.png"}, "soil_seeded_celery": {"name": "Celery", "height": 128, "width": 192, "transformsTo": "soil_seedling_celery", "x": 0, "y": 128, "spriteSheet": "tex0003.png"}, "xmasCandle": {"name": "Christmas Candle", "tileHeight": 1, "tileWidth": 1, "pivotx": 0, "pivoty": 0, "rotations": 1, "movable": true, "height": 57, "width": 49, "y": 183.0, "x": 2.0, "spriteSheet": "tex1073.png"}, "shamrocks": {"name": "Shamrocks", "tileHeight": 1, "tileWidth": 1, "pivotx": -0.25, "pivoty": -0.25, "rotations": 1, "movable": true, "height": 32, "width": 32, "spriteSheet": "tex1025.png", "luck": 0}, "soil_harvestable_bread_fruit": {"name": "Bread Fruit", "height": 128, "width": 192, "canHarvest": true, "transformsTo": "soil_withered_plant", "x": 0, "y": 0, "spriteSheet": "tex0014.png"}, "fountain": {"name": "Fountain", "tileHeight": 1, "tileWidth": 1, "pivotx": 0.2282, "pivoty": 0, "rotations": 1, "movable": true, "height": 137, "width": 92, "effects": [{"offsetX": 24, "name": "fountain.plist", "offsetY": "132"}, {"offsetX": 24, "name": "fountain2.plist", "offsetY": "132"}, {"offsetX": 24, "name": "fountain3.plist", "offsetY": "132"}], "y": 118, "x": 163, "spriteSheet": "tex1066.png"}, "soil_seedling_cauliflower": {"name": "Cauliflower", "height": 128, "width": 192, "transformsTo": "soil_harvestable_cauliflower", "x": 0, "y": 0, "spriteSheet": "tex0007.png"}, "soil_seedling_dragon_fruit": {"name": "Dragon Fruit", "height": 101, "width": 192, "transformsTo": "soil_harvestable_dragon_fruit", "x": 0, "y": 0, "spriteSheet": "tex0022.png"}, "soil_harvestable_pumpking": {"name": "Pumpking", "height": 156, "width": 192, "canHarvest": true, "transformsTo": "soil_withered_plant", "x": 0, "y": 100, "spriteSheet": "tex0034.png"}, "logCabin": {"name": "Log Cabin", "tileHeight": 4, "tileWidth": 4, "pivotx": 0.39, "pivoty": 0, "rotations": 1, "movable": true, "height": 256, "width": 256, "spriteSheet": "tex1069.png"}, "soil_seedling_holly_berry": {"name": "Holly Berry", "height": 128, "width": 192, "transformsTo": "soil_harvestable_holly_berry", "x": 0, "y": 0, "spriteSheet": "tex0035.png"}, "roadStraight": {"name": "Road", "tileHeight": 2, "tileWidth": 2, "pivotx": 0.31, "pivoty": 0.12, "rotations": 1, "movable": true, "height": 64, "width": 128, "noTooltip": true, "y": 64, "x": 0, "spriteSheet": "tex1034.png"}, "soil_seedling_bloodberry": {"name": "Bloodberry", "height": 128, "width": 192, "transformsTo": "soil_harvestable_bloodberry", "x": 0, "y": 128, "spriteSheet": "tex0029.png"}, "soil_harvestable_flower_zombie": {"name": "Flower Zombie", "height": 128, "width": 192, "canHarvest": true, "transformsTo": "soil_withered_zombie", "x": 0, "y": 128, "spriteSheet": "tex0005.png"}, "chocolateTile": {"name": "Chocolate Tile", "tileHeight": 1, "tileWidth": 1, "pivotx": 0, "pivoty": 0, "rotations": 0, "movable": true, "height": 33, "width": 48, "noTooltip": true, "y": 223, "x": 208, "spriteSheet": "tex1075.png"}, "tentNormal": {"name": "Tent", "tileHeight": 4, "tileWidth": 4, "rotations": 1, "movable": true, "height": 192, "width": 192, "spriteSheet": "tex1014.png"}, "soil_seedling_girl_zombie": {"name": "Girl Zombie", "height": 128, "width": 192, "transformsTo": "soil_harvestable_girl_zombie", "x": 0, "y": 0, "spriteSheet": "tex0005.png"}, "ninjaBanner": {"name": "Ninja Banner", "tileHeight": 1, "tileWidth": 1, "pivotx": -0.22, "rotations": 1, "movable": true, "height": 123, "width": 57, "y": 132, "x": 187, "spriteSheet": "tex1046.png", "luck": 20}, "soil_seeded_broccoli": {"name": "Broccoli", "height": 128, "width": 192, "transformsTo": "soil_seedling_broccoli", "x": 0, "y": 128, "spriteSheet": "tex0003.png"}, "iceCreamTruck": {"animationDictionaries": [{"anchorPoint": "{0.5,0.5}", "animationFrameName": "ice_cream_truck_drip.png", "animationFrameList": "tex1092.plist", "noFlip": true, "scaleSequence": "0.0:0.01_d:2.49_1.0:0.01_d:1.0", "moveToOffsets": "{102,112}:0.01_d:2.5_{102,115}:0.7_{102,129}:0.15_{102,179}:0.15", "animationSheet": "tex1092.png"}], "name": "Ice Cream Truck", "tileHeight": 4, "tileWidth": 3, "pivotx": 0.27, "pivoty": 0, "rotations": 1, "movable": true, "frameName": "ice_cream_truck.png", "frameList": "tex1092.plist", "spriteSheet": "tex1092.png"}, "monolithCombine": {"name": "Clay Monolith", "tileHeight": 2, "tileWidth": 2, "pivotx": 0.3, "pivoty": -0.06, "rotations": 1, "movable": true, "toolTip": "Zombie Pots combine in 15 minutes.", "height": 128, "width": 128, "undeletable": true, "spriteSheet": "tex1009.png"}, "soil_seedling_zombotanist": {"name": "ZomBotanist", "height": 128, "width": 192, "transformsTo": "soil_harvestable_zombotanist", "x": 0, "y": 0, "spriteSheet": "tex0005.png"}, "grass_occupied": {"base_GID": 2}, "soil_seedling_corpse_flower": {"name": "Corpse Flower", "height": 128, "width": 192, "transformsTo": "soil_harvestable_corpse_flower", "x": 0, "y": 128, "spriteSheet": "tex0023.png"}, "soil_seedling_flamehead": {"name": "Flamehead", "height": 128, "width": 192, "transformsTo": "soil_harvestable_flamehead", "x": 0, "y": 0, "spriteSheet": "tex0005.png"}, "soil_germinating_zombruiser": {"name": "ZomBruiser", "height": 128, "width": 192, "transformsTo": "soil_seedling_zombruiser", "x": 0, "y": 128, "spriteSheet": "tex0004.png"}, "sleigh": {"name": "Sleigh", "tileHeight": 4, "tileWidth": 2, "pivotx": 0.1, "pivoty": 0, "rotations": 1, "movable": true, "height": 121, "width": 142, "y": 2, "x": 2, "spriteSheet": "tex1074.png"}, "soil_germinating_flamehead": {"name": "Flamehead", "height": 128, "width": 192, "transformsTo": "soil_seedling_flamehead", "x": 0, "y": 128, "spriteSheet": "tex0004.png"}, "teddyBear": {"name": "Teddy Bear", "tileHeight": 1, "tileWidth": 1, "pivotx": 0, "pivoty": 0, "rotations": 1, "movable": true, "height": 48, "width": 42, "y": 183.0, "x": 53.0, "spriteSheet": "tex1073.png"}, "easterEggWhite": {"name": "Egg", "tileHeight": 1, "tileWidth": 1, "pivotx": -0.65, "pivoty": -0.15, "rotations": 1, "movable": true, "frameName": "egg_sm_white.png", "frameList": "tex1088.plist", "spriteSheet": "tex1088.png"}, "soil_harvestable_skellyberry": {"name": "Skellyberry", "height": 156, "width": 192, "canHarvest": true, "transformsTo": "soil_withered_plant", "x": 0, "y": 100, "spriteSheet": "tex0028.png"}, "soil_harvestable_zombruiser": {"name": "ZomBruiser", "height": 128, "width": 192, "canHarvest": true, "transformsTo": "soil_withered_zombie", "x": 0, "y": 128, "spriteSheet": "tex0005.png"}, "lollipop": {"name": "Giant Lollipop", "tileHeight": 1, "tileWidth": 1, "pivotx": 0.15, "pivoty": -0.05, "rotations": 1, "movable": true, "height": 128, "width": 64, "x": 64, "spriteSheet": "tex1017.png"}, "skullWithSnake": {"name": "Skull With Snake", "tileHeight": 1, "tileWidth": 1, "pivotx": 0, "rotations": 1, "movable": true, "height": 32, "width": 64, "y": 32, "spriteSheet": "tex1030.png"}, "zombieTopiaryNormal": {"name": "Zombie Topiary", "tileHeight": 1, "tileWidth": 1, "pivotx": 0.28, "rotations": 1, "movable": true, "height": 128, "width": 128, "spriteSheet": "tex1010.png"}, "pailAndShovel": {"name": "Pail and Shovel", "tileHeight": 1, "tileWidth": 1, "pivotx": -0.1, "pivoty": -0.1, "rotations": 1, "movable": true, "frameName": "pail_and_shovel.png", "frameList": "tex1087.plist", "spriteSheet": "tex1087.png"}, "soil_seeded_venus_flytrap": {"name": "Venus Flytrap", "height": 128, "width": 192, "transformsTo": "soil_seedling_venus_flytrap", "x": 0, "y": 128, "spriteSheet": "tex0003.png"}, "soil_seeded_zyborg": {"name": "Zyborg", "height": 128, "width": 192, "transformsTo": "soil_germinating_zyborg", "x": 0, "y": 0, "spriteSheet": "tex0004.png"}, "soil_harvestable_zombie": {"name": "Zombie", "height": 128, "width": 192, "canHarvest": true, "transformsTo": "soil_withered_zombie", "x": 0, "y": 128, "spriteSheet": "tex0005.png"}, "easterEggPurple": {"name": "Purple Easter Egg", "tileHeight": 1, "tileWidth": 1, "pivotx": -0.65, "pivoty": -0.15, "rotations": 1, "movable": true, "frameName": "egg_sm_purple.png", "frameList": "tex1088.plist", "spriteSheet": "tex1088.png"}, "gravestoneRed": {"name": "Red Grave", "tileHeight": 2, "tileWidth": 2, "pivotx": 0.18, "pivoty": -0.08, "rotations": 1, "movable": true, "toolTip": "Allows you to plant Red Zombies", "height": 104, "width": 73, "y": 78, "x": 165, "undeletable": true, "spriteSheet": "tex1006.png"}, "umbrellaYellow": {"name": "Yellow Umbrella", "tileHeight": 2, "tileWidth": 2, "pivotx": 0.22, "pivoty": -0.4, "rotations": 1, "movable": true, "frameName": "umbrella_yellow.png", "frameList": "tex1085.plist", "spriteSheet": "tex1085.png"}, "oldMcDonnellBanner": {"name": "Farmer Banner", "tileHeight": 1, "tileWidth": 1, "pivotx": -0.22, "rotations": 1, "movable": true, "height": 125, "width": 58, "y": 130, "x": 2, "spriteSheet": "tex1046.png", "luck": 20}, "surfboardRed": {"name": "Red Surfboard", "tileHeight": 1, "tileWidth": 1, "pivotx": -0.15, "pivoty": -0.05, "rotations": 1, "movable": true, "frameName": "surfboard_red.png", "frameList": "tex1086.plist", "spriteSheet": "tex1086.png"}, "soil_seedling_meat_flower": {"name": "Meat Flower", "height": 128, "width": 192, "transformsTo": "soil_harvestable_meat_flower", "x": 0, "y": 0, "spriteSheet": "tex0025.png"}, "soil_seedling_skellyberry": {"name": "Skellyberry", "height": 128, "width": 192, "transformsTo": "soil_harvestable_skellyberry", "x": 0, "y": 128, "spriteSheet": "tex0027.png"}, "soil_seedling_zmurf": {"name": "Zmurf", "height": 128, "width": 192, "transformsTo": "soil_harvestable_zmurf", "x": 0, "y": 0, "spriteSheet": "tex0005.png"}, "taikoDrum": {"animationDictionaries": [{"animationFrames": ["taiko_right_hand_fr01.png", "taiko_right_hand_fr02.png", "playSound", "taiko_right_hand_fr03.png", "taiko_right_hand_fr02.png", "taiko_right_hand_fr01.png", "taiko_right_hand_fr01.png", "taiko_right_hand_fr01.png", "taiko_left_hand_fr01.png", "taiko_right_hand_fr01.png"], "animationFrameList": "tex1080.plist", "soundID": "taiko.wav", "animationDelayAfter": 5, "animationSpeed": 0.4, "onClick": true, "animationSheet": "tex1080.png"}, {"animationFrames": ["taiko_left_hand_fr01.png", "taiko_left_hand_fr01.png", "taiko_left_hand_fr01.png", "taiko_left_hand_fr01.png", "taiko_left_hand_fr01.png", "taiko_left_hand_fr02.png", "playSound", "taiko_left_hand_fr03.png", "taiko_left_hand_fr02.png", "taiko_left_hand_fr01.png"], "animationFrameList": "tex1080.plist", "soundID": "taiko.wav", "animationDelayAfter": 5, "animationSpeed": 0.4, "onClick": true, "animationSheet": "tex1080.png"}], "name": "Taiko Drum", "tileHeight": 2, "tileWidth": 3, "pivotx": 0.35, "pivoty": 0.12, "rotations": 1, "movable": true, "frameName": "taiko_drum.png", "frameList": "tex1080.plist", "spriteSheet": "tex1080.png"}, "daisy": {"name": "Daisy", "tileHeight": 1, "tileWidth": 1, "pivotx": -0.25, "pivoty": -0.25, "rotations": 1, "movable": true, "height": 32, "width": 32, "spriteSheet": "tex1021.png", "luck": 0}, "soil_seeded_holly_berry": {"name": "Holly Berry", "height": 128, "width": 192, "transformsTo": "soil_seedling_holly_berry", "x": 0, "y": 128, "spriteSheet": "tex0003.png"}, "soil_harvestable_venus_flytrap": {"name": "Venus Flytrap", "height": 256, "width": 192, "canHarvest": true, "transformsTo": "soil_withered_plant", "x": 0, "y": 0, "spriteSheet": "tex0017.png"}, "soil_seeded_zombeauty": {"name": "ZomBeauty", "height": 128, "width": 192, "transformsTo": "soil_germinating_zombeauty", "x": 0, "y": 0, "spriteSheet": "tex0004.png"}, "soil_germinating_zombot": {"name": "Zombot", "height": 128, "width": 192, "transformsTo": "soil_seedling_zombot", "x": 0, "y": 128, "spriteSheet": "tex0004.png"}, "soil_harvestable_broccoli": {"name": "Broccoli", "height": 128, "width": 192, "canHarvest": true, "transformsTo": "soil_withered_plant", "x": 0, "y": 128, "spriteSheet": "tex0015.png"}, "soil_seeded_zombie": {"name": "Zombie", "height": 128, "width": 192, "transformsTo": "soil_germinating_zombie", "x": 0, "y": 0, "spriteSheet": "tex0004.png"}, "soil_seedling_onions": {"name": "Onions", "height": 128, "width": 192, "transformsTo": "soil_harvestable_onions", "x": 0, "y": 128, "spriteSheet": "tex0006.png"}, "soil_germinating_zombie": {"name": "Zombie", "height": 128, "width": 192, "transformsTo": "soil_seedling_zombie", "x": 0, "y": 128, "spriteSheet": "tex0004.png"}, "soil_seeded_pumpking": {"name": "Pumpking", "height": 128, "width": 192, "transformsTo": "soil_seedling_pumpking", "x": 0, "y": 128, "spriteSheet": "tex0003.png"}, "soil_seeded_onions": {"name": "Onions", "height": 128, "width": 192, "transformsTo": "soil_seedling_onions", "x": 0, "y": 128, "spriteSheet": "tex0003.png"}, "crashedUFO": {"name": "Crashed UFO", "tileHeight": 2, "tileWidth": 2, "pivotx": 0.35, "pivoty": 0.1, "rotations": 1, "movable": true, "height": 105, "width": 134, "y": 1, "x": 1, "spriteSheet": "tex1068.png"}, "soil_harvestable_lima_beans": {"name": "Lima Beans", "height": 128, "width": 192, "canHarvest": true, "transformsTo": "soil_withered_plant", "x": 0, "y": 128, "spriteSheet": "tex0014.png"}, "soil_seeded_flower_zombie": {"name": "Flower Zombie", "height": 128, "width": 192, "transformsTo": "soil_germinating_flower_zombie", "x": 0, "y": 0, "spriteSheet": "tex0004.png"}, "storage07": {"name": "Abandoned Barn", "tileHeight": 3, "tileWidth": 3, "rotations": 1, "movable": true, "toolTip": "Storage building with 56 slots", "height": 256, "width": 256, "undeletable": true, "spriteSheet": "tex1070.png"}, "tikiHeadLarge": {"name": "Large Tiki Head", "tileHeight": 1, "tileWidth": 1, "pivotx": 0.04, "pivoty": -0.05, "rotations": 1, "movable": true, "frameName": "tiki_head_lg.png", "frameList": "tex1086.plist", "spriteSheet": "tex1086.png"}, "mechanicalBull": {"animationDictionaries": [{"moveOffsets": "{0,2}:0.11_{0,-2}:0.11", "animationSheet": "tex1082.png", "animationFrameName": "mechanical_bull_tail.png", "animationFrameList": "tex1082.plist"}, {"moveOffsets": "{0,3}:0.1_{0,-3}:0.1", "animationSheet": "tex1082.png", "animationFrameName": "mechanical_bull_body.png", "animationFrameList": "tex1082.plist"}, {"moveOffsets": "{0,2}:0.09_{0,-2}:0.09", "animationSheet": "tex1082.png", "animationFrameName": "mechanical_bull_head.png", "animationFrameList": "tex1082.plist"}], "name": "Mechanical Bull", "tileHeight": 2, "tileWidth": 3, "pivotx": 0.4, "pivoty": -0.1, "rotations": 1, "movable": true, "frameName": "mechanical_bull_base.png", "frameList": "tex1082.plist", "spriteSheet": "tex1082.png"}, "soil_harvestable_mini_zombie": {"name": "Mini Zombie", "height": 128, "width": 192, "canHarvest": true, "transformsTo": "soil_withered_zombie", "x": 0, "y": 128, "spriteSheet": "tex0005.png"}, "ironGate_01_open": {"isGate": true, "name": "Iron Gate A open", "tileHeight": 5, "tileWidth": 1, "pivotx": -0.11, "pivoty": 0.09, "rotations": 1, "movable": true, "height": 158, "width": 146, "y": 1, "x": 1, "spriteSheet": "tex1048.png"}, "storage05": {"name": "Happy Shack", "tileHeight": 3, "tileWidth": 3, "pivotx": 0.39, "pivoty": 0, "rotations": 1, "movable": true, "toolTip": "Storage building with 40 slots", "height": 256, "width": 256, "undeletable": true, "spriteSheet": "tex1041.png"}, "xmasArch": {"name": "Christmas Arch", "tileHeight": 1, "tileWidth": 2, "pivotx": 0.37, "pivoty": 0.06, "rotations": 1, "movable": true, "height": 153, "width": 110, "y": 0, "x": 125.0, "spriteSheet": "tex1073.png"}, "xmasFence": {"name": "Christmas Fence", "tileHeight": 1, "tileWidth": 1, "pivotx": 0.1666, "pivoty": 0.13, "rotations": 1, "movable": true, "height": 80, "width": 72, "y": 156.0, "x": 125.0, "spriteSheet": "tex1073.png"}, "soil_germinating_flower_zombie": {"name": "Flower Zombie", "height": 128, "width": 192, "transformsTo": "soil_seedling_flower_zombie", "x": 0, "y": 128, "spriteSheet": "tex0004.png"}, "soil_seeded_corn": {"name": "Corn", "height": 128, "width": 192, "transformsTo": "soil_seedling_corn", "x": 0, "y": 128, "spriteSheet": "tex0003.png"}, "snowMan": {"name": "Snow Man", "tileHeight": 2, "tileWidth": 2, "pivotx": 0.41, "pivoty": 0.05, "rotations": 1, "movable": true, "height": 256, "width": 256, "spriteSheet": "tex1072.png"}, "soil_seedling_corn": {"name": "Corn", "height": 128, "width": 192, "transformsTo": "soil_harvestable_corn", "x": 0, "y": 128, "spriteSheet": "tex0020.png"}, "pumpkinAngry": {"name": "Angry Pumpkin", "tileHeight": 2, "tileWidth": 2, "pivotx": 0.3, "pivoty": 0.0, "rotations": 1, "movable": true, "height": 128, "width": 128, "spriteSheet": "tex1060.png"}, "brokenTractor": {"name": "Broken Tractor", "tileHeight": 4, "tileWidth": 3, "pivotx": 0.35, "pivoty": 0.05, "rotations": 1, "movable": true, "height": 171, "width": 222, "y": 80, "x": 19, "spriteSheet": "tex1064.png"}, "streetLight": {"name": "Street Light", "tileHeight": 1, "tileWidth": 1, "pivotx": 0.5, "pivoty": 0, "rotations": 1, "movable": true, "height": 256, "width": 100, "x": 97, "spriteSheet": "tex1029.png"}, "teddyValentine": {"name": "Teddy Valentine", "tileHeight": 1, "tileWidth": 1, "pivotx": -0.02, "pivoty": -0.01, "rotations": 1, "movable": true, "height": 44, "width": 43, "y": 1, "x": 1, "spriteSheet": "tex1075.png"}, "sandCastle": {"name": "Sand Castle", "tileHeight": 3, "tileWidth": 3, "pivotx": 0.32, "pivoty": -0.12, "rotations": 1, "movable": true, "frameName": "sandcastle.png", "frameList": "tex1085.plist", "spriteSheet": "tex1085.png"}, "monolithMutation": {"name": "Mutant Monolith", "tileHeight": 2, "tileWidth": 2, "pivotx": 0.3, "pivoty": -0.06, "rotations": 1, "movable": true, "toolTip": "All zombie mutations rolls are successful", "height": 128, "width": 128, "undeletable": true, "spriteSheet": "tex1009.png"}, "soil_seedling_turnips": {"name": "Turnips", "height": 128, "width": 192, "transformsTo": "soil_harvestable_turnips", "x": 0, "y": 0, "spriteSheet": "tex0007.png"}, "soil_germinating_headless_zombie": {"name": "Headless Zombie", "height": 128, "width": 192, "transformsTo": "soil_seedling_headless_zombie", "x": 0, "y": 128, "spriteSheet": "tex0004.png"}, "soil_harvestable_sun_glower": {"name": "Sun Glower", "height": 202, "width": 192, "canHarvest": true, "transformsTo": "soil_withered_plant", "x": 0, "y": 54, "spriteSheet": "tex0032.png"}, "easterGrass": {"name": "Easter Grass", "tileHeight": 1, "tileWidth": 1, "pivotx": 0.057, "pivoty": 0, "rotations": 1, "movable": true, "noTooltip": true, "frameName": "easter_grass_tile.png", "frameList": "tex1089.plist", "spriteSheet": "tex1089.png"}, "soil_seeded_zombot": {"name": "Zombot", "height": 128, "width": 192, "transformsTo": "soil_germinating_zombot", "x": 0, "y": 0, "spriteSheet": "tex0004.png"}, "soil_harvestable_zombotanist": {"name": "ZomBotanist", "height": 128, "width": 192, "canHarvest": true, "transformsTo": "soil_withered_zombie", "x": 0, "y": 128, "spriteSheet": "tex0005.png"}, "soil_harvestable_flamehead": {"name": "Flamehead", "height": 128, "width": 192, "canHarvest": true, "transformsTo": "soil_withered_zombie", "x": 0, "y": 128, "spriteSheet": "tex0005.png"}, "soil_harvestable_kindlehead": {"name": "Kindlehead", "height": 128, "width": 192, "canHarvest": true, "transformsTo": "soil_withered_zombie", "x": 0, "y": 128, "spriteSheet": "tex0005.png"}, "soil_harvestable_sampaguita": {"name": "Sampaguita", "height": 128, "width": 192, "canHarvest": true, "transformsTo": "soil_withered_plant", "x": 0, "y": 128, "spriteSheet": "tex0010.png"}, "soil_seeded_kindlehead": {"name": "Kindlehead", "height": 128, "width": 192, "transformsTo": "soil_germinating_kindlehead", "x": 0, "y": 0, "spriteSheet": "tex0004.png"}, "bunchOfCandles": {"name": "Bunch Of Candles", "tileHeight": 1, "tileWidth": 1, "pivotx": 0, "pivoty": 0, "rotations": 1, "movable": true, "height": 79, "width": 52, "y": 0, "x": 109, "spriteSheet": "tex1075.png"}, "soil_seeded_bread_fruit": {"name": "Bread Fruit", "height": 128, "width": 192, "transformsTo": "soil_seedling_bread_fruit", "x": 0, "y": 128, "spriteSheet": "tex0003.png"}, "soil_seedling_tomatoes": {"name": "Tomatoes", "height": 128, "width": 192, "transformsTo": "soil_harvestable_tomatoes", "x": 0, "y": 0, "spriteSheet": "tex0006.png"}, "soil_germinating_zomgoblin": {"name": "ZomGoblin", "height": 128, "width": 192, "transformsTo": "soil_seedling_zomgoblin", "x": 0, "y": 128, "spriteSheet": "tex0004.png"}, "gravestoneNormal": {"name": "Gravestone", "tileHeight": 2, "tileWidth": 2, "pivotx": 0.18, "pivoty": -0.08, "rotations": 1, "movable": true, "height": 104, "width": 73, "y": 78, "x": 165, "spriteSheet": "tex1006.png"}, "evergreenTree": {"name": "Evergreen Tree", "tileHeight": 1, "tileWidth": 1, "pivotx": 0.325, "pivoty": 0, "rotations": 1, "movable": true, "height": 208, "width": 139, "y": 48, "x": 117, "spriteSheet": "tex1067.png", "luck": 4}, "baloon": {"name": "Balloon", "tileHeight": 1, "tileWidth": 1, "pivotx": 0.05, "pivoty": -0.05, "movable": true, "height": 128, "width": 64, "spriteSheet": "tex1017.png"}, "cypressTree": {"name": "Cypress Tree", "tileHeight": 1, "tileWidth": 1, "pivotx": 0.28, "pivoty": 0.04, "rotations": 1, "movable": true, "height": 188, "width": 116, "x": 140, "spriteSheet": "tex1000.png", "luck": 3}, "soil_harvestable_dragon_fruit": {"name": "Dragon Fruit", "height": 155, "width": 192, "canHarvest": true, "y": 101, "x": 0, "spriteSheet": "tex0022.png"}, "soil_seedling_zyborg": {"name": "Zyborg", "height": 128, "width": 192, "transformsTo": "soil_harvestable_zyborg", "x": 0, "y": 0, "spriteSheet": "tex0005.png"}, "starfish": {"name": "Starfish", "tileHeight": 1, "tileWidth": 1, "pivotx": -0.25, "pivoty": 0.25, "rotations": 1, "movable": true, "height": 32, "width": 32, "spriteSheet": "tex1024.png", "luck": 0}, "soil_harvestable_zombumpkin": {"name": "ZomBumpkin", "height": 128, "width": 192, "canHarvest": true, "transformsTo": "soil_withered_zombie", "x": 0, "y": 128, "spriteSheet": "tex0005.png"}, "coconutTree": {"name": "Coconut Tree", "tileHeight": 1, "tileWidth": 1, "pivotx": 0.28, "pivoty": 0.06, "rotations": 1, "movable": true, "height": 192, "width": 192, "spriteSheet": "tex1002.png", "luck": 3}, "soil_harvestable_meat_flower": {"name": "Meat Flower", "height": 128, "width": 192, "canHarvest": true, "ignoreWitherRule": true, "transformsTo": "soil_withered_plant", "x": 0, "y": 128, "spriteSheet": "tex0025.png"}, "ironGate_01_closed": {"isGate": true, "name": "Iron Gate A closed", "tileHeight": 5, "tileWidth": 1, "pivotx": -0.14, "pivoty": -0.04, "rotations": 1, "movable": true, "height": 139, "width": 110, "y": 116, "x": 145, "spriteSheet": "tex1048.png"}, "soil_harvestable_girl_zombie": {"name": "Girl Zombie", "height": 128, "width": 192, "canHarvest": true, "transformsTo": "soil_withered_zombie", "x": 0, "y": 128, "spriteSheet": "tex0005.png"}, "soil_seedling_zombrute": {"name": "ZomBrute", "height": 128, "width": 192, "transformsTo": "soil_harvestable_zombrute", "x": 0, "y": 0, "spriteSheet": "tex0005.png"}, "palmTree": {"name": "Palm Tree", "tileHeight": 1, "tileWidth": 1, "pivotx": 0.4, "pivoty": -0.01, "rotations": 1, "movable": true, "height": 165, "width": 124, "spriteSheet": "tex1026.png", "luck": 4}, "soil_seedling_potatoes": {"name": "Potatoes", "height": 128, "width": 192, "transformsTo": "soil_harvestable_potatoes", "x": 0, "y": 0, "spriteSheet": "tex0006.png"}, "soil_harvestable_garlic": {"name": "Garlic", "height": 256, "width": 192, "canHarvest": true, "y": 0, "x": 0, "spriteSheet": "tex0013.png"}, "soil_germinating_kindlehead": {"name": "Kindlehead", "height": 128, "width": 192, "transformsTo": "soil_seedling_kindlehead", "x": 0, "y": 128, "spriteSheet": "tex0004.png"}, "soil_harvestable_bloodberry": {"name": "Bloodberry", "height": 156, "width": 192, "canHarvest": true, "transformsTo": "soil_withered_plant", "x": 0, "y": 100, "spriteSheet": "tex0030.png"}, "bambooTree": {"name": "Bamboo", "tileHeight": 1, "tileWidth": 1, "pivoty": 0.08, "rotations": 1, "movable": true, "height": 256, "width": 152, "spriteSheet": "tex1028.png", "luck": 4}, "coolerSmall": {"name": "Small Cooler", "tileHeight": 1, "tileWidth": 1, "pivotx": 0, "pivoty": 0, "rotations": 1, "movable": true, "frameName": "cooler_sm.png", "frameList": "tex1085.plist", "spriteSheet": "tex1085.png"}, "yellowGift": {"name": "Yellow Gift Box", "tileHeight": 1, "tileWidth": 1, "pivotx": 0, "pivoty": 0, "rotations": 1, "movable": true, "height": 56, "width": 46, "y": 2.0, "x": 195.0, "spriteSheet": "tex1074.png"}, "shellTrumpet": {"name": "Trumpet Shell", "tileHeight": 1, "tileWidth": 1, "pivotx": -0.4, "pivoty": -0.15, "rotations": 1, "movable": true, "frameName": "shell_trumpet.png", "frameList": "tex1086.plist", "spriteSheet": "tex1086.png"}, "giftBasket": {"name": "Gift Basket", "tileHeight": 1, "tileWidth": 1, "pivotx": 0.05, "pivoty": 0, "rotations": 1, "movable": true, "height": 69, "width": 49, "y": 156.0, "x": 199.0, "spriteSheet": "tex1073.png"}, "doubleRainbow_01": {"name": "Double Rainbow A", "tileHeight": 5, "tileWidth": 2, "pivotx": 0.15, "pivoty": 0, "rotations": 1, "movable": true, "height": 156, "width": 160, "y": 99, "x": 1, "spriteSheet": "tex1049.png"}, "soil_harvestable_zombot": {"name": "Zombot", "height": 128, "width": 192, "canHarvest": true, "transformsTo": "soil_withered_zombie", "x": 0, "y": 128, "spriteSheet": "tex0005.png"}, "soil_seedling_broccoli": {"name": "Broccoli", "height": 128, "width": 192, "transformsTo": "soil_harvestable_broccoli", "x": 0, "y": 0, "spriteSheet": "tex0007.png"}, "soil_harvestable_corpse_flower": {"name": "Corpse Flower", "height": 155, "width": 192, "canHarvest": true, "transformsTo": "soil_withered_plant", "x": 0, "y": 101, "spriteSheet": "tex0024.png"}, "soil_seedling_carrots": {"name": "Carrots", "height": 128, "width": 192, "transformsTo": "soil_harvestable_carrots", "x": 0, "y": 0, "spriteSheet": "tex0007.png"}, "soil_seedling_venus_flytrap": {"name": "Venus Flytrap", "height": 128, "width": 192, "transformsTo": "soil_harvestable_venus_flytrap", "x": 0, "y": 128, "spriteSheet": "tex0007.png"}, "soil_harvestable_headless_zombie": {"name": "Headless Zombie", "height": 128, "width": 192, "canHarvest": true, "transformsTo": "soil_withered_zombie", "x": 0, "y": 128, "spriteSheet": "tex0005.png"}, "heartCandle": {"name": "Heart Candle", "tileHeight": 1, "tileWidth": 1, "pivotx": -0.1, "pivoty": 0, "rotations": 1, "movable": true, "height": 67, "width": 36, "y": 154, "x": 219, "spriteSheet": "tex1075.png"}, "soil_seedling_candy_corn": {"name": "Candy Corn", "height": 128, "width": 192, "transformsTo": "soil_harvestable_candy_corn", "x": 0, "y": 128, "spriteSheet": "tex0020.png"}, "treasureChest": {"name": "Treasure Chest", "tileHeight": 3, "tileWidth": 3, "pivotx": 0.22, "rotations": 1, "movable": true, "height": 128, "width": 128, "spriteSheet": "tex1031.png"}, "sand_occupied": {"base_GID": 4}, "cobblestoneRoadIntersection": {"name": "Cobblestone Road Bend", "tileHeight": 2, "tileWidth": 2, "pivotx": 0.32, "pivoty": 0.12, "movable": true, "height": 63, "width": 122, "noTooltip": true, "y": 64, "x": 1, "spriteSheet": "tex1052.png"}, "soil_plowed": {"name": "Plowed Land", "height": 128, "width": 192, "y": 0, "x": 0, "spriteSheet": "tex0003.png"}, "soil_seeded_headless_zombie": {"name": "Headless Zombie", "height": 128, "width": 192, "transformsTo": "soil_germinating_headless_zombie", "x": 0, "y": 0, "spriteSheet": "tex0004.png"}, "greenGift": {"name": "Green Gift Box", "tileHeight": 1, "tileWidth": 1, "pivotx": 0, "pivoty": 0, "rotations": 1, "movable": true, "height": 54, "width": 47, "y": 2.0, "x": 146.0, "spriteSheet": "tex1074.png"}, "monument": {"animationDictionaries": [{"animationFrames": ["monument_hand_fr01.png", "monument_hand_fr02.png", "monument_hand_fr03.png", "monument_hand_fr04.png", "monument_hand_fr03.png", "monument_hand_fr02.png", "monument_hand_fr01.png"], "animationFrameList": "tex1081.plist", "animationSpeed": 0.5, "onClick": true, "animationSheet": "tex1081.png", "animationDelay": 0}], "name": "Monument", "tileHeight": 2, "tileWidth": 2, "pivotx": 0.22, "pivoty": 0, "rotations": 1, "movable": true, "frameName": "monument_base.png", "frameList": "tex1081.plist", "spriteSheet": "tex1081.png"}, "soil_germinating_mini_zombie": {"name": "Mini Zombie", "height": 128, "width": 192, "transformsTo": "soil_seedling_mini_zombie", "x": 0, "y": 128, "spriteSheet": "tex0004.png"}, "soil_harvestable_zombrute": {"name": "ZomBrute", "height": 128, "width": 192, "canHarvest": true, "transformsTo": "soil_withered_zombie", "x": 0, "y": 128, "spriteSheet": "tex0005.png"}, "soil_seeded_corpse_flower": {"name": "Corpse Flower", "height": 128, "width": 192, "transformsTo": "soil_seedling_corpse_flower", "x": 0, "y": 128, "spriteSheet": "tex0003.png"}, "grass": {"base_GID": 1}, "corporatevilleBanner": {"name": "Corporate Banner", "tileHeight": 1, "tileWidth": 1, "pivotx": -0.22, "rotations": 1, "movable": true, "height": 119, "width": 56, "y": 136, "x": 63, "spriteSheet": "tex1046.png", "luck": 20}, "soil_germinating_garden_zombie": {"name": "Garden Zombie", "height": 128, "width": 192, "transformsTo": "soil_seedling_garden_zombie", "x": 0, "y": 128, "spriteSheet": "tex0004.png"}, "soil_seeded_bloodberry": {"name": "Bloodberry", "height": 128, "width": 192, "transformsTo": "soil_seedling_bloodberry", "x": 0, "y": 128, "spriteSheet": "tex0003.png"}, "peepPink": {"name": "Pink Peep", "tileHeight": 1, "tileWidth": 1, "pivotx": -0.096, "pivoty": -0.093, "rotations": 1, "movable": true, "frameName": "peep_sm_pink.png", "frameList": "tex1090.plist", "spriteSheet": "tex1090.png"}, "pyramid": {"name": "Pyramid", "tileHeight": 3, "tileWidth": 3, "pivotx": 0.35, "pivoty": 0.04, "rotations": 1, "movable": true, "height": 145, "width": 170, "y": 111, "x": 52, "spriteSheet": "tex1068.png"}, "easterEggBlue": {"name": "Blue Easter Egg", "tileHeight": 1, "tileWidth": 1, "pivotx": -0.65, "pivoty": -0.15, "rotations": 1, "movable": true, "frameName": "egg_sm_blue.png", "frameList": "tex1088.plist", "spriteSheet": "tex1088.png"}, "rockLobster": {"name": "Rock Lobster", "tileHeight": 2, "tileWidth": 2, "pivotx": 0.2, "pivoty": -0.05, "rotations": 1, "movable": true, "frameName": "rock_lobster.png", "frameList": "tex1085.plist", "spriteSheet": "tex1085.png"}, "heartHedge": {"name": "Heart Hedge", "tileHeight": 2, "tileWidth": 1, "pivotx": -0.02, "pivoty": -0.09, "rotations": 1, "movable": true, "height": 66, "width": 72, "y": 189, "x": 135, "spriteSheet": "tex1075.png"}, "monolithPlowing": {"name": "Plowing Monolith", "tileHeight": 2, "tileWidth": 2, "pivotx": 0.3, "pivoty": -0.06, "rotations": 1, "movable": true, "toolTip": "Plowing costs no gold. Additional +1xp for planting.", "height": 128, "width": 128, "undeletable": true, "spriteSheet": "tex1009.png"}, "zombieCombiner_cooking": {"name": "Zombie Pot", "tileHeight": 3, "tileWidth": 3, "pivotx": 0.39, "pivoty": 0, "movable": true, "height": 256, "width": 256, "y": 0, "x": 0, "spriteSheet": "tex1044.png"}, "soil_seedling_zombeauty": {"name": "ZomBeauty", "height": 128, "width": 192, "transformsTo": "soil_harvestable_zombeauty", "x": 0, "y": 0, "spriteSheet": "tex0005.png"}, "soil_seedling_bread_fruit": {"name": "Bread Fruit", "height": 128, "width": 192, "transformsTo": "soil_harvestable_bread_fruit", "x": 0, "y": 0, "spriteSheet": "tex0006.png"}, "pumpkinHappy": {"name": "Happy Pumpkin", "tileHeight": 2, "tileWidth": 2, "pivotx": 0.3, "pivoty": 0.0, "rotations": 1, "movable": true, "height": 128, "width": 128, "spriteSheet": "tex1059.png"}, "soil_harvestable_zyborg": {"name": "Zyborg", "height": 128, "width": 192, "canHarvest": true, "transformsTo": "soil_withered_zombie", "x": 0, "y": 128, "spriteSheet": "tex0005.png"}, "soil_seeded_mini_zombie": {"name": "Mini Zombie", "height": 128, "width": 192, "transformsTo": "soil_germinating_mini_zombie", "x": 0, "y": 0, "spriteSheet": "tex0004.png"}, "soil_seeded_spineapple": {"name": "Spineapple", "height": 128, "width": 192, "transformsTo": "soil_seedling_spineapple", "x": 0, "y": 128, "spriteSheet": "tex0003.png"}, "cobblestoneRoadStraight_01": {"name": "Cobblestone Road", "tileHeight": 2, "tileWidth": 2, "pivotx": 0.3, "pivoty": 0.12, "rotations": 1, "movable": true, "height": 64, "width": 122, "noTooltip": true, "y": 64, "x": 1, "spriteSheet": "tex1050.png"}, "soil_germinating_zombrute": {"name": "ZomBrute", "height": 128, "width": 192, "transformsTo": "soil_seedling_zombrute", "x": 0, "y": 128, "spriteSheet": "tex0004.png"}, "cupidStatueA": {"name": "Cupid Statue A", "tileHeight": 2, "tileWidth": 2, "pivotx": 0.365, "pivoty": -0.094, "rotations": 1, "movable": true, "height": 138, "width": 86, "y": 1, "x": 1, "spriteSheet": "tex1078.png"}, "pond": {"name": "Pond", "tileHeight": 4, "tileWidth": 4, "pivotx": 0.34, "pivoty": 0.08, "rotations": 1, "movable": true, "height": 192, "width": 192, "spriteSheet": "tex1015.png"}, "windmill": {"animationDictionaries": [{"animationSpeed": 0.18, "animationFrames": ["windmill_fr01.png", "windmill_fr02.png", "windmill_fr03.png"], "animationSheet": "tex1084.png", "animationFrameList": "tex1084.plist"}], "name": "Windmill", "tileHeight": 2, "tileWidth": 2, "pivotx": 0.22, "pivoty": 0.01, "rotations": 1, "movable": true, "frameName": "windmill_base.png", "frameList": "tex1084.plist", "spriteSheet": "tex1084.png"}, "cupidStatueB": {"name": "Cupid Statue B", "tileHeight": 2, "tileWidth": 2, "pivotx": 0.28, "pivoty": -0.089, "rotations": 1, "movable": true, "height": 146, "width": 91, "y": 1, "x": 88, "spriteSheet": "tex1078.png"}, "soil_seedling_flower_zombie": {"name": "Flower Zombie", "height": 128, "width": 192, "transformsTo": "soil_harvestable_flower_zombie", "x": 0, "y": 0, "spriteSheet": "tex0005.png"}, "soil_seedling_zombot": {"name": "Zombot", "height": 128, "width": 192, "transformsTo": "soil_harvestable_zombot", "x": 0, "y": 0, "spriteSheet": "tex0005.png"}, "easterEggPink": {"name": "Pink Easter Egg", "tileHeight": 1, "tileWidth": 1, "pivotx": -0.65, "pivoty": -0.15, "rotations": 1, "movable": true, "frameName": "egg_sm_pink.png", "frameList": "tex1088.plist", "spriteSheet": "tex1088.png"}, "soil_seeded_tomatoes": {"name": "Tomatoes", "height": 128, "width": 192, "transformsTo": "soil_seedling_tomatoes", "x": 0, "y": 128, "spriteSheet": "tex0003.png"}, "soil_seeded_garlic": {"name": "Garlic", "height": 128, "width": 192, "transformsTo": "soil_seedling_garlic", "x": 0, "y": 128, "spriteSheet": "tex0003.png"}, "soil_seeded_flamehead": {"name": "Flamehead", "height": 128, "width": 192, "transformsTo": "soil_germinating_flamehead", "x": 0, "y": 0, "spriteSheet": "tex0004.png"}, "concrete": {"base_GID": 7}, "goldEgg": {"animationDictionaries": [{"animationFrameName": "mechanical_egg_top.png", "moveOffsets": "{0,32}:0.50_d:0.5_{0,-32}:0.05_playSound:0", "animationFrameList": "tex1091.plist", "soundID": "block.wav", "onClick": true, "animationSheet": "tex1091.png"}], "name": "Golden Egg", "tileHeight": 2, "tileWidth": 2, "pivotx": 0.1875, "pivoty": -0.17, "rotations": 1, "movable": true, "frameName": "mechanical_egg_bottom.png", "frameList": "tex1091.plist", "spriteSheet": "tex1091.png"}, "snow": {"base_GID": 5}, "soil_seeded_garden_zombie": {"name": "Garden Zombie", "height": 128, "width": 192, "transformsTo": "soil_germinating_garden_zombie", "x": 0, "y": 0, "spriteSheet": "tex0004.png"}, "soil_germinating_zyborg": {"name": "Zyborg", "height": 128, "width": 192, "transformsTo": "soil_seedling_zyborg", "x": 0, "y": 128, "spriteSheet": "tex0004.png"}, "tikiHeadSmall": {"name": "Small Tiki Head", "tileHeight": 1, "tileWidth": 1, "pivotx": -0.23, "pivoty": -0.2, "rotations": 1, "movable": true, "frameName": "tiki_head_sm.png", "frameList": "tex1085.plist", "spriteSheet": "tex1085.png"}, "soil_germinating_zmurf": {"name": "Zmurf", "height": 128, "width": 192, "transformsTo": "soil_seedling_zmurf", "x": 0, "y": 128, "spriteSheet": "tex0004.png"}, "xmasTree": {"name": "Christmas Tree", "tileHeight": 1, "tileWidth": 1, "pivotx": 0.305, "pivoty": -0.02, "rotations": 1, "movable": true, "height": 179, "width": 121, "y": 2.0, "x": 2.0, "spriteSheet": "tex1073.png", "luck": 4}, "soil_harvestable_spineapple": {"name": "Spineapple", "height": 256, "width": 192, "canHarvest": true, "transformsTo": "soil_withered_plant", "x": 0, "y": 0, "spriteSheet": "tex0018.png"}, "willowTree": {"name": "Willow Tree", "tileHeight": 1, "tileWidth": 1, "pivoty": 0.06, "rotations": 1, "movable": true, "height": 220, "width": 200, "spriteSheet": "tex1032.png", "luck": 3}, "soil_seeded_sampaguita": {"name": "Sampaguita", "height": 128, "width": 192, "transformsTo": "soil_seedling_sampaguita", "x": 0, "y": 128, "spriteSheet": "tex0003.png"}, "cobblestoneRoadBend_04": {"name": "Cobblestone Road Bend", "tileHeight": 2, "tileWidth": 2, "pivotx": 0.05, "pivoty": 0.11, "rotations": 3, "movable": true, "height": 64, "width": 90, "noTooltip": true, "y": 1, "x": 1, "spriteSheet": "tex1051.png"}, "umbrellaOrange": {"name": "Orange Umbrella", "tileHeight": 2, "tileWidth": 2, "pivotx": 0.22, "pivoty": -0.4, "rotations": 1, "movable": true, "frameName": "umbrella_orange.png", "frameList": "tex1085.plist", "spriteSheet": "tex1085.png"}, "cobblestoneRoadBend_03": {"name": "Cobblestone Road Bend", "tileHeight": 2, "tileWidth": 2, "pivotx": 0.5, "pivoty": 0.06, "rotations": 3, "movable": true, "height": 48, "width": 122, "noTooltip": true, "y": 80, "x": 1, "spriteSheet": "tex1051.png"}, "tallCactus": {"name": "Tall Cactus", "tileHeight": 1, "tileWidth": 1, "pivotx": 0.3, "pivoty": 0.03, "rotations": 1, "movable": true, "height": 148, "width": 124, "x": 132, "spriteSheet": "tex1026.png", "luck": 4}, "barbWireFence_01": {"name": "Barb Wire Fence", "tileHeight": 1, "tileWidth": 1, "pivotx": 0.125, "pivoty": 0.065, "rotations": 1, "movable": true, "height": 74, "width": 64, "y": "1", "x": 1, "spriteSheet": "tex1053.png"}, "soil_seedling_zombruiser": {"name": "ZomBruiser", "height": 128, "width": 192, "transformsTo": "soil_harvestable_zombruiser", "x": 0, "y": 0, "spriteSheet": "tex0005.png"}, "giantClamOpen": {"allowZombieToggle": true, "name": "Giant Clam", "tileHeight": 1, "tileWidth": 1, "pivotx": 0, "pivoty": 0, "rotations": 1, "movable": true, "frameName": "giant_clam_open.png", "marketKey": "giantClamClosed", "summonZombies": true, "frameList": "tex1087.plist", "alternateTile": "giantClamClosed", "spriteSheet": "tex1087.png"}, "beachBall": {"name": "Beach Ball", "tileHeight": 1, "tileWidth": 1, "pivotx": -0.1, "pivoty": -0.1, "rotations": 1, "movable": true, "frameName": "beachball.png", "frameList": "tex1087.plist", "spriteSheet": "tex1087.png"}, "mailboxNormal": {"name": "Mailbox", "tileHeight": 1, "tileWidth": 1, "pivotx": 0.3, "pivoty": 0.1, "rotations": 1, "movable": true, "height": 128, "width": 128, "spriteSheet": "tex1008.png"}, "soil_harvestable_zombeauty": {"name": "ZomBeauty", "height": 128, "width": 192, "canHarvest": true, "transformsTo": "soil_withered_zombie", "x": 0, "y": 128, "spriteSheet": "tex0005.png"}, "desertSkull": {"name": "Desert Skull", "tileHeight": 1, "tileWidth": 1, "pivotx": 0, "rotations": 1, "movable": true, "height": 32, "width": 64, "y": 0, "spriteSheet": "tex1030.png"}, "soil_seeded_girl_zombie": {"name": "Girl Zombie", "height": 128, "width": 192, "transformsTo": "soil_germinating_girl_zombie", "x": 0, "y": 0, "spriteSheet": "tex0004.png"}, "zombieCombiner": {"name": "Zombie Pot", "tileHeight": 3, "tileWidth": 3, "pivotx": 0.39, "pivoty": 0, "movable": true, "height": 256, "width": 256, "y": 0, "x": 0, "spriteSheet": "tex1043.png"}, "soil_seedling_amazombie": {"name": "Amazombie", "height": 128, "width": 192, "transformsTo": "soil_harvestable_amazombie", "x": 0, "y": 0, "spriteSheet": "tex0005.png"}, "pirateBanner": {"name": "Pirate Banner", "tileHeight": 1, "tileWidth": 1, "pivotx": -0.15, "rotations": 1, "movable": true, "height": 147, "width": 62, "y": 108, "x": 123, "spriteSheet": "tex1046.png", "luck": 20}, "setiDish": {"animationDictionaries": [{"anchorPoint": "{0.5,0.5}", "animationFrameName": "seti_twinkle.png", "animationFrameList": "tex1082.plist", "noFlip": true, "scaleSequence": "1.2:0.15_0.8:0.15", "moveToOffsets": "{80,82}:0.001_d:0.5_{34,9}:0.001_d:0.5_{36,63}:0.001_d:0.5_{98,14}:0.001_d:8", "animationSheet": "tex1082.png"}], "name": "Satellite Dish", "tileHeight": 2, "tileWidth": 2, "pivotx": 0.22, "pivoty": 0, "rotations": 1, "movable": true, "frameName": "seti_dish.png", "frameList": "tex1083.plist", "spriteSheet": "tex1083.png"}, "beechTree": {"name": "Beech Tree", "tileHeight": 1, "tileWidth": 1, "pivoty": 0.05, "rotations": 1, "movable": true, "height": 192, "width": 192, "spriteSheet": "tex1005.png", "luck": 3}, "soil_harvestable_tomatoes": {"name": "Tomatoes", "height": 256, "width": 192, "canHarvest": true, "transformsTo": "soil_withered_plant", "x": 0, "y": 0, "spriteSheet": "tex0011.png"}, "soil_germinating_zombotanist": {"name": "ZomBotanist", "height": 128, "width": 192, "transformsTo": "soil_seedling_zombotanist", "x": 0, "y": 128, "spriteSheet": "tex0004.png"}, "zombieXingSign": {"name": "Zombie Sign", "tileHeight": 1, "tileWidth": 1, "pivotx": 0.15, "pivoty": -0.05, "rotations": 1, "movable": true, "height": 128, "width": 64, "spriteSheet": "tex1018.png"}, "heartGravestone": {"name": "Heart Gravestone", "tileHeight": 2, "tileWidth": 2, "pivotx": 0.17, "pivoty": -0.09, "rotations": 1, "movable": true, "height": 100, "width": 71, "y": 88, "x": 98, "spriteSheet": "tex1075.png"}, "sandDollar": {"name": "Sand Dollar", "tileHeight": 1, "tileWidth": 1, "pivotx": -0.3, "pivoty": -0.25, "rotations": 1, "movable": true, "frameName": "sand_dollar.png", "frameList": "tex1086.plist", "spriteSheet": "tex1086.png"}, "giantCandyCane": {"name": "Giant Candy Cane", "tileHeight": 1, "tileWidth": 1, "pivotx": 0.03, "pivoty": -0.01, "rotations": 1, "movable": true, "height": 202, "width": 98, "y": 51, "x": 10, "spriteSheet": "tex1067.png"}, "coolerLarge": {"name": "Large Cooler", "tileHeight": 2, "tileWidth": 1.5, "pivotx": 0, "pivoty": -0.08, "rotations": 1, "movable": true, "frameName": "cooler_lg.png", "frameList": "tex1085.plist", "spriteSheet": "tex1085.png"}, "soil_seeded_lima_beans": {"name": "Lima Beans", "height": 128, "width": 192, "transformsTo": "soil_seedling_lima_beans", "x": 0, "y": 128, "spriteSheet": "tex0003.png"}, "robotBanner": {"name": "Robot Banner", "tileHeight": 1, "tileWidth": 1, "pivotx": -0.22, "rotations": 1, "movable": true, "height": 124, "width": 55, "y": 0, "x": 2, "spriteSheet": "tex1046.png", "luck": 20}, "skullCandle": {"name": "Skull Candle", "tileHeight": 1, "tileWidth": 1, "pivotx": 0.3, "pivoty": 0.1, "rotations": 1, "movable": true, "height": 128, "width": 128, "spriteSheet": "tex1058.png"}, "soil_harvestable_holly_berry": {"name": "Holly Berry", "height": 128, "width": 192, "canHarvest": true, "transformsTo": "soil_withered_plant", "x": 0, "y": 128, "spriteSheet": "tex0035.png"}, "totemPole": {"name": "Totem Pole", "tileHeight": 1, "tileWidth": 1, "pivotx": 0.15, "pivoty": -0.05, "rotations": 1, "movable": true, "height": 128, "width": 64, "x": 64, "spriteSheet": "tex1018.png", "luck": 4}, "cityLamp": {"name": "City Lamp", "tileHeight": 1, "tileWidth": 1, "pivotx": -0.02, "pivoty": 0, "rotations": 1, "movable": true, "height": 256, "width": 60, "x": 196, "spriteSheet": "tex1029.png"}, "soil_seeded_candy_corn": {"name": "Candy Corn", "height": 128, "width": 192, "transformsTo": "soil_seedling_candy_corn", "x": 0, "y": 128, "spriteSheet": "tex0003.png"}, "soil_seeded_cauliflower": {"name": "Cauliflower", "height": 128, "width": 192, "transformsTo": "soil_seedling_cauliflower", "x": 0, "y": 128, "spriteSheet": "tex0003.png"}, "soil_seeded_carrots": {"name": "Carrots", "height": 128, "width": 192, "transformsTo": "soil_seedling_carrots", "x": 0, "y": 128, "spriteSheet": "tex0003.png"}, "barrelNormal": {"name": "Barrel", "tileHeight": 1, "tileWidth": 1, "pivotx": 0.12, "rotations": 1, "movable": true, "height": 74, "width": 60, "y": 182, "x": 172, "spriteSheet": "tex1006.png"}, "gazeboNormal": {"name": "Gazebo", "tileHeight": 4, "tileWidth": 4, "pivoty": 0.05, "rotations": 1, "movable": true, "height": 192, "width": 192, "spriteSheet": "tex1013.png"}, "soil_seeded_coffee": {"name": "Coffee", "height": 128, "width": 192, "transformsTo": "soil_seedling_coffee", "x": 0, "y": 128, "spriteSheet": "tex0003.png"}, "toxicDrum": {"name": "Toxic Drum", "tileHeight": 1, "tileWidth": 1, "pivotx": 0.3, "pivoty": 0.1, "rotations": 1, "movable": true, "height": 128, "width": 128, "spriteSheet": "tex1062.png"}, "soil_harvestable_zomgoblin": {"name": "ZomGoblin", "height": 128, "width": 192, "canHarvest": true, "transformsTo": "soil_withered_zombie", "x": 0, "y": 128, "spriteSheet": "tex0005.png"}, "soil_seeded_dragon_fruit": {"name": "Dragon Fruit", "height": 128, "width": 192, "transformsTo": "soil_seedling_dragon_fruit", "x": 0, "y": 128, "spriteSheet": "tex0003.png"}, 
"iceCreamConeVanilla": {"name": "Vanilla Cone", "tileHeight": 1, "tileWidth": 1, "pivotx": -0.16, "pivoty": 0, "rotations": 1, "movable": true, "frameName": "ice_cream_cone_vanilla.png", "frameList": "tex1093.plist", "spriteSheet": "tex1093.png"},
"xmasGifts": {"height": 72, "isRemoteitem": true, "movable": true, "name": "Pile of Presents", "pivotx": 0.2199999988079071, "rotations":1, "spriteSheet": "christmas2011_gifts.png", "tileHeight": 2, "tileWidth": 2, "width":77,"x": 0, "y": 0}, 
"xmasGingerbreadHouse": {"height": 116, "isRemoteitem": true, "movable": true, "name": "Gingerbread", "pivotx": 0.3400000035762787, "pivoty": -0.05999999865889549, "rotations":1, "spriteSheet": "christmas2011_gingerbreadhouse.png", "tileHeight": 3, "tileWidth": 3, "width":100, "x": 0, "y": 0}, 
"xmasSleigh": {"height": 61, "width":63, "isRemoteitem": true, "movable": true, "name": "Sleigh", "pivotx": 0.1000000014901161, "pivoty": 0.05000000074505806, "rotations":1, "spriteSheet": "christmas2011_sleigh.png", "tileHeight": 1, "tileWidth": 1, "x": 0, "y": 0},
"holidayBalloonRed"	 : {"isRemoteItem":true, "movable": true, "name": "Red Holiday Balloon", "pivotx": 0.11,  "pivoty": -0.01, "rotations": 1,  "spriteSheet":"holiday_ballon_red.png", "tileHeight": 1, "tileWidth": 1},
"holidayBalloonWhite" : {"movable": true, "name": "White Holiday Balloon", "pivotx": 0.11, "pivoty": -0.01 , "rotations": 1 , "spriteSheet": "holiday_ballon_wht.png", "tileHeight": 1, "tileWidth": 1},
"holidayBalloonYellow" : {"movable": true, "name": "Yellow Holiday Balloon", "pivotx": 0.11, "pivoty": -0.01, "rotations": 1, "spriteSheet": "holiday_ballon_ylw.png", "tileHeight": 1, "tileWidth": 1},
"holidayHeartTopiary":  {"movable":  true, "name": "Heart Topiary", "pivotx": 0, "pivoty": -0.04, "rotations": 1, "spriteSheet": "holiday_heartopiary.png", "tileHeight": 1, "tileWidth": 1},
"holidayRoseBushRed" : { "movable": true, "name": "Red Holiday Balloon", "pivotx": 0.15, "pivoty": -0.08, "rotations": 1, "spriteSheet": "holiday_rosebush_red.png", "tileHeight": 1, "tileWidth": 1},
"holidayRoseBushWhite" : { "movable": true, "name": "White Holiday Balloon", "pivotx": 0.15, "pivoty": -0.08, "rotations": 1, "spriteSheet": "holiday_rosebush_wht.png", "tileHeight": 1, "tileWidth": 1},
"holidayRoseBushYellow" : {"movable": true, "name": "Yellow Holiday Balloon", "pivotx": 0.15, "pivoty": -0.08, "rotations": 1, "spriteSheet": "holiday_rosebush_ylw.png", "tileHeight": 1, "tileWidth": 1},
"holidayChocolateFountain": {"movable": true, "name": "Chocolate Fountain", "pivotx": 0.25, "pivoty": -0.03, "rotations": 1, "spriteSheet": "chocolateFountain2.png", "tileHeight": 2, "tileWidth": 2}
}