{"ZombieActorSmallTier4": {"dex": 4, "attacks": [{"frequency": 1, "name": "ZombieBite"}], "str": 7.5, "con": 8}, "ZombieActorSmallTier3": {"dex": 4, "attacks": [{"frequency": 1, "name": "ZombieBite"}], "str": 5, "con": 4.5}, "FarmStageActorLumberjack": {"dex": 2, "attacks": [{"frequency": 90, "name": "LumberjackSlice"}, {"frequency": 10, "name": "LumberjackSpecial"}], "str": 1.5, "con": 4}, "ZombieActorSmallTier1": {"dex": 4, "attacks": [{"frequency": 1, "name": "ZombieBite"}], "str": 1.5, "con": 1}, "genericStageActor": {"dex": 1, "attacks": [{"frequency": 1, "name": "ZombieBite"}], "str": 1, "con": 10}, "ZombieActorGardenTier1": {"dex": 2, "attacks": [{"frequency": 1, "name": "ZombieScratch"}], "fertilizeChance": 0.040000000000000001, "str": 1, "con": 1}, "ZombieActorGardenTier2": {"dex": 2, "attacks": [{"frequency": 1, "name": "ZombieScratch"}], "fertilizeChance": 0.059999999999999998, "str": 2.5, "con": 2.5}, "ZombieActorGardenTier3": {"dex": 2, "attacks": [{"frequency": 1, "name": "ZombieScratch"}], "fertilizeChance": 0.080000000000000002, "str": 4, "con": 4}, "ZombieActorGardenTier4": {"dex": 2, "attacks": [{"frequency": 1, "name": "ZombieScratch"}], "fertilizeChance": 0.080000000000000002, "str": 5.5, "con": 5.5}, "ZombieActorGirlTier1": {"dex": 3.5, "attacks": [{"frequency": 1, "name": "ZombieBite"}, {"frequency": 0.10000000000000001, "name": "ZombieScratch"}], "str": 1.5, "con": 1.5}, "ZombieActorGirlTier3": {"dex": 3.5, "attacks": [{"frequency": 1, "name": "ZombieBite"}, {"frequency": 0.10000000000000001, "name": "ZombieScratch"}], "str": 5.2599999999999998, "con": 7.5}, "ZombieActorGirlTier2": {"dex": 3.5, "attacks": [{"frequency": 1, "name": "ZombieBite"}, {"frequency": 0.10000000000000001, "name": "ZombieScratch"}], "str": 3.3999999999999999, "con": 3.5}, "SpecialStageActorMinion2": {"dex": 1, "attacks": [{"frequency": 100, "name": "SpecialMinion2Attack"}], "str": 4, "con": 8}, "ZombieActorGirlTier4": {"dex": 3.5, "attacks": [{"frequency": 1, "name": "ZombieBite"}, {"frequency": 0.10000000000000001, "name": "ZombieScratch"}], "str": 8.3000000000000007, "con": 13}, "SpecialStageActorMinion1": {"dex": 1, "attacks": [{"frequency": 100, "name": "SpecialMinion1Attack"}], "str": 4, "con": 8}, "ZombieActorRegularTier4": {"dex": 2, "attacks": [{"frequency": 1, "name": "ZombieBite"}, {"frequency": 0.5, "name": "ZombieScratch"}], "str": 12, "con": 18}, "ZombieActorRegularTier2": {"dex": 2, "attacks": [{"frequency": 1, "name": "ZombieBite"}, {"frequency": 0.5, "name": "ZombieScratch"}], "str": 5, "con": 5}, "ZombieActorRegularTier3": {"dex": 2, "attacks": [{"frequency": 1, "name": "ZombieBite"}, {"frequency": 0.5, "name": "ZombieScratch"}], "str": 8, "con": 10}, "ZombieActorRegularTier1": {"dex": 2, "attacks": [{"frequency": 1, "name": "ZombieBite"}, {"frequency": 0.5, "name": "ZombieScratch"}], "str": 2, "con": 2}, "ZombieActorLargeTier3": {"dex": 1.3, "attacks": [{"frequency": 1, "name": "ZombieBite"}, {"frequency": 0.80000000000000004, "name": "ZombieScratch"}], "str": 14.6, "con": 12.1}, "ZombieActorLargeTier2": {"dex": 1.3, "attacks": [{"frequency": 1, "name": "ZombieBite"}, {"frequency": 0.80000000000000004, "name": "ZombieScratch"}], "str": 8.4499999999999993, "con": 6.5}, "ZombieActorLargeTier1": {"dex": 1.3, "attacks": [{"frequency": 1, "name": "ZombieBite"}, {"frequency": 0.80000000000000004, "name": "ZombieScratch"}], "str": 3.8500000000000001, "con": 2.6000000000000001}, "PirateStageActorScallywag": {"dex": 0.5, "attacks": [{"frequency": 100, "name": "CrazedWorkerAttack"}], "str": 50, "con": 40}, "ZombieActorLargeTier4": {"dex": 1.3, "attacks": [{"frequency": 1, "name": "ZombieBite"}, {"frequency": 0.80000000000000004, "name": "ZombieScratch"}], "str": 21.199999999999999, "con": 15}, "AlienStageActorBoss": {"dex": 5, "attacks": [{"frequency": 100, "name": "CrazedWorkerAttack"}], "bossActions": [{"castTime": 2, "frequency": 50, "name": "summonBoss"}, {"frequency": 30, "cooldownTime": 2, "name": "alienLaser"}], "str": 7, "con": 250}, "CityStageActorLawyer": {"dex": 2, "attacks": [{"frequency": 100, "name": "LawyerAttack"}], "str": 3.5, "con": 25}, "PirateStageActorSwashbuckler": {"dex": 2, "attacks": [{"frequency": 100, "name": "SwashbucklerSlice"}], "str": 8, "con": 25}, "ZombieActorHeadlessTier3": {"dex": 1, "attacks": [{"frequency": 1, "name": "ZombieScratch"}], "str": 8, "con": 16}, "ZombieActorHeadlessTier4": {"dex": 1, "attacks": [{"frequency": 1, "name": "ZombieScratch"}], "str": 10, "con": 27}, "ZombieActorRegularCrazy": {"dex": 2, "attacks": [{"frequency": 1, "name": "ZombieBite"}, {"frequency": 0.5, "name": "ZombieScratch"}], "str": 19, "con": 28}, "FarmStageActorBoss": {"dex": 1.5, "attacks": [{"frequency": 100, "name": "OldMcDonnellPunch"}], "bossActions": [{"spriteSize": 32, "frequency": 40, "name": "throw", "sprite": "stex0004.png", "damage": 6}, {"spriteSize": 32, "frequency": 30, "name": "throw", "sprite": "chicken.png", "damage": 12}, {"spriteSize": 50, "frequency": 30, "name": "throw", "sprite": "bucket.png", "damage": 18}], "str": 2, "con": 20}, "RobotStageActorBrainBot": {"dex": 1, "attacks": [{"frequency": 100, "name": "BrainBotShock"}], "bossActions": [{"spriteSize": 50, "frequency": 30, "name": "throw", "sprite": "barrel.png", "damage": 50}, {"spriteSize": 50, "frequency": 30, "name": "throw", "sprite": "wreckingBall.png", "damage": 50}, {"spriteSize": 50, "frequency": 30, "name": "throw", "sprite": "wrench.png", "damage": 35}, {"spriteSize": 50, "frequency": 30, "name": "throw", "sprite": "spring.png", "damage": 20}, {"spriteSize": 50, "frequency": 30, "name": "throw", "sprite": "screw.png", "damage": 20}, {"castTime": 3, "frequency": 50, "name": "telekinesis", "damage": "0"}], "str": 14, "con": 280}, "ZombieActorSmallTier2": {"dex": 4, "attacks": [{"frequency": 1, "name": "ZombieBite"}], "str": 3.125, "con": 2.75}, "CityStageActorCrazedWorker": {"dex": 2.5, "attacks": [{"frequency": 100, "name": "CrazedWorkerAttack"}], "str": 2, "con": 25}, "ZombieActorHeadlessTier1": {"dex": 1, "attacks": [{"frequency": 1, "name": "ZombieScratch"}], "str": 1.6000000000000001, "con": 4.5}, "FarmStageActorFarmhand": {"dex": 1, "attacks": [{"frequency": 100, "name": "FarmhandPoke"}], "str": 2, "con": 4}, "ZombieActorHeadlessTier2": {"dex": 1, "attacks": [{"frequency": 1, "name": "ZombieScratch"}], "str": 3, "con": 11}, "NinjaStageActorBoy": {"dex": 1, "attacks": [{"frequency": 100, "name": "CrazedWorkerAttack"}], "str": 18, "con": 60}, "ZombieActorGardenCupid": {"dex": 3, "attacks": [{"frequency": 1, "name": "ZombieScratch"}], "fertilizeChance": 0.12, "str": 13.5, "con": 15}, "CityStageActorBoss": {"dex": 4, "attacks": [{"frequency": 60, "name": "CorporateBossPunch"}, {"frequency": 40, "name": "CorporateBossPunchSpecial"}], "bossActions": [{"spriteSize": 32, "frequency": 40, "name": "throw", "sprite": "stapler.png", "damage": 12}, {"spriteSize": 50, "frequency": 30, "name": "throw", "sprite": "phone.png", "damage": 24}, {"spriteSize": 64, "frequency": 30, "name": "throw", "sprite": "monitor.png", "damage": 36}], "str": 8, "con": 45}, "RobotStageActorBroBot": {"dex": 3, "attacks": [{"frequency": 100, "name": "BroBotAttack"}], "bossActions": [{"spriteSize": 50, "frequency": 30, "name": "throw", "sprite": "spring.png", "damage": 20}, {"spriteSize": 50, "frequency": 30, "name": "throw", "sprite": "screw.png", "damage": 35}, {"spriteSize": 50, "frequency": 30, "name": "throw", "sprite": "wrench.png", "damage": 35}, {"spriteSize": 50, "frequency": 30, "name": "throw", "sprite": "wreckingBall.png", "damage": 50}, {"spriteSize": 50, "frequency": 30, "name": "throw", "sprite": "barrel.png", "damage": 50}], "str": 8, "con": 350}, "RobotStageActorJunkBot": {"dex": 5, "attacks": [{"frequency": 100, "name": "JunkBotBite"}], "bossActions": [{"spriteSize": 50, "frequency": 30, "name": "throw", "sprite": "barrel.png", "damage": 50}, {"spriteSize": 50, "frequency": 30, "name": "throw", "sprite": "wreckingBall.png", "damage": 50}, {"spriteSize": 50, "frequency": 30, "name": "throw", "sprite": "wrench.png", "damage": 35}, {"spriteSize": 50, "frequency": 30, "name": "throw", "sprite": "screw.png", "damage": 20}, {"spriteSize": 50, "frequency": 30, "name": "throw", "sprite": "spring.png", "damage": 20}, {"spriteSize": 128, "name": "wall", "hp": 1500, "castTime": 3, "frequency": 100, "collisionSize": 70, "sprite": "junkWall.png"}], "str": 3.6000000000000001, "con": 310}, "NinjaStageActorBoss": {"dex": 5, "attacks": [{"frequency": 100, "name": "CrazedWorkerAttack"}], "bossActions": [{"spriteSize": 32, "frequency": 30, "name": "throw", "sprite": "kunai.png", "damage": 17.5}, {"spriteSize": 50, "frequency": 30, "name": "throw", "sprite": "rabbit.png", "damage": 35}, {"spriteSize": 50, "frequency": 30, "name": "throw", "sprite": "ramen.png", "damage": 52.5}, {"spriteSize": 128, "name": "wall", "hp": 1500, "castTime": 3, "frequency": 100, "collisionSize": 70, "sprite": "carrotWall.png"}], "str": 7, "con": 250}, "NinjaStageActorGirl": {"dex": 10, "attacks": [{"frequency": 100, "name": "NinjaStab"}], "str": 1.5, "con": 40}, "PirateStageActorBoss": {"dex": 0.40000000000000002, "attacks": [{"frequency": 100, "name": "PirateBossSlash"}], "bossActions": [{"spriteSize": 32, "frequency": 40, "name": "throw", "sprite": "parrot.png", "damage": 12.5}, {"spriteSize": 50, "frequency": 30, "name": "throw", "sprite": "chest.png", "damage": 25}, {"spriteSize": 64, "frequency": 30, "name": "throw", "sprite": "anchor.png", "damage": 50}], "str": 500, "con": 120}, "SpecialStageActorBoss": {"dex": 2, "attacks": [{"frequency": 100, "name": "SpecialBossAttack"}], "bossActions": [{"frequency": 40, "name": "throw", "sprite": "icecream_debris_cone.png", "damage": 12}, {"frequency": 30, "name": "throw", "sprite": "icecream_debris_popcicle.png", "damage": 0}, {"frequency": 30, "name": "throw", "sprite": "icecream_debris_sundae.png", "damage": 36}], "throwParticles": ["easterThrowParticle1.plist"], "throwOffset": "{-40,90}", "str": 4, "throwTiming": 0.59999999999999998, "con": 35}, "AlienStageActorMinion": {"dex": 1, "attacks": [{"frequency": 100, "name": "CrazedWorkerAttack"}], "str": 6, "con": 60}}