{"barbarianJaw": {"pivotX": 0.8, "pivotY": 0.95, "offsetX": -1, "offsetY": 2, "height": 23, "width": 44, "y": 218.0, "x": 118.0, "rotation": 0.0, "z": 5}, "defaultArmF": {"pivotX": 0.93, "pivotY": 0.72, "offsetX": 9, "offsetY": 28, "height": 16, "width": 31, "y": 156.0, "x": 219.0, "rotation": 0.0, "z": 7}, "defaultArmB": {"pivotX": 0.93, "pivotY": 0.76, "offsetX": -3, "offsetY": 25, "height": 13, "width": 26, "y": 53.0, "x": 351.0, "rotation": 0.0, "z": 0}, "robocopJaw": {"pivotX": 0.8, "pivotY": 0.95, "offsetX": -1, "offsetY": 0.0, "height": 16, "width": 37, "y": 77.0, "x": 325.0, "rotation": 0.0, "z": 5}, "cupidWings": {"pivotX": 0, "pivotY": 1, "offsetX": 4, "offsetY": 38, "height": 25, "width": 42, "y": 486, "x": 402, "rotation": 0.0, "z": 1}, "tomatoHead": {"pivotX": 0.73, "pivotY": 0.3, "offsetX": 6, "offsetY": 42, "height": 47, "width": 49, "y": 303.0, "x": 56.0, "rotation": 0.0, "z": 4}, "potatoHead": {"pivotX": 0.73, "pivotY": 0.15, "offsetX": 4, "offsetY": 33, "height": 57, "width": 43, "y": 159.0, "x": 119.0, "rotation": 0.0, "z": 4}, "defaultEyeR": {"pivotX": 0.5, "pivotY": 0.5, "offsetX": -5, "offsetY": 14, "height": 13, "width": 14, "y": 95.0, "x": 325.0, "rotation": 0.0, "z": 5}, "impFeature": {"pivotX": 0.73, "pivotY": 0.25, "offsetX": -3, "offsetY": 24, "height": 14, "width": 47, "y": 210.0, "x": 216.0, "rotation": 0.0, "z": 5}, "goblinEarFeature": {"pivotX": 0.73, "pivotY": 0.25, "offsetX": 26, "offsetY": 15, "height": 25, "width": 27, "y": 174.0, "x": 219.0, "rotation": 0.0, "z": 5}, "amazonFeature": {"pivotX": 0.5, "pivotY": 0.5, "offsetX": -11, "offsetY": 17, "height": 31, "width": 48, "y": 319.0, "x": 2.0, "rotation": 0.0, "z": 5}, "defaultBody": {"pivotX": 0.63, "pivotY": 0.34, "offsetX": 10, "offsetY": 13, "height": 34, "width": 38, "y": 118.0, "x": 252.0, "rotation": 0.0, "z": 3}, "defaultEyeL": {"pivotX": 0.5, "pivotY": 0.5, "offsetX": -26, "offsetY": 13, "height": 13, "width": 14, "y": 95.0, "x": 325.0, "rotation": 0.0, "z": 5}, "mutationArm": {"pivotX": 0.87, "pivotY": 0.72, "offsetX": 9, "offsetY": 28, "height": 11, "width": 18, "y": 133.0, "x": 292.0, "rotation": 0.0, "z": 7}, "garlicHead": {"pivotX": 0.73, "pivotY": 0.2, "offsetX": 6, "offsetY": 36, "height": 50.0, "width": 50.0, "y": 210.0, "x": 164.0, "rotation": 0.0, "z": 4}, "coffeeHead": {"pivotX": 0.73, "pivotY": 0.15, "offsetX": 6, "offsetY": 36, "height": 56, "width": 40, "y": 61.0, "x": 202.0, "rotation": 0.0, "z": 4}, "crazyEyeR": {"pivotX": 0.5, "pivotY": 0.5, "offsetX": -5, "offsetY": 14, "height": 13, "width": 14, "y": 499, "x": 297, "rotation": 0.0, "z": 5}, "amazonBody": {"pivotX": 0.63, "pivotY": 0.34, "offsetX": 8, "offsetY": 13, "height": 34, "width": 24, "y": 2.0, "x": 305.0, "rotation": 0, "z": 3}, "pumpkinHead": {"pivotX": 0.73, "pivotY": 0.15, "offsetX": 6, "offsetY": 36, "height": 49, "width": 53, "y": 159.0, "x": 164.0, "rotation": 0.0, "z": 4}, "gnomeFeature": {"pivotX": 0.73, "pivotY": 0.25, "offsetX": 0, "offsetY": 2, "height": 103, "width": 50, "y": 102.0, "x": 67.0, "rotation": 0.0, "z": 5}, "robocopFeature": {"pivotX": 0.5, "pivotY": 0.5, "offsetX": -11, "offsetY": 18, "height": 41, "width": 53, "y": 260.0, "x": 57.0, "rotation": 0.0, "z": 5}, "flytrapCollar": {"pivotX": 0.5, "pivotY": 0.1, "offsetX": 0, "offsetY": 12, "height": 98, "width": 108, "y": 2.0, "x": 2.0, "rotation": 0.0, "z": 3}, "defaultHead": {"pivotX": 0.72, "pivotY": 0.18, "offsetX": 7, "offsetY": 36, "height": 53, "width": 49, "y": 2.0, "x": 254.0, "rotation": 0.0, "z": 4}, "beeButt": {"pivotX": 0, "pivotY": 1, "offsetX": 13, "offsetY": 33, "height": 18.0, "width": 20.0, "y": 57.0, "x": 325.0, "rotation": 0.0, "z": 1}, "cupidBody": {"pivotX": 0.63, "pivotY": 0.34, "offsetX": 10, "offsetY": 13, "height": 34, "width": 34, "y": 477, "x": 364, "rotation": 0, "z": 3}, "broccoliHat": {"pivotX": 0.73, "pivotY": 0.25, "offsetX": 7, "offsetY": 9, "height": 57, "width": 69, "y": 2.0, "x": 183.0, "rotation": 0.0, "z": 6}, "onionHead": {"pivotX": 0.73, "pivotY": 0.2, "offsetX": 6, "offsetY": 36, "height": 51, "width": 50, "y": 207.0, "x": 66.0, "rotation": 0.0, "z": 4}, "excitedArmB": {"pivotX": 0.93, "pivotY": 0.76, "offsetX": -3, "offsetY": 25, "height": 15.0, "width": 31.0, "y": 243.0, "x": 118.0, "rotation": 0.0, "z": 0}, "sunflowerFeature": {"pivotX": 0.5, "pivotY": 0.5, "offsetX": -9, "offsetY": 15, "height": 63, "width": 63, "y": 102.0, "x": 2.0, "rotation": 0.0, "z": 3}, "defaultFootF": {"pivotX": 0.75, "pivotY": 0.9, "offsetX": 16, "offsetY": 8, "height": 9, "width": 16, "y": 226.0, "x": 216.0, "rotation": 0.0, "z": 2}, "excitedArmF": {"pivotX": 0.93, "pivotY": 0.72, "offsetX": 9, "offsetY": 28, "height": 18, "width": 37, "y": 93.0, "x": 286.0, "rotation": 0.0, "z": 7}, "cauliflowerHat": {"pivotX": 0.73, "pivotY": 0.25, "offsetX": 7, "offsetY": 9, "height": 57, "width": 69, "y": 2.0, "x": 112.0, "rotation": 0.0, "z": 6}, "crazyEyeL": {"pivotX": 0.5, "pivotY": 0.5, "offsetX": -26, "offsetY": 13, "height": 13, "width": 14, "y": 485, "x": 297, "rotation": 0, "z": 5}, "beard": {"pivotX": 0.7, "pivotY": 0.95, "offsetX": -1, "offsetY": 0, "height": 30, "width": 51, "y": 483, "x": 312, "rotation": 0, "z": 8}, "girlBody": {"pivotX": 0.63, "pivotY": 0.34, "offsetX": 10, "offsetY": 13, "height": 34, "width": 37, "y": 57.0, "x": 286.0, "rotation": 0.0, "z": 3}, "turnipArm": {"pivotX": 1, "pivotY": 0.72, "offsetX": 0, "offsetY": 28, "height": 13, "width": 34, "y": 2.0, "x": 365.0, "rotation": 0.0, "z": 8}, "beautyFeature": {"pivotX": 0.5, "pivotY": 0.5, "offsetX": -11, "offsetY": 17, "height": 44, "width": 52, "y": 273.0, "x": 2.0, "rotation": 0.0, "z": 5}, "eyeBrowFeature": {"pivotX": 0.73, "pivotY": 0.25, "offsetX": -8, "offsetY": 17, "height": 13, "width": 34, "y": 17.0, "x": 365.0, "rotation": 0.0, "z": 5}, "beeFeature": {"pivotX": 0.5, "pivotY": 0.5, "offsetX": -11, "offsetY": 29, "height": 53, "width": 53, "y": 218.0, "x": 2.0, "rotation": 0.0, "z": 5}, "barbarianHair": {"pivotX": 0.5, "pivotY": 0.5, "offsetX": -5, "offsetY": 16, "height": 49.0, "width": 62.0, "y": 167.0, "x": 2.0, "rotation": 0.0, "z": 5}, "femaleFeature": {"pivotX": 0.73, "pivotY": 0.25, "offsetX": 2, "offsetY": 16, "height": 35.0, "width": 50.0, "y": 119.0, "x": 200.0, "rotation": 0.0, "z": 5}, "bruteJaw": {"pivotX": 0.8, "pivotY": 0.95, "offsetX": -1, "offsetY": 2, "height": 17, "width": 44, "y": 38.0, "x": 305.0, "rotation": 0.0, "z": 5}, "defaultFootB": {"pivotX": 0.75, "pivotY": 0.9, "offsetX": -1, "offsetY": 8, "height": 9.0, "width": 16.0, "y": 226.0, "x": 216.0, "rotation": 0.0, "z": 1}, "nerdFeature": {"pivotX": 0.73, "pivotY": 0.25, "offsetX": 5, "offsetY": 13, "height": 38, "width": 56, "y": 61.0, "x": 112.0, "rotation": 0.0, "z": 5}, "defaultJaw": {"pivotX": 0.8, "pivotY": 0.95, "offsetX": -1, "offsetY": 0.0, "height": 14.0, "width": 36.0, "y": 37.0, "x": 351.0, "rotation": 0.0, "z": 5}, "limaBeanBody": {"pivotX": 0.63, "pivotY": 0.34, "offsetX": 10, "offsetY": 13, "height": 55, "width": 40, "y": 61.0, "x": 244.0, "rotation": 0.0, "z": 3}, "cyborgFeature": {"pivotX": 0.5, "pivotY": 0.5, "offsetX": -3, "offsetY": 13, "height": 33.0, "width": 32.0, "y": 2.0, "x": 331.0, "rotation": 0.0, "z": 5}, "robotFeature": {"pivotX": 0.5, "pivotY": 0.5, "offsetX": -11, "offsetY": 18, "height": 43, "width": 50, "y": 260.0, "x": 112.0, "rotation": 0.0, "z": 5}, "dragonArm": {"pivotX": 1, "pivotY": 0.6, "offsetX": 0, "offsetY": 28, "height": 27.0, "width": 45.0, "y": 154.0, "x": 252.0, "rotation": 0.0, "z": 8}, "carrotHat": {"pivotX": 0, "pivotY": 0, "offsetX": -12, "offsetY": 9, "height": 37, "width": 30, "y": 61.0, "x": 170.0, "rotation": 0.0, "z": 6}, "locksFeature": {"pivotX": 0.73, "pivotY": 0.25, "offsetX": 9, "offsetY": -3, "height": 56, "width": 79, "y": 101.0, "x": 119.0, "rotation": 0.0, "z": 5}, "celeryArm": {"pivotX": 1, "pivotY": 0.72, "offsetX": 0, "offsetY": 28, "height": 18, "width": 33, "y": 113.0, "x": 292.0, "rotation": 0.0, "z": 8}, "partyCollar": {"pivotX": 0, "pivotY": 1, "offsetX": -12, "offsetY": 37, "height": 10.0, "width": 20.0, "y": 195.0, "x": 248.0, "rotation": 0.0, "z": 4}, "cupidFeature": {"pivotX": 0.5, "pivotY": 0.5, "offsetX": -11, "offsetY": 20, "height": 49, "width": 66, "y": 462, "x": 445, "rotation": 0.0, "z": 5}, "mustache": {"pivotX": 0.58, "pivotY": 1.5, "offsetX": -8, "offsetY": 17, "height": 16, "width": 52, "y": 498, "x": 244, "rotation": 0.0, "z": 9}, "browFeature": {"pivotX": 0.73, "pivotY": 0.25, "offsetX": -8, "offsetY": 17, "height": 10, "width": 37, "y": 183.0, "x": 248.0, "rotation": 0.0, "z": 5}}