{
	"report_reason":{
		"maxLength":255,
		"minLength":1
	},
	"current_password_field":{
		"minLength":1,
		"inputTypeString":"Password"
	},
	"new_password_field":{
		"maxLength":25,
		"minLength":4,
		"badRegex":"\\s",
		"inputTypeString":"Password"
	},
	"gamer_password":{
		"maxLength":25,
		"minLength":4,
		"goodRegex":["^[a-z\\:\\-\\;\\(\\)][a-z0-9\\:\\-\\;\\(\\)]+$", "i"],
		"inputTypeString":"Password",
		"enterKeyTypeString":"Done"
	},
	"email_address":{
		"minLength":3,
		"maxLength":100,
		"goodRegex":["^[a-z0-9!#$%&'*+/=?^_`{|}~-]+(?:\\.[a-z0-9!#$%&'*+/=?^_`{|}~-]+)*@(?:[a-z0-9](?:[a-z0-9-]*[a-z0-9])?\\.)+[a-z0-9](?:[a-z0-9-]*[a-z0-9])?$", "i"],
		"inputTypeString":"Email",
		"enterKeyTypeString":"Done"				
	},
	"gamer_email_address":{
		"badRegex":"\\s",
		"inputTypeString":"None",
		"enterKeyTypeString":"Done"
	},
	"forgot_password_email_address":{
		"badRegex":"\\s",
		"inputTypeString":"None",
		"enterKeyType":"Done"
	},
	"first_name":{
		"minLength":1,
		"maxLength":255,
		"goodRegex":["^$|^[\\w](?:[\\w\\'\\- ]*[\\w]){0,1}$", "i"],
		"inputTypeString":"None"
	},
	"last_name":{
		"minLength":1,
		"maxLength":255,
		"goodRegex":["^$|^[\\w](?:[\\w\\'\\- ]*[\\w]){0,1}$", "i"],
		"inputTypeString":"None"
	},
	"user_search":{
		"minLength":1,
		"inputTypeString":"None",
		"enterKeyType":"Done"
	},
	"gamer_name":{
		"maxLength":15,
		"minLength":4,
		"inputTypeString":"None",
		"enterKeyType":"Done"
		},
	"wall_post":{
		"maxLength":90,
		"inputTypeString":"None",
		"enterKeyType":"Done"
		},
	"wall_post_cur_user":{
		"maxLength":90,
		"inputTypeString":"None",
		"enterKeyType":"Done"
	}
}