{"platformVersion":"2.1","disableMobageServiceUI":false,"AD_ID":"N/A","socialServer":"app.mobage.com","analyticsServer":"ngpipes.ngmoco.com","appId":"mobageBoot","usePlatformSpecificAppId":true,"omitJsUpdate":true,"requireMobageLogin":true,"localizationEnabled":true,"useLocalDevModeOverrideInThisConfig":false,"isLocalDevModeOverrideValue":false,"disablePushNotifications":false,"disableAndroidMarketRedirect":false,"getGamesFromLocal":false,"jsForcedUpdateIntervalInSec":86400,"minBinaryVersion":"1.3.5","socialConsumerCredentials":{"iosKey":"2Azet3fmAy2hyRzAWRM8Q","iosSecret":"uutgxzmSASCym0ZuSrfctHHFtERkv21XDMBjufpIL1E","androidKey":"RennPVECWcXIpBrleeEA","androidSecret":"fJk8dPemG3FOi3nWK0hBJmRVV8Dk3ZJAOOdyKLLc"},"homeScreenPromotion":{"promotionalImage":"mobage-promo-image.jpg","screen":"Catalog"},"secureContentUrl":"https://games-secure.mobage.com/mobage/games/mobageBoot/"}