{
  "%1;0d%": "%1;0d%", 
  "%1d Players": "%1d Spieler", 
  "%1d Screenshots": "%1d Bildschirmfotos", 
  "%1d friends play this game": "%1d Freunde spielen dieses Spiel", 
  "%1d of ": "%1d von ", 
  "%1d of %2d": "%1d von %2d", 
  "%1d suggested friends": "%1d Freundschaftsvorschläge", 
  "%1s": "%1s", 
  "%1s\nSorry, we weren't able to save changes. Please try again later.": "%1s,\nleider konnten wir die Änderungen nicht speichern.  Versuche es bitte später noch einmal.", 
  "%1s %2s": "%1s %2s", 
  "%1s doesn't have any Friends yet.": "%1s hat noch keine Freunde.", 
  "%1s for %2d %3s": "%1s für %2d %3s", 
  "%1s has an invalid email address.": "%1s hat eine ungültige E-Mail-Aresse.", 
  "%1s has not upgraded to Mobage yet. Invite them to upgrade!": "%1s hat noch nicht auf Mobage aufgerüstet. Sprich doch eine Einladung aus!", 
  "%1s is ready to go. Play now!": "%1s ist startbereit. Spiele los!", 
  "%1s isn't playing any games yet.": "%1s spielt noch keine Spiele.", 
  "%1s needs to accept your Friend request first!": "UNTRANSLATED", 
  "%1s's Friends": "Freunde von %1s", 
  "%1s's Games": "Spiele von %1s", 
  "%1s's Profile": "Profil von %1s", 
  "%1s's friends (%2d)": "Freunde von %1s (%2d)", 
  "%1s's recently played games": "%1s hat kürzlich gespielt", 
  "1 Player": "1 Spieler", 
  "1 Screenshot": "1 Bildschirmfoto", 
  "1 friend plays this game": "1 Freund spielt dieses Spiel", 
  "1 of 4": "1 von 4", 
  "1 suggested friend": "1 Freundschaftsvorschlag", 
  "A Mobage invitation email has been sent to %1s.": "Eine Mobage-Einladungs-E-Mail wurde an %1s verschickt.", 
  "A critical Mobage update is available in the %1s. Please update to continue using the service.": "Ein kritisches Mobage-Update ist im %1s verfügbar. Lade es bitte herunter, um den Dienst weiterhin zu nutzen.", 
  "A critical update is available in the %1s. Please download the new version from the %1s to continue playing.": "Ein kritisches Update ist im %1s verfügbar. Lade bitte die neue Version vom %1s herunter um weiterzuspielen.", 
  "A little bit about you...": "UNTRANSLATED", 
  "About Me": "Über mich", 
  "About me…": "Über mich ...", 
  "Accept": "Annehmen", 
  "Accept friend request.": "Freundschaftsanfrage angenommen.", 
  "Accepted": "Angenommen", 
  "Accepting...": "Annehmen ...", 
  "Account Settings": "Einstellungen", 
  "Add": "Hinzufügen", 
  "Add\nFriends": "Freunde\nhinzufügen", 
  "Add All": "Alle hinzufügen", 
  "Add Game!": "Hinzufügen!", 
  "Add More\nGames": "Mehr Spiele\nhinzufügen", 
  "Add User": "Nutzer hinzufügen", 
  "Add all contacts below": "Alle Kontakte unten hinzufügen", 
  "Add as Friend": "Als Freund hinzufügen", 
  "Additional System Details": "Zusätzliche Systeminformationen", 
  "All Games": "Alle Spiele", 
  "Already Friends!": "Bereits befreundet!", 
  "An update to Mobage has been downloaded. Please restart to apply the update.": "Ein Mobage-Update wurde heruntergeladen. Aktiviere es bitte durch einen Neustart.", 
  "Android Market": "Android Market", 
  "App Store": "App Store", 
  "Are you sure you want to block this user?": "Möchtest du diesen Nutzer wirklich sperren?", 
  "Are you sure you want to delete this post?": "Möchtest du diesen Beitrag wirklich löschen?", 
  "Are you sure you want to purchase this item?": "Möchtest du diesen Gegenstand wirklich kaufen?", 
  "Are you sure you want to unblock this user?": "Möchtest du diesen Nutzer wirklich entsperren?", 
  "Are you sure you want to unfriend this user?": "Möchtest du wirklich nicht mehr mit diesem Nutzer befreundet sein?", 
  "At least 4 characters": "Mindestens 4 Zeichen", 
  "Available for Friends": "Fur Freunde verfügbar", 
  "Back": "Zurück", 
  "Back To\nGame": "Zum\nSpiel", 
  "Back to\nMarket": "Zum\nMarket", 
  "Back to Game": "Zurück zum Spiel", 
  "Block %1s?": "%1s sperren?", 
  "Block User": "Nutzer sperren", 
  "Blocked Users": "Gesperrte Nutzer", 
  "Buy a": "Kaufe:", 
  "By tapping \"OK\", you agree to our": "Durch Tippen auf \"OK\" stimmst du Folgendem zu:", 
  "Cancel": "Abbrechen", 
  "Change Password": "Passwort ändern", 
  "Check out these suggested friends who play this game!": "Folgende Nutzer spielen dieses Spiel und könnten deine Freunde werden!", 
  "Checking availability...": "Verfügbarkeit überprüfen ...", 
  "Checking for Friend requests...": "Freundschaftsanfragen überprüfen ...", 
  "Choose Friends: %1d": "Freunde wählen: %1d", 
  "Choose up to %1d friends": "Wähle bis zu %1d Freunde", 
  "Choose up to %1d friends: %2d left": "Wähle bis zu %1d Freunde: noch %2d", 
  "Choose your Mobage name to play.": "Wähle deinen Mobage-Spielernamen.", 
  "Coming soon!": "Bald verfügbar!", 
  "Comment": "Kommentar", 
  "Comments": "Kommentare", 
  "Complete\nProfile": "Profil\nvervollständigen", 
  "Complete!": "Vollständig!", 
  "Confirm": "Bestätigen", 
  "Congratulations %1s!": "Glückwunsch, %1s!", 
  "Congratulations!": "Gratulation!", 
  "Contacts Already on Mobage": "Bestehende Kontakte bei Mobage", 
  "Conversation with %1s": "Konversation mit %1s", 
  "Could not retrieve Images, Please check your connection": "Bilder konnten nicht geladen werden, überprüfe bitte deine Verbindung!", 
  "Couldn't connect.\nPlease try again.": "Keine Verbindung.\nVersuche es bitte noch einmal.", 
  "Couldn't find %1s": "%1s nicht gefunden", 
  "Create\nUsername": "Nutzername\nanlegen", 
  "Current Password": "Aktuelles Passwort", 
  "Customer Support": "Kundendienst", 
  "Delete": "Löschen", 
  "Delete This Post": "Diesen Beitrag löschen", 
  "Deleting ...": "Löschen ...", 
  "Don't show this again.": "Nicht wieder anzeigen.", 
  "Done": "Fertig", 
  "Download Too Large": "Download zu groß", 
  "Download Unsuccessful": "Download nicht erfolgreich", 
  "Download a free game\n to get started!": "Lade ein kostenloses Spiel\n herunter um loszulegen! ", 
  "Edit": "Bearbeiten", 
  "Edit Profile": "Profil bearbeiten", 
  "Edit Profile Information": "Profildaten bearbeiten", 
  "Email Address": "E-Mail-Adresse", 
  "Email Invite": "E-Mail-Einladung", 
  "Email address can't be more than 100 characters": "E-Mail-Adresse darf nicht länger als 100 Zeichen sein", 
  "Email address cannot contain spaces.": "E-Mail-Adresse darf keine Leerzeichen enthalten.", 
  "Email address must be at least 3 characters": "E-Mail-Adresse muss mindestens 3 Zeichen lang sein", 
  "Email invite sent!": "E-Mail-Einladung verschickt!", 
  "Email sent!": "E-Mail verschickt!", 
  "Enter %1s's email...": "Gib die E-Mail-Adresse von %1s ein ...", 
  "Enter a username to PLAY!": "Gib einen Nutzernamen ein, mit dem du SPIELEN willst!", 
  "Enter a valid email address": "Gib eine gültige E-Mail-Adresse ein", 
  "Enter email here": "E-Mail-Adresse hier eingeben", 
  "Error": "Fehler", 
  "Error Saving your status message: %1s": "Fehler beim Speichern deiner Statusnachricht: %1s", 
  "Error accessing system.  Please try again later. Error: %1s": "Fehler beim Zugriff aufs System.  Versuche es bitte später noch einmal. Fehler: %1s", 
  "Error when trying to invite a friend. Error: %1s": "Fehler beim Einladen eines Freundes. Fehler: %1s", 
  "Error! Gremlins aren't being friendly today.": "Fehler! Die Gremlins sind heute nicht eben freundlich.", 
  "Exit": "Verlassen", 
  "FREE": "GRATIS", 
  "Failed to update avatar. Try again.": "Avatar-Update fehlgeschlagen. Versuche es noch einmal.", 
  "Featured Games": "Empfohlene Spiele", 
  "Find Friends": "Freunde finden", 
  "Find Games": "Spiele finden", 
  "Find People": "Leute finden", 
  "First Name": "Vorname", 
  "Forgot Password?": "Passwort vergessen?", 
  "Forgot Your Password?": "Hast du dein Passwort vergessen?", 
  "Forgot your password?": "Hast du dein Passwort vergessen?", 
  "Friend Requests": "Freund- schafts- anfragen", 
  "Friends": "Freunde", 
  "Friends' Games": "Spiele von Freunden", 
  "Full Name": "Vollständiger Name", 
  "Game Info": "Spielinfos", 
  "Games": "Spiele", 
  "Games that my Friends Play": "Spiele, die meine Freunde spielen", 
  "Get Games": "Spiele herunterladen", 
  "Get MobaCoin!": "UNTRANSLATED", 
  "Get Mobage news & updates": "Mobage-Neuigkeiten & -Updates herunterladen", 
  "Get the Update": "Update herunterladen", 
  "Getting Friend suggestions...": "Freundschaftsvorschläge ansehen ...", 
  "Getting the gossip...": "Tratsch ansehen ...", 
  "Give your profile a little love.": "UNTRANSLATED", 
  "Go": "Los", 
  "Goodbye": "Tschüs", 
  "Have Fun!": "Viel Spaß!", 
  "Have you tried scanning your contacts? People you know may already be on Mobage!": "Hast du versucht, in deinen Kontakten zu suchen? Es könnten schon Leute bei Mobage sein, die du kennst!", 
  "Help them out and add them as a Friend!": "Hilf diesem Spieler und füge ihn als Freunde hinzu!", 
  "Hey Big Spender": "He, Großinvestor", 
  "Hide": "Verbergen", 
  "Home": "Startseite", 
  "Hop over to the Market and update to get the new goodness": "Hol dir auf dem Market das neueste Update, um auf dem Laufenden zu bleiben", 
  "I haven't written anything yet": "Ich habe noch nichts geschrieben", 
  "Ignore": "Ignorieren", 
  "Ignored": "Ignoriert", 
  "Invite": "Einladen", 
  "Invite %1s to upgrade to Mobage to connect and play games!": "Lade %1s, auf Mobage aufzurüsten, um euch zu verbinden und gemeinsam zu spielen!", 
  "Invite Contacts to Mobage": "Kontakte zu Mobage einladen", 
  "Invite Sent": "Einladung verschickt", 
  "Invited": "Eingeladen", 
  "Inviting...": "Einladen ...", 
  "Last Name": "Nachname", 
  "Last Played": "Zuletzt gespielt", 
  "Last played": "Zuletzt gespielt", 
  "Later": "Später", 
  "Launching %1s…": "%1s starten …", 
  "Launching…": "Starten …", 
  "Leave a Comment": "Hinterlass einen Kommentar", 
  "Let's go!": "Los geht's!", 
  "Loading %1s's profile…": "Profil von %1s laden …", 
  "Loading friends…": "Freunde laden …", 
  "Loading games...": "Spiele laden ...", 
  "Loading games…": "Spiele laden ...", 
  "Loading more choices...": "Größere Auswahl laden ...", 
  "Loading wall…": "MobaWall laden …", 
  "Loading...": "Laden ...", 
  "Log In": "Anmelden", 
  "Logout": "Abmelden", 
  "Looks like someone beat you to it.\nHow about one of these Mobage names.": "Da war anscheinend jemand schneller.\nWie wär's mit einem von diesen Mobage-Namen?", 
  "Looks like there was a problem with the download. Please try again.": "Es gab anscheinend ein Problem mit den Download. Versuche es bitte noch einmal.", 
  "Make Mobage games more fun": "Mach Mobage-Spiele noch unterhaltsamer", 
  "Message too long": "Nachricht zu lang", 
  "MobaCoin": "MobaCoin", 
  "MobaCoin is the currency for all your Mobage games.": "UNTRANSLATED", 
  "Mobage Friends": "Mobage-Freunde", 
  "Mobage Home": "Mobage-Startseite", 
  "Mobage Information": "Mobage-Informationen", 
  "Mobage Updated": "Mobage-Updated", 
  "Mobage Version": "Mobage-Version", 
  "Mobage just got a little bit better! Enjoy!": "Mobage ist jetzt noch ein bisschen besser! Viel Spaß!", 
  "Mobage name can't be more than 15 characters.": "Mobage-Namen können nicht länger als 15 Zeichen sein.", 
  "Mobage name must be at least 4 characters.": "Mobage-Namen müssen mindestens 4 Zeichen lang sein.", 
  "Mobage name must not contain spaces or tabs.": "Mobage-Namen dürfen keine Leer- oder Tabulatorzeichen enthalten.", 
  "More Posts": "Weitere Beiträge", 
  "My Balance:": "Mein Kontostand:", 
  "My Friend Requests": "Meine Anfragen", 
  "My Friends": "Freunde", 
  "My Friends (%1d)": "Freunde (%1d)", 
  "My Games": "Spiele", 
  "My Mobacoin": "MobaCoins", 
  "My Page": "Meine Seite", 
  "My Profile": "Mein Profil", 
  "My Recently Played Games": "Meine aktuellen Spiele", 
  "Name Taken": "Name vergeben", 
  "Name, Mobage name, or email": "Name, Mobage-Name oder E-Mail", 
  "New Notification": "Neue Benachrichtigung", 
  "New Password": "Neues Passwort", 
  "New passwords do not match.": "Die neuen Passwörter stimmen nicht überein.", 
  "No": "Nein", 
  "No Network Connection": "Keine Netzwerkverbindung", 
  "No email address": "Keine E-Mail-Adresse", 
  "No friends' games were found.": "Keine Spiele von Freunden gefunden.", 
  "No problem! We'll send a password reset email to the address you used to create your Mobage or Plus+ account.": "Kein Problem! Wir schicken eine E-Mail zum Zurücksetzen des Passwortes an die Adresse, mit der du dein Mobage- oder Plus+-Konto angelegt hast.", 
  "No users found.": "Keine Nutzer gefunden.", 
  "Not Now": "Nicht jetzt", 
  "Not able to delete. Please try again later.": "Löschen nicht möglich. Versuche es bitte später noch einmal.", 
  "OK": "OK", 
  "Ok": "Ok", 
  "One currency to spend in all of your Mobage games.": "Eine Währung, die in all deinen Mobage-Spielen gilt.", 
  "One last thing!": "Eins noch!", 
  "Only %1d characters are allowed. Extra characters will be truncated.": "Es sind nur %1d Zeichen erlaubt. Die restlichen Zeichen werden abgeschnitten.", 
  "Only allow Mobage Friends to post comments on my profile": "UNTRANSLATED", 
  "Only receive push notifications from Mobage Friends": "Nur Push-Benachrichtigungen von Mobage-Freunden erhalten.", 
  "Oops": "Hoppla", 
  "Oops! Mobage name can't be more than 15 characters.": "Hoppla! Mobage-Namen können nicht länger als 15 Zeichen sein.", 
  "Oops! Mobage name cannot start with a number.": "Hoppla! Mobage-Namen dürfen nicht mit einer Zahl beginnen.", 
  "Oops! Mobage name must be at least 4 characters.": "Hoppla! Mobage-Namen müssen mindestens 4 Zeichen lang sein.", 
  "Oops! Please don't use spaces or special characters.": "Hoppla! Verwende bitte weder Leer- noch Sonderzeichen.", 
  "Order was charged but there was an error fulfilling it. The system will retry your order next time you restart the game.": "Bestellung wurde abgebucht, aber es gab ein Problem bei der Durchführung. Das System wird deine Bestellung beim nächsten Spielstart erneut versuchen.", 
  "Password (min. 4 characters)": "Passwort (min. 4 Zeichen)", 
  "Password can't be more than 25 characters": "Passwörter dürfen nicht länger als 25 Zeichen sein.", 
  "Password can't be more than 25 characters.": "Passwörter dürfen nicht länger als 25 Zeichen sein.", 
  "Password cannot contain spaces.": "Passwörter dürfen keine Leerzeichen enthalten.", 
  "Password must be at least 4 characters": "Passwörter müssen mindestens 4 Zeichen lang sein.", 
  "Password must be at least 4 characters.": "Passwörter müssen mindestens 4 Zeichen lang sein.", 
  "People on Mobage": "Leute bei Mobage", 
  "People playing %1s": "Leute, die %1s spielen", 
  "Play": "Spielen", 
  "Play %1s now!": "Spiele jetzt %1s!", 
  "Please check your network connection settings.": "Überprüfe bitte deine Netzwerkeinstellungen.", 
  "Please check your network settings and try again.": "Überprüfe bitte deine Netzwerkeinstellungen und versuche es noch einmal.", 
  "Please check your network settings.": "Überprüfe bitte deine Netzwerkeinstellungen.", 
  "Please confirm your email.": "Bestätige bitte deine E-Mail-Adresse.", 
  "Please enter Current Password.": "Gib bitt dein aktuelles Passwort ein.", 
  "Please enter a Mobage name.": "Gib bitte einen Mobage-Namen ein.", 
  "Please enter a password.": "Gib bitt ein Passwort ein.", 
  "Please enter a reason to report this user.": "Gib bitte den Grund ein, warum du diesen Nutzer meldest.", 
  "Please enter a valid birth date.": "Gib bitte ein gültiges Geburtstdatum ein.", 
  "Please enter a valid email": "Gib bitte eine gültige E-Mail-Adresse ein.", 
  "Please enter a valid email address": "Gib bitte eine gültige E-Mail-Adresse ein.", 
  "Please enter a valid email address.": "Gib bitte eine gültige E-Mail-Adresse ein.", 
  "Please enter an email address.": "Gib bitte eine E-Mail-Adresse ein.", 
  "Please enter the email address you used to sign up for Mobage and a password reset will be sent to you.": "Gib bitte die E-Mail-Adresse ein, mit der du dich bei Mobage angemeldet hast, dann schicken wir dir ein neues Passwort zu.", 
  "Please enter your message:": "Gib bitte deine Nachricht ein:", 
  "Please fill in your age": "Trage bitte dein Alter ein.", 
  "Please type a valid e-mail address": "Gib bitte eine gültige E-Mail-Adresse ein.", 
  "Please wait for the current download to finish.": "Warte bitte, bis der aktuelle Download beendet ist.", 
  "Please wait while we catch up!": "Warte bitte, während wir Daten abgleichen!", 
  "Post": "Schreiben", 
  "Post a Reply": "Eine Antwort schreiben", 
  "Post a public comment": "Einen öffentlichen Kommentar schreiben", 
  "Post a reply": "Eine Antwort schreiben", 
  "Posting ...": "Schreiben ...", 
  "Posting…": "Schreiben …", 
  "Privacy Policy": "Datenschutzrichtlinie", 
  "Processing order...": "Bestellung bearbeiten...", 
  "Profile": "Profil", 
  "Pulling in contacts...": "Kontakte laden ...", 
  "Purchase %1s?": "%1s erwerben?", 
  "Purchase Failed": "Erwerb fehlgeschlagen", 
  "Purchase Succeeded": "Erwerb erfolgreich", 
  "Quit": "Beenden", 
  "Re-enter Password": "Password erneut eingeben", 
  "Read More": "Mehr lesen", 
  "Ready to Play": "Spielbereit", 
  "Recently played %1s": "Hat kürzlich %1s gespielt", 
  "Refresh": "Aktualisieren", 
  "Report": "Melden", 
  "Report %1s": "%1s melden", 
  "Report User": "Nutzer melden", 
  "Request Sent": "Angefragt", 
  "Request sent": "Angefragt", 
  "Restart Mobage": "Mobage neu starten", 
  "Restarting Mobage…": "Mobage neu starten …", 
  "Rows Hidden": "Verborgene Reihen", 
  "Save": "Speichern", 
  "Save & Play": "UNTRANSLATED", 
  "Saved!": "Gespeichert!", 
  "Saving...": "Speichern ...", 
  "Scan Contacts": "Kontakte durchsuchen", 
  "Scan Device Contacts": "Kontakte durchsuchen", 
  "Search": "Suchen", 
  "Searching for '%1s'...": "Suchen nach '%1s' ...", 
  "See More Posts...": "Weitere Beiträge anzeigen ...", 
  "Select a User Image": "Nutzerbild wählen", 
  "Send": "Schicken", 
  "Send me game news and updates": "Schickt mir Spieleneuigkeiten und -Updates", 
  "Sending Request...": "Anfrage verschicken ...", 
  "Sending request": "Anfrage verschicken", 
  "Sending request...": "Anfrage verschicken ...", 
  "Service Unavailable": "Dienst nicht verfügbar", 
  "Settings": "Einstellungen", 
  "Show More": "Mehr anzeigen", 
  "Sign Me Up": "Jetzt registrieren", 
  "Sign Up": "Registrieren", 
  "Skip": "Überspringen", 
  "Sorry to keep you waiting! We'll be back ASAP.": "Tut uns leid, dass du warten musst! Wir sind schnellstmöglich zurück.", 
  "Sorry, the Bank is not available. Please try again later.": "Die Bank ist leider nicht verfügbar. Versuche es bitte später noch einmal.", 
  "Sorry, the Bank is not supported.": "Die Bank wird leider nicht unterstützt.", 
  "Sorry, the MobaWall is not yet available for iPhone users. Coming soon!": "Die MobaWall ist für iPhone-Nutzer leider noch nicht verfügbar. Bald verfügbar!", 
  "Sorry, this download is over %1dMB. Please connect to Wi-Fi first.": "Dieser Download ist leider größer als %1d MB. Stelle bitte eine Wi-Fi-Verbindung her.", 
  "Sorry, this item is currently not available.": "Dieser Gegenstand ist derzeit leider nicht verfügbar.", 
  "Sorry, we found no results matching %1s": "Wir haben leider keine Ergebnisse für %1s gefunden.", 
  "Sorry, we weren't able to save changes. Please try again later.": "Wir konnten die Änderungen leider nicht speichern. Versuche es bitte später noch einmal.", 
  "Sorry, you must be at least 14 years old to enter Mobage.": "Du darfst leider erst ab 14 Jahren Mitglied bei Mobage werden.", 
  "Sorry. We weren't able to complete your request.\nPlease check your network connection and try again.": "Tut uns leid. Wir konnten deine Anfrage nicht abschließen.\nÜberprüfe bitte deine Netzwerkverbindung und versuche es noch einmal.", 
  "Step %1d": "Schritt %1d", 
  "Suggested Friends": "Vorschläge", 
  "Support": "Kundendienst", 
  "Support & Feedback": "Kundendienst & Feedback", 
  "System Information": "Systeminformationen", 
  "Talking to the server...": "Kommunikation mit dem Server ...", 
  "Tell %1s what games they should be playing!": "Empfiehl %1s doch ein paar neue Spiele!", 
  "Terms of Service": "Nutzungsbedingungen", 
  "The game isn't fully tested on this device yet. If you run into trouble, let us know in Support > Devices or email us at support@mobage.com": "Das Spiel ist auf diesem Gerät noch nicht vollständig getestet. Wenn Fehler auftreten, gib uns bitte unter Kundendienst > Gerät Bescheid oder schicke eine E-Mail an support@mobage.com.", 
  "The purchase failed.  Please try again later.": "Erwerb fehlgeschlagen.  Versuche es bitte später noch einmal.", 
  "The purchase succeeded.  Your %1s balance has been updated!": "Erwerb erfolgreich.  Dein %1s-Kontostand wurde aktualisiert!", 
  "The user %1s has been blocked, and can be unblocked from Settings": "Der Nutzer %1s wurde gesperrt und kann in den Einstellungen wieder entsperrt werden.", 
  "The user %1s has been unblocked": "Der Nutzer %1s wurde entsperrt.", 
  "The user %1s was Unfriended": "Du bist jetzt nicht mehr mit %1s befreundet.", 
  "There was an error checking for updates. Please try again.": "Bei der Suche nach Updates ist ein Fehler aufgetreten. Versuche es bitte noch einmal.", 
  "This version is so last week.": "Diese Version ist wohl aus den 90-ern?", 
  "Tip: Swipe a friend request to ignore it.": "Wische über eine Anfrage, um sie zu ignorieren.", 
  "To post a comment, accept %1s's Friend request first!": "UNTRANSLATED", 
  "To post a comment, send %1s a Friend request first!": "UNTRANSLATED", 
  "Try Again": "Erneut versuchen", 
  "Unable to Save": "Speichern nicht möglich", 
  "Unable to Update %1s": "Update für %1s nicht möglich", 
  "Unavailable for %1s": "Für %1s nicht verfügbar", 
  "Unavailable for %1s!": "Für %1s nicht verfügbar!", 
  "Unblock": "Entsperren", 
  "Unblock %1s?": "%1s entsperren?", 
  "Unfriend %1s?": "%1s als Freund entfernen?", 
  "Unfriend User": "Als Freund entfernen", 
  "Update Available": "Update verfügbar", 
  "Update Now": "Jetzt updaten", 
  "Update Unsuccessful": "Update nicht erfolgreich", 
  "Updating Friends list...": "Freundesliste aktualisieren ...", 
  "Updating game...": "Spiel updaten ...", 
  "Updating...": "Updaten ...", 
  "User reported--we're looking into it. Thanks!": "Nutzer gemeldet - wir kümmern uns darum. Danke!", 
  "Username (new, existing or Plus+)": "Nutzername (neu, bestehend oder Plus+)", 
  "Verifying...": "Überprüfen ...", 
  "View": "Ansehen", 
  "View Acknowledgements": "Namensnennung ansehen", 
  "View All": "Alle anzeigen", 
  "View Wall": "MobaWall ansehen", 
  "We didn't find any contacts.": "Wir konnten keine Kontakte finden.", 
  "We know, you are awesome.": "Wir wissen, dass du fantastisch bist.", 
  "We're not able to connect": "Keine Verbindung möglich", 
  "We're sending you to the Android Market\n to grab your game - you'll be returned to\n Mobage to play it.": "Wir schicken dich zum Android Market,\n um dir dein Spiel zu holen - du kannst es danach\n auf Mobage spielen. ", 
  "Welcome to Mobage,": "UNTRANSLATED", 
  "What are you playing?": "Was spielst du?", 
  "What's happening?": "Was gibt's Neues?", 
  "Where people come together to\nplay the greatest games.": "Wo Menschen sich treffen\nund gemeinsam die tollsten Spiele spielen. ", 
  "Who are you looking for?": "Wonach suchst du?", 
  "Whoa! Double Rainbow!": "Boah! Ein doppelter Regenbogen!", 
  "Would you like to quit?": "Möchtest du wirklich aufhören?", 
  "Wrong password.": "Falsches Passwort.", 
  "Yes": "Ja", 
  "You are friends.": "Ihr seid befreundet.", 
  "You can also invite others to Mobage": "Du kannst auch andere zu Mobage einladen.", 
  "You don't have any %1s friends yet.": "Du hast noch keine \"%1s\"-Freunde.", 
  "You don't have any Friends yet.": "Du hast noch keine Freunde.", 
  "You don't have any Mobage friends yet.": "Du hast noch keine Mobage-Freunde.", 
  "You don't have any friend requests yet.": "Du hast noch keine Freundschaftsanfragen.", 
  "You don't have any games yet.": "Du hast noch keine Spiele.", 
  "You look great today!": "Du siehst heute toll aus!", 
  "You may invite this person to Mobage by emailing an invite to %1s.": "Du kannst diese Person zu Mobage einladen, indem du eine E-Mail-Einladung an %1s schickst.", 
  "You might need to find a place with better signal.": "Du musst vermutlich einen Ort mit besserem Empfang suchen.", 
  "You must enter an email address.": "Du musst eine E-Mail-Adresse eingeben.", 
  "You'll need some MobaCoin": "UNTRANSLATED", 
  "You're on your way!": "Du bist unterwegs!", 
  "You've already sent an invite to that address!": "Du hast bereits eine Einladung an diese Adresse geschickt!", 
  "You've already sent an invite to that address.": "Du hast bereits eine Einladung an diese Adresse geschickt.", 
  "You've hit the maximum balance of 99,999 %1s. Spend some before you buy more!": "Du hast den maximalen Kontostand von 99.999 %1s erreicht. Gib etwas aus, bevor du mehr kaufst!", 
  "Your first name must consist of only letters, numbers, spaces, and hyphens, and must not end with a space.": "Dein Vorname darf nur aus Buchstaben, Zahlen, Leerzeichen und Bindestrichen bestehen und nicht mit einem Leerzeichen enden.", 
  "Your first name must contain at least one character.": "Dein Vorname muss mindestens einen Buchstaben enthalten.", 
  "Your last name must consist of only letters, numbers, spaces, and hyphens, and must not end with a space.": "Dein Nachname darf nur aus Buchstaben, Zahlen, Leerzeichen und Bindestrichen bestehen und nicht mit einem Leerzeichen enden.", 
  "Your last name must contain at least one character.": "Dein Nachname muss mindestens einen Buchstaben enthalten.", 
  "Your previous order is now successfully credited.": "Deine letzte Bestellung wurde jetzt erfolgreich gutgeschrieben.", 
  "and": "und", 
  "and that you are at least 14 years old.": "und dass du mindestens 14 Jahre alt bist.", 
  "decimal_mark": ",", 
  "digit_group_separator": ".", 
  "for us to best provide age related content:": "für uns, damit wir altersgerechte Inhalte anbieten können:"
}