{
  "%1;0d%": "%1;0d%", 
  "%1d Players": "%1d Players", 
  "%1d Screenshots": "%1d Screenshots", 
  "%1d friends play this game": "%1d friends play this game", 
  "%1d of ": "%1d of ", 
  "%1d of %2d": "%1d of %2d", 
  "%1d suggested friends": "%1d suggested friends", 
  "%1s": "%1s", 
  "%1s\nSorry, we weren't able to save changes. Please try again later.": "%1s\nSorry, we weren't able to save changes. Please try again later.", 
  "%1s %2s": "%1s %2s", 
  "%1s doesn't have any Friends yet.": "%1s doesn't have any Friends yet.", 
  "%1s for %2d %3s": "%1s for %2d %3s", 
  "%1s has an invalid email address.": "%1s has an invalid email address.", 
  "%1s has not upgraded to Mobage yet. Invite them to upgrade!": "%1s has not upgraded to Mobage yet. Invite them to upgrade!", 
  "%1s is ready to go. Play now!": "%1s is ready to go. Play now!", 
  "%1s isn't playing any games yet.": "%1s isn't playing any games yet.", 
  "%1s needs to accept your Friend request first!": "%1s needs to accept your Friend request first!", 
  "%1s's Friends": "%1s's Friends", 
  "%1s's Games": "%1s's Games", 
  "%1s's Profile": "%1s's Profile", 
  "%1s's friends (%2d)": "%1s's Friends (%2d)", 
  "%1s's recently played games": "%1s's Recently Played Games", 
  "1 Player": "1 Player", 
  "1 Screenshot": "1 Screenshot", 
  "1 friend plays this game": "1 friend plays this game", 
  "1 of 4": "1 of 4", 
  "1 suggested friend": "1 suggested friend", 
  "A Mobage invitation email has been sent to %1s.": "A Mobage invitation email has been sent to %1s.", 
  "A critical Mobage update is available in the %1s. Please update to continue using the service.": "A critical Mobage update is available in the %1s. Please update to continue using the service.", 
  "A critical update is available in the %1s. Please download the new version from the %1s to continue playing.": "A critical update is available in the %1s. Please download the new version from the %1s to continue playing.", 
  "A little bit about you...": "A little bit about you...", 
  "About Me": "About Me", 
  "About me…": "About me…", 
  "Accept": "Accept", 
  "Accept friend request.": "Accept friend request.", 
  "Accepted": "Accepted", 
  "Accepting...": "Accepting...", 
  "Account Settings": "Account Settings", 
  "Add": "Add", 
  "Add\nFriends": "Add\nFriends", 
  "Add All": "Add All", 
  "Add Game!": "Add Game!", 
  "Add More\nGames": "Add More\nGames", 
  "Add User": "Add User", 
  "Add all contacts below": "Add all contacts below", 
  "Add as Friend": "Add as Friend", 
  "Additional System Details": "Additional System Details", 
  "All Games": "All Games", 
  "Already Friends!": "Already Friends!", 
  "An update to Mobage has been downloaded. Please restart to apply the update.": "An update to Mobage has been downloaded. Please restart to apply the update.", 
  "Android Market": "Android Market", 
  "App Store": "App Store", 
  "Are you sure you want to block this user?": "Are you sure you want to block this user?", 
  "Are you sure you want to delete this post?": "Are you sure you want to delete this post?", 
  "Are you sure you want to purchase this item?": "Are you sure you want to purchase this item?", 
  "Are you sure you want to unblock this user?": "Are you sure you want to unblock this user?", 
  "Are you sure you want to unfriend this user?": "Are you sure you want to unfriend this user?", 
  "At least 4 characters": "At least 4 characters", 
  "Available for Friends": "Available for Friends", 
  "Back": "Back", 
  "Back To\nGame": "Back To\nGame", 
  "Back to\nMarket": "Back to\nMarket", 
  "Back to Game": "Back to Game", 
  "Block %1s?": "Block %1s?", 
  "Block User": "Block User", 
  "Blocked Users": "Blocked Users", 
  "Buy a": "Buy a", 
  "By tapping \"OK\", you agree to our": "By tapping \"OK\", you agree to our", 
  "Cancel": "Cancel", 
  "Change Password": "Change Password", 
  "Check out these suggested friends who play this game!": "Check out these suggested friends who play this game!", 
  "Checking availability...": "Checking availability...", 
  "Checking for Friend requests...": "Checking for Friend requests...", 
  "Choose Friends: %1d": "Choose Friends: %1d", 
  "Choose up to %1d friends": "Choose up to %1d friends", 
  "Choose up to %1d friends: %2d left": "Choose up to %1d friends: %2d left", 
  "Choose your Mobage name to play.": "Choose your Mobage name to play.", 
  "Coming soon!": "Coming soon!", 
  "Comment": "Comment", 
  "Comments": "Comments", 
  "Complete\nProfile": "Complete\nProfile", 
  "Complete!": "Complete!", 
  "Confirm": "Confirm", 
  "Congratulations %1s!": "Congratulations %1s!", 
  "Congratulations!": "Congratulations!", 
  "Contacts Already on Mobage": "Contacts Already on Mobage", 
  "Conversation with %1s": "Conversation with %1s", 
  "Could not retrieve Images, Please check your connection": "Could not retrieve Images, Please check your connection", 
  "Couldn't connect.\nPlease try again.": "Couldn't connect.\nPlease try again.", 
  "Couldn't find %1s": "Couldn't find %1s", 
  "Create\nUsername": "Create\nUsername", 
  "Current Password": "Current Password", 
  "Customer Support": "Customer Support", 
  "Delete": "Delete", 
  "Delete This Post": "Delete This Post", 
  "Deleting ...": "Deleting ...", 
  "Don't show this again.": "Don't show this again.", 
  "Done": "Done", 
  "Download Too Large": "Download Too Large", 
  "Download Unsuccessful": "Download Unsuccessful", 
  "Download a free game\n to get started!": "Download a free game\n to get started!", 
  "Edit": "Edit", 
  "Edit Profile": "Edit Profile", 
  "Edit Profile Information": "Edit Profile Information", 
  "Email Address": "Email Address", 
  "Email Invite": "Email Invite", 
  "Email address can't be more than 100 characters": "Email address can't be more than 100 characters", 
  "Email address cannot contain spaces.": "Email address cannot contain spaces.", 
  "Email address must be at least 3 characters": "Email address must be at least 3 characters", 
  "Email invite sent!": "Email invite sent!", 
  "Email sent!": "Email sent!", 
  "Enter %1s's email...": "Enter %1s's email...", 
  "Enter a username to PLAY!": "Enter a username to PLAY!", 
  "Enter a valid email address": "Enter a valid email address", 
  "Enter email here": "Enter email here", 
  "Error": "Error", 
  "Error Saving your status message: %1s": "Error Saving your status message: %1s", 
  "Error accessing system.  Please try again later. Error: %1s": "Error accessing system.  Please try again later. Error: %1s", 
  "Error when trying to invite a friend. Error: %1s": "Error when trying to invite a friend. Error: %1s", 
  "Error! Gremlins aren't being friendly today.": "Error! Gremlins aren't being friendly today.", 
  "Exit": "Exit", 
  "FREE": "FREE", 
  "Failed to update avatar. Try again.": "Failed to update avatar. Try again.", 
  "Featured Games": "Featured Games", 
  "Find Friends": "Find Friends", 
  "Find Games": "Find Games", 
  "Find People": "Find People", 
  "First Name": "First Name", 
  "Forgot Password?": "Forgot Password?", 
  "Forgot Your Password?": "Forgot Your Password?", 
  "Forgot your password?": "Forgot your password?", 
  "Friend Requests": "Friend Requests", 
  "Friends": "Friends", 
  "Friends' Games": "Friends' Games", 
  "Full Name": "Full Name", 
  "Game Info": "Game Info", 
  "Games": "Games", 
  "Games that my Friends Play": "Games that my Friends Play", 
  "Get Games": "Get Games", 
  "Get MobaCoin!": "Get MobaCoin!", 
  "Get Mobage news & updates": "Get Mobage news & updates", 
  "Get the Update": "Get the Update", 
  "Getting Friend suggestions...": "Getting Friend suggestions...", 
  "Getting the gossip...": "Getting the gossip...", 
  "Give your profile a little love.": "Give your profile a little love.", 
  "Go": "Go", 
  "Goodbye": "Goodbye", 
  "Have Fun!": "Have Fun!", 
  "Have you tried scanning your contacts? People you know may already be on Mobage!": "Have you tried scanning your contacts? People you know may already be on Mobage!", 
  "Help them out and add them as a Friend!": "Help them out and add them as a Friend!", 
  "Hey Big Spender": "Hey Big Spender", 
  "Hide": "Hide", 
  "Home": "Home", 
  "Hop over to the Market and update to get the new goodness": "Hop over to the Market and update to get the new goodness", 
  "I haven't written anything yet": "I haven't written anything yet", 
  "Ignore": "Ignore", 
  "Ignored": "Ignored", 
  "Invite": "Invite", 
  "Invite %1s to upgrade to Mobage to connect and play games!": "Invite %1s to upgrade to Mobage to connect and play games!", 
  "Invite Contacts to Mobage": "Invite Contacts to Mobage", 
  "Invite Sent": "Invite Sent", 
  "Invited": "Invited", 
  "Inviting...": "Inviting...", 
  "Last Name": "Last Name", 
  "Last Played": "Last Played", 
  "Last played": "Last played", 
  "Later": "Later", 
  "Launching %1s…": "Launching %1s…", 
  "Launching…": "Launching…", 
  "Leave a Comment": "Leave a Comment", 
  "Let's go!": "Let's go!", 
  "Loading %1s's profile…": "Loading %1s's profile…", 
  "Loading friends…": "Loading friends…", 
  "Loading games...": "Loading games...", 
  "Loading games…": "Loading games…", 
  "Loading more choices...": "Loading more choices...", 
  "Loading wall…": "Loading wall…", 
  "Loading...": "Loading...", 
  "Log In": "Log In", 
  "Logout": "Logout", 
  "Looks like someone beat you to it.\nHow about one of these Mobage names.": "Looks like someone beat you to it.\nHow about one of these Mobage names.", 
  "Looks like there was a problem with the download. Please try again.": "Looks like there was a problem with the download. Please try again.", 
  "Make Mobage games more fun": "Make Mobage games more fun", 
  "Message too long": "Message too long", 
  "MobaCoin": "MobaCoin", 
  "MobaCoin is the currency for all your Mobage games.": "MobaCoin is the currency for all your Mobage games.", 
  "Mobage Friends": "Mobage Friends", 
  "Mobage Home": "Mobage Home", 
  "Mobage Information": "Mobage Information", 
  "Mobage Updated": "Mobage Updated", 
  "Mobage Version": "Mobage Version", 
  "Mobage just got a little bit better! Enjoy!": "Mobage just got a little bit better! Enjoy!", 
  "Mobage name can't be more than 15 characters.": "Mobage name can't be more than 15 characters.", 
  "Mobage name must be at least 4 characters.": "Mobage name must be at least 4 characters.", 
  "Mobage name must not contain spaces or tabs.": "Mobage name must not contain spaces or tabs.", 
  "More Posts": "More Posts", 
  "My Balance:": "My Balance:", 
  "My Friend Requests": "My Friend Requests", 
  "My Friends": "My Friends", 
  "My Friends (%1d)": "My Friends (%1d)", 
  "My Games": "My Games", 
  "My Mobacoin": "My Mobacoin", 
  "My Page": "My Page", 
  "My Profile": "My Profile", 
  "My Recently Played Games": "My Recent Games", 
  "Name Taken": "Name Taken", 
  "Name, Mobage name, or email": "Name, Mobage name, or email", 
  "New Notification": "New Notification", 
  "New Password": "New Password", 
  "New passwords do not match.": "New passwords do not match.", 
  "No": "No", 
  "No Network Connection": "No Network Connection", 
  "No email address": "No email address", 
  "No friends' games were found.": "No friends' games were found.", 
  "No problem! We'll send a password reset email to the address you used to create your Mobage or Plus+ account.": "No problem! We'll send a password reset email to the address you used to create your Mobage or Plus+ account.", 
  "No users found.": "No users found.", 
  "Not Now": "Not Now", 
  "Not able to delete. Please try again later.": "Not able to delete. Please try again later.", 
  "OK": "OK", 
  "Ok": "Ok", 
  "One currency to spend in all of your Mobage games.": "One currency to spend in all of your Mobage games.", 
  "One last thing!": "One last thing!", 
  "Only %1d characters are allowed. Extra characters will be truncated.": "Only %1d characters are allowed. Extra characters will be truncated.", 
  "Only allow Mobage Friends to post comments on my profile": "Only allow Mobage Friends to post comments on my profile", 
  "Only receive push notifications from Mobage Friends": "Only receive push notifications from Mobage Friends", 
  "Oops": "Oops", 
  "Oops! Mobage name can't be more than 15 characters.": "Oops! Mobage name can't be more than 15 characters.", 
  "Oops! Mobage name cannot start with a number.": "Oops! Mobage name cannot start with a number.", 
  "Oops! Mobage name must be at least 4 characters.": "Oops! Mobage name must be at least 4 characters.", 
  "Oops! Please don't use spaces or special characters.": "Oops! Please don't use spaces or special characters.", 
  "Order was charged but there was an error fulfilling it. The system will retry your order next time you restart the game.": "Order was charged but there was an error fulfilling it. The system will retry your order next time you restart the game.", 
  "Password (min. 4 characters)": "Password (min. 4 characters)", 
  "Password can't be more than 25 characters": "Password can't be more than 25 characters", 
  "Password can't be more than 25 characters.": "Password can't be more than 25 characters.", 
  "Password cannot contain spaces.": "Password cannot contain spaces.", 
  "Password must be at least 4 characters": "Password must be at least 4 characters", 
  "Password must be at least 4 characters.": "Password must be at least 4 characters.", 
  "People on Mobage": "People on Mobage", 
  "People playing %1s": "People playing %1s", 
  "Play": "Play", 
  "Play %1s now!": "Play %1s now!", 
  "Please check your network connection settings.": "Please check your network connection settings.", 
  "Please check your network settings and try again.": "Please check your network settings and try again.", 
  "Please check your network settings.": "Please check your network settings.", 
  "Please confirm your email.": "Please confirm your email.", 
  "Please enter Current Password.": "Please enter Current Password.", 
  "Please enter a Mobage name.": "Please enter a Mobage name.", 
  "Please enter a password.": "Please enter a password.", 
  "Please enter a reason to report this user.": "Please enter a reason to report this user.", 
  "Please enter a valid birth date.": "Please enter a valid birth date.", 
  "Please enter a valid email": "Please enter a valid email", 
  "Please enter a valid email address": "Please enter a valid email address", 
  "Please enter a valid email address.": "Please enter a valid email address.", 
  "Please enter an email address.": "Please enter an email address.", 
  "Please enter the email address you used to sign up for Mobage and a password reset will be sent to you.": "Please enter the email address you used to sign up for Mobage and a password reset will be sent to you.", 
  "Please enter your message:": "Please enter your message:", 
  "Please fill in your age": "Please fill in your age", 
  "Please type a valid e-mail address": "Please type a valid e-mail address", 
  "Please wait for the current download to finish.": "Please wait for the current download to finish.", 
  "Please wait while we catch up!": "Please wait while we catch up!", 
  "Post": "Post", 
  "Post a Reply": "Post a Reply", 
  "Post a public comment": "Post a public comment", 
  "Post a reply": "Post a reply", 
  "Posting ...": "Posting ...", 
  "Posting…": "Posting…", 
  "Privacy Policy": "Privacy Policy", 
  "Processing order...": "Processing order...", 
  "Profile": "Profile", 
  "Pulling in contacts...": "Pulling in contacts...", 
  "Purchase %1s?": "Purchase %1s?", 
  "Purchase Failed": "Purchase Failed", 
  "Purchase Succeeded": "Purchase Succeeded", 
  "Quit": "Quit", 
  "Re-enter Password": "Re-enter Password", 
  "Read More": "Read More", 
  "Ready to Play": "Ready to Play", 
  "Recently played %1s": "Recently played %1s", 
  "Refresh": "Refresh", 
  "Report": "Report", 
  "Report %1s": "Report %1s", 
  "Report User": "Report User", 
  "Request Sent": "Request Sent", 
  "Request sent": "Request sent", 
  "Restart Mobage": "Restart Mobage", 
  "Restarting Mobage…": "Restarting Mobage…", 
  "Rows Hidden": "Rows Hidden", 
  "Save": "Save", 
  "Save & Play": "Save & Play", 
  "Saved!": "Saved!", 
  "Saving...": "Saving...", 
  "Scan Contacts": "Scan Contacts", 
  "Scan Device Contacts": "Scan Device Contacts", 
  "Search": "Search", 
  "Searching for '%1s'...": "Searching for '%1s'...", 
  "See More Posts...": "See More Posts...", 
  "Select a User Image": "Select a User Image", 
  "Send": "Send", 
  "Send me game news and updates": "Send me game news and updates", 
  "Sending Request...": "Sending Request...", 
  "Sending request": "Sending request", 
  "Sending request...": "Sending request...", 
  "Service Unavailable": "Service Unavailable", 
  "Settings": "Settings", 
  "Show More": "Show More", 
  "Sign Me Up": "Sign Me Up", 
  "Sign Up": "Sign Up", 
  "Skip": "Skip", 
  "Sorry to keep you waiting! We'll be back ASAP.": "Sorry to keep you waiting! We'll be back ASAP.", 
  "Sorry, the Bank is not available. Please try again later.": "Sorry, the Bank is not available. Please try again later.", 
  "Sorry, the Bank is not supported.": "Sorry, the Bank is not supported.", 
  "Sorry, the MobaWall is not yet available for iPhone users. Coming soon!": "Sorry, the MobaWall is not yet available for iPhone users. Coming soon!", 
  "Sorry, this download is over %1dMB. Please connect to Wi-Fi first.": "Sorry, this download is over %1dMB. Please connect to Wi-Fi first.", 
  "Sorry, this item is currently not available.": "Sorry, this item is currently not available.", 
  "Sorry, we found no results matching %1s": "Sorry, we found no results matching %1s", 
  "Sorry, we weren't able to save changes. Please try again later.": "Sorry, we weren't able to save changes. Please try again later.", 
  "Sorry, you must be at least 14 years old to enter Mobage.": "Sorry, you must be at least 14 years old to enter Mobage.", 
  "Sorry. We weren't able to complete your request.\nPlease check your network connection and try again.": "Sorry. We weren't able to complete your request.\nPlease check your network connection and try again.", 
  "Step %1d": "Step %1d", 
  "Suggested Friends": "Suggested Friends", 
  "Support": "Support", 
  "Support & Feedback": "Support & Feedback", 
  "System Information": "System Information", 
  "Talking to the server...": "Talking to the server...", 
  "Tell %1s what games they should be playing!": "Tell %1s what games they should be playing!", 
  "Terms of Service": "Terms of Service", 
  "The game isn't fully tested on this device yet. If you run into trouble, let us know in Support > Devices or email us at support@mobage.com": "The game isn't fully tested on this device yet. If you run into trouble, let us know in Support > Devices or email us at support@mobage.com", 
  "The purchase failed.  Please try again later.": "The purchase failed.  Please try again later.", 
  "The purchase succeeded.  Your %1s balance has been updated!": "The purchase succeeded.  Your %1s balance has been updated!", 
  "The user %1s has been blocked, and can be unblocked from Settings": "The user %1s has been blocked, and can be unblocked from Settings", 
  "The user %1s has been unblocked": "The user %1s has been unblocked", 
  "The user %1s was Unfriended": "The user %1s was Unfriended", 
  "There was an error checking for updates. Please try again.": "There was an error checking for updates. Please try again.", 
  "This version is so last week.": "This version is so last week.", 
  "Tip: Swipe a friend request to ignore it.": "Tip: Swipe a friend request to ignore it.", 
  "To post a comment, accept %1s's Friend request first!": "To post a comment, accept %1s's Friend request first!", 
  "To post a comment, send %1s a Friend request first!": "To post a comment, send %1s a Friend request first!", 
  "Try Again": "Try Again", 
  "Unable to Save": "Unable to Save", 
  "Unable to Update %1s": "Unable to Update %1s", 
  "Unavailable for %1s": "Unavailable for %1s", 
  "Unavailable for %1s!": "Unavailable for %1s!", 
  "Unblock": "Unblock", 
  "Unblock %1s?": "Unblock %1s?", 
  "Unfriend %1s?": "Unfriend %1s?", 
  "Unfriend User": "Unfriend User", 
  "Update Available": "Update Available", 
  "Update Now": "Update Now", 
  "Update Unsuccessful": "Update Unsuccessful", 
  "Updating Friends list...": "Updating Friends list...", 
  "Updating game...": "Updating game...", 
  "Updating...": "Updating...", 
  "User reported--we're looking into it. Thanks!": "User reported--we're looking into it. Thanks!", 
  "Username (new, existing or Plus+)": "Username (new, existing or Plus+)", 
  "Verifying...": "Verifying...", 
  "View": "View", 
  "View Acknowledgements": "View Acknowledgements", 
  "View All": "View All", 
  "View Wall": "View Wall", 
  "We didn't find any contacts.": "We didn't find any contacts.", 
  "We know, you are awesome.": "We know, you are awesome.", 
  "We're not able to connect": "We're not able to connect", 
  "We're sending you to the Android Market\n to grab your game - you'll be returned to\n Mobage to play it.": "We're sending you to the Android Market\n to grab your game - you'll be returned to\n Mobage to play it.", 
  "Welcome to Mobage,": "Welcome to Mobage,", 
  "What are you playing?": "What are you playing?", 
  "What's happening?": "What's happening?", 
  "Where people come together to\nplay the greatest games.": "Where people come together to\nplay the greatest games.", 
  "Who are you looking for?": "Who are you looking for?", 
  "Whoa! Double Rainbow!": "Whoa! Double Rainbow!", 
  "Would you like to quit?": "Would you like to quit?", 
  "Wrong password.": "Wrong password.", 
  "Yes": "Yes", 
  "You are friends.": "You are friends.", 
  "You can also invite others to Mobage": "You can also invite others to Mobage", 
  "You don't have any %1s friends yet.": "You don't have any %1s friends yet.", 
  "You don't have any Friends yet.": "You don't have any Friends yet.", 
  "You don't have any Mobage friends yet.": "You don't have any Mobage friends yet.", 
  "You don't have any friend requests yet.": "You don't have any friend requests yet.", 
  "You don't have any games yet.": "You don't have any games yet.", 
  "You look great today!": "You look great today!", 
  "You may invite this person to Mobage by emailing an invite to %1s.": "You may invite this person to Mobage by emailing an invite to %1s.", 
  "You might need to find a place with better signal.": "You might need to find a place with better signal.", 
  "You must enter an email address.": "You must enter an email address.", 
  "You'll need some MobaCoin": "You'll need some MobaCoin", 
  "You're on your way!": "You're on your way!", 
  "You've already sent an invite to that address!": "You've already sent an invite to that address!", 
  "You've already sent an invite to that address.": "You've already sent an invite to that address.", 
  "You've hit the maximum balance of 99,999 %1s. Spend some before you buy more!": "You've hit the maximum balance of 99,999 %1s. Spend some before you buy more!", 
  "Your first name must consist of only letters, numbers, spaces, and hyphens, and must not end with a space.": "Your first name must consist of only letters, numbers, spaces, and hyphens, and must not end with a space.", 
  "Your first name must contain at least one character.": "Your first name must contain at least one character.", 
  "Your last name must consist of only letters, numbers, spaces, and hyphens, and must not end with a space.": "Your last name must consist of only letters, numbers, spaces, and hyphens, and must not end with a space.", 
  "Your last name must contain at least one character.": "Your last name must contain at least one character.", 
  "Your previous order is now successfully credited.": "Your previous order is now successfully credited.", 
  "and": "and", 
  "and that you are at least 14 years old.": "and that you are at least 14 years old.", 
  "decimal_mark": ".", 
  "digit_group_separator": ",", 
  "for us to best provide age related content:": "for us to best provide age related content:"
}