{
  "%1;0d%": "%1;0d%", 
  "%1d Players": "%1d jugadores", 
  "%1d Screenshots": "%1d capturas", 
  "%1d friends play this game": "%1d amigos en este juego", 
  "%1d of ": "%1d de ", 
  "%1d of %2d": "%1d de %2d", 
  "%1d suggested friends": "%1d amigos sugeridos", 
  "%1s": "%1s", 
  "%1s\nSorry, we weren't able to save changes. Please try again later.": "%1s\nno hemos podido guardar los cambios.  Inténtalo más tarde.", 
  "%1s %2s": "%1s %2s", 
  "%1s doesn't have any Friends yet.": "%1s no tiene amigos todavía.", 
  "%1s for %2d %3s": "%1s para %2d %3s", 
  "%1s has an invalid email address.": "%1s tiene una dirección de email inválida.", 
  "%1s has not upgraded to Mobage yet. Invite them to upgrade!": "%1s todavía no se ha pasado a Mobage. ¡Invítale a hacerlo!", 
  "%1s is ready to go. Play now!": "%1s ya está listo. ¡Juega ya!", 
  "%1s isn't playing any games yet.": "%1s no está jugando a nada todavía.", 
  "%1s needs to accept your Friend request first!": "UNTRANSLATED", 
  "%1s's Friends": "Amigos de %1s", 
  "%1s's Games": "Juegos de %1s", 
  "%1s's Profile": "Perfil de %1s", 
  "%1s's friends (%2d)": "Amigos de %1s (%2d)", 
  "%1s's recently played games": "Juegos recientes de %1s", 
  "1 Player": "1 jugador", 
  "1 Screenshot": "1 captura", 
  "1 friend plays this game": "1 amigo juega a este juego", 
  "1 of 4": "1 de 4", 
  "1 suggested friend": "1 amigo sugerido", 
  "A Mobage invitation email has been sent to %1s.": "Hemos enviado un email de invitación a Mobage a %1s.", 
  "A critical Mobage update is available in the %1s. Please update to continue using the service.": "Una actualización crítica de Mobage está disponible en %1s. Actualiza para seguir usando el servicio.", 
  "A critical update is available in the %1s. Please download the new version from the %1s to continue playing.": "Una actualización crítica está disponible en %1s. Descarga la nueva versión de %1s para seguir jugando.", 
  "A little bit about you...": "UNTRANSLATED", 
  "About Me": "Sobre mí", 
  "About me…": "Sobre mí…", 
  "Accept": "Aceptar", 
  "Accept friend request.": "Aceptar la solicitud de amistad.", 
  "Accepted": "Aceptada", 
  "Accepting...": "Aceptando...", 
  "Account Settings": "Configuración de la cuenta", 
  "Add": "Añadir", 
  "Add\nFriends": "Añadir\namigos", 
  "Add All": "Añadir todos", 
  "Add Game!": "Añadir juego", 
  "Add More\nGames": "Añadir más\njuegos", 
  "Add User": "Añadir usuarios", 
  "Add all contacts below": "Añadir todos los contactos siguientes", 
  "Add as Friend": "Añadir como amigo", 
  "Additional System Details": "Más detalles del sistema", 
  "All Games": "Todos los juegos", 
  "Already Friends!": "¡Ya sois amigos!", 
  "An update to Mobage has been downloaded. Please restart to apply the update.": "Has descargado una actualización de Mobage. Reinicia para finalizar la actualización.", 
  "Android Market": "Android Market", 
  "App Store": "App Store", 
  "Are you sure you want to block this user?": "¿Seguro que quieres bloquear a este usuario?", 
  "Are you sure you want to delete this post?": "¿Seguro que quieres borrar este mensaje?", 
  "Are you sure you want to purchase this item?": "¿seguro que quieres comprar este artículo?", 
  "Are you sure you want to unblock this user?": "¿Seguro que quieres desbloquear a este usuario?", 
  "Are you sure you want to unfriend this user?": "¿Seguro que quieres dejar de ser amigo de este usuario?", 
  "At least 4 characters": "Al menos 4 caracteres", 
  "Available for Friends": "Disponible para amigos", 
  "Back": "Atrás", 
  "Back To\nGame": "Volver al\njuego", 
  "Back to\nMarket": "Volver al\nMarket", 
  "Back to Game": "Volver al juego", 
  "Block %1s?": "¿Bloquear a %1s?", 
  "Block User": "Usuario bloqueado", 
  "Blocked Users": "Usuarios bloqueados", 
  "Buy a": "Compra un", 
  "By tapping \"OK\", you agree to our": "Al pulsar \"Aceptar\" aceptas nuestros", 
  "Cancel": "Cancelar", 
  "Change Password": "Cambiar contraseña", 
  "Check out these suggested friends who play this game!": "¡Mira quiénes están en este juego!", 
  "Checking availability...": "Comprobando disponibilidad...", 
  "Checking for Friend requests...": "Comprobando solicitudes de amistad...", 
  "Choose Friends: %1d": "Elige amigos: %1d", 
  "Choose up to %1d friends": "Elige hasta %1d amigos", 
  "Choose up to %1d friends: %2d left": "Elige hasta %1d amigos: te quedan %2d", 
  "Choose your Mobage name to play.": "Elige un nombre para jugar en Mobage.", 
  "Coming soon!": "¡Próximamente!", 
  "Comment": "Comentario", 
  "Comments": "Comentarios", 
  "Complete\nProfile": "Completar\nperfil", 
  "Complete!": "¡Terminado!", 
  "Confirm": "Confirmar", 
  "Congratulations %1s!": "¡Enhorabuena %1s!", 
  "Congratulations!": "¡Enhorabuena!", 
  "Contacts Already on Mobage": "Contactos que ya están en Mobage", 
  "Conversation with %1s": "Conversación con %1s", 
  "Could not retrieve Images, Please check your connection": "No se han podido recuperar las imágenes, revisa tu conexión.", 
  "Couldn't connect.\nPlease try again.": "No te has podido conectar.\nInténtalo de nuevo.", 
  "Couldn't find %1s": "No hemos podido encontrar %1s", 
  "Create\nUsername": "Crear\nusuario", 
  "Current Password": "Contraseña actual", 
  "Customer Support": "Servicio al cliente", 
  "Delete": "Borrar", 
  "Delete This Post": "Borrar este mensaje", 
  "Deleting ...": "Borrando...", 
  "Don't show this again.": "No mostrar esto más.", 
  "Done": "Terminado", 
  "Download Too Large": "Descarga demasiado grande", 
  "Download Unsuccessful": "Descarga fallida", 
  "Download a free game\n to get started!": "¡Descarga un juego gratis\n para empezar! ", 
  "Edit": "Editar", 
  "Edit Profile": "Editar perfil", 
  "Edit Profile Information": "Editar la información del perfil", 
  "Email Address": "Dirección de email", 
  "Email Invite": "Email de invitación", 
  "Email address can't be more than 100 characters": "La dirección de email no puede tener más de 100 caracteres.", 
  "Email address cannot contain spaces.": "La dirección de email no puede incluir espacios.", 
  "Email address must be at least 3 characters": "La dirección de email debe tener al menos 3 caracteres.", 
  "Email invite sent!": "¡Email de invitación enviado!", 
  "Email sent!": "¡Email enviado!", 
  "Enter %1s's email...": "Escribe el email de %1s...", 
  "Enter a username to PLAY!": "Escribe un nombre", 
  "Enter a valid email address": "Escribe una dirección de email válida", 
  "Enter email here": "Escribe tu email aquí", 
  "Error": "Error", 
  "Error Saving your status message: %1s": "Error al guardar tu mensaje de estado: %1s.", 
  "Error accessing system.  Please try again later. Error: %1s": "Error al acceder al sistema.  Inténtalo más tarde. Error: %1s", 
  "Error when trying to invite a friend. Error: %1s": "Error al invitar a un amigo. Error: %1s", 
  "Error! Gremlins aren't being friendly today.": "¡Error! Los gremlins no están de buen humor hoy.", 
  "Exit": "Salir", 
  "FREE": "GRATIS", 
  "Failed to update avatar. Try again.": "Error al actualizar el avatar. Inténtalo de nuevo.", 
  "Featured Games": "Juegos destacados", 
  "Find Friends": "Buscar a amigos", 
  "Find Games": "Buscar juegos", 
  "Find People": "Buscar gente", 
  "First Name": "Nombre", 
  "Forgot Password?": "¿Has olvidado tu contraseña?", 
  "Forgot Your Password?": "¿Has olvidado tu contraseña?", 
  "Forgot your password?": "¿Has olvidado tu contraseña?", 
  "Friend Requests": "Quieren ser tus amigos", 
  "Friends": "Amigos", 
  "Friends' Games": "Juegos de amigos", 
  "Full Name": "Nombre completo", 
  "Game Info": "Sobre el juego", 
  "Games": "Juegos", 
  "Games that my Friends Play": "Juegos a los que juegan mis amigos", 
  "Get Games": "Conseguir juegos", 
  "Get MobaCoin!": "UNTRANSLATED", 
  "Get Mobage news & updates": "Noticias y actualizaciones de Mobage", 
  "Get the Update": "Obtén la actualización", 
  "Getting Friend suggestions...": "Obteniendo sugerencias...", 
  "Getting the gossip...": "Enterándonos del cotilleo...", 
  "Give your profile a little love.": "UNTRANSLATED", 
  "Go": "Ir", 
  "Goodbye": "Adiós", 
  "Have Fun!": "¡Diviértete!", 
  "Have you tried scanning your contacts? People you know may already be on Mobage!": "¿Has probado a buscar en tus contactos? ¡Puede que tus amigos ya estén en Mobage!", 
  "Help them out and add them as a Friend!": "¡Échales una mano añadiéndolos!", 
  "Hey Big Spender": "¡Qué manera de gastar!", 
  "Hide": "Ocultar", 
  "Home": "Iniciar", 
  "Hop over to the Market and update to get the new goodness": "Pásate por el mercado y actualiza para disfrutar de las novedades.", 
  "I haven't written anything yet": "Aún no he escrito nada.", 
  "Ignore": "Ignorar", 
  "Ignored": "Ignorado", 
  "Invite": "Invitar", 
  "Invite %1s to upgrade to Mobage to connect and play games!": "¡Invita a %1s a venir a Mobage para conectarse y jugar!", 
  "Invite Contacts to Mobage": "Invitar a contactos a Mobage", 
  "Invite Sent": "Invitación enviada", 
  "Invited": "Invitado", 
  "Inviting...": "Invitando...", 
  "Last Name": "Apellido", 
  "Last Played": "Jugó a", 
  "Last played": "Jugó a", 
  "Later": "Más tarde", 
  "Launching %1s…": "Cargando %1s…", 
  "Launching…": "Cargando…", 
  "Leave a Comment": "Deja un comentario", 
  "Let's go!": "¡Vamos!", 
  "Loading %1s's profile…": "Cargando el perfil de %1s…", 
  "Loading friends…": "Cargando amigos…", 
  "Loading games...": "Cargando juegos...", 
  "Loading games…": "Cargando juegos...", 
  "Loading more choices...": "Cargando más opciones...", 
  "Loading wall…": "Cargando el muro…", 
  "Loading...": "Cargando...", 
  "Log In": "Entrar", 
  "Logout": "Salir", 
  "Looks like someone beat you to it.\nHow about one of these Mobage names.": "Parece que alguien se te ha adelantado.\n¿Qué te parecen estos nombres?", 
  "Looks like there was a problem with the download. Please try again.": "Parece que ha habido un problema con la descarga. Inténtalo de nuevo.", 
  "Make Mobage games more fun": "Diviértete más con los juegos de Mobage", 
  "Message too long": "Mensaje demasiado largo", 
  "MobaCoin": "MobaCoin", 
  "MobaCoin is the currency for all your Mobage games.": "UNTRANSLATED", 
  "Mobage Friends": "Amigos de Mobage", 
  "Mobage Home": "Página de inicio", 
  "Mobage Information": "Información sobre Mobage", 
  "Mobage Updated": "Mobage actualizado", 
  "Mobage Version": "Versión de Mobage", 
  "Mobage just got a little bit better! Enjoy!": "¡Mobage es aún mejor que antes! ¡Disfrútalo!", 
  "Mobage name can't be more than 15 characters.": "Los nombres de Mobage no pueden tener más de 15 caracteres.", 
  "Mobage name must be at least 4 characters.": "Los nombres de Mobage deben tener al menos 4 caracteres.", 
  "Mobage name must not contain spaces or tabs.": "Los nombres de Mobage no pueden contener espacios o tabuladores.", 
  "More Posts": "Más mensajes", 
  "My Balance:": "Mi saldo:", 
  "My Friend Requests": "Mis solicitudes de amistad", 
  "My Friends": "Amigos", 
  "My Friends (%1d)": "Amigos (%1d)", 
  "My Games": "Mis juegos", 
  "My Mobacoin": "Mis MobaCoin", 
  "My Page": "Mi página", 
  "My Profile": "Mi perfil", 
  "My Recently Played Games": "Mis juegos recientes", 
  "Name Taken": "Nombre ya registrado", 
  "Name, Mobage name, or email": "Nombre, nombre de Mobage o email", 
  "New Notification": "Notificación nueva", 
  "New Password": "Contraseña nueva", 
  "New passwords do not match.": "Las contraseñas nuevas no coinciden.", 
  "No": "No", 
  "No Network Connection": "Sin conexión a red", 
  "No email address": "Sin dirección de email", 
  "No friends' games were found.": "No hemos encontrado juegos de amigos.", 
  "No problem! We'll send a password reset email to the address you used to create your Mobage or Plus+ account.": "¡No pasa nada! Te enviaremos un email para restablecer la contraseña a la dirección que usaste para crear tu cuenta de Mobage o Plus+.", 
  "No users found.": "No hemos encontrado usuarios.", 
  "Not Now": "Ahora no", 
  "Not able to delete. Please try again later.": "No se ha podido borrar. Inténtalo más tarde.", 
  "OK": "Aceptar", 
  "Ok": "Aceptar", 
  "One currency to spend in all of your Mobage games.": "Una misma divisa para todos los juegos de Mobage.", 
  "One last thing!": "¡Una cosa más!", 
  "Only %1d characters are allowed. Extra characters will be truncated.": "Solo se permiten %1d caracteres. Los que pasen el límite no aparecerán.", 
  "Only allow Mobage Friends to post comments on my profile": "UNTRANSLATED", 
  "Only receive push notifications from Mobage Friends": "Recibir notificaciones push solo de mis amigos de Mobage", 
  "Oops": "Ups", 
  "Oops! Mobage name can't be more than 15 characters.": "¡Ups! Los nombres de Mobage no pueden tener más de 15 caracteres.", 
  "Oops! Mobage name cannot start with a number.": "¡Ups! Los nombres de Mobage no pueden empezar por un número.", 
  "Oops! Mobage name must be at least 4 characters.": "¡Ups! Los nombres de Mobage deben tener al menos 4 caracteres.", 
  "Oops! Please don't use spaces or special characters.": "¡Ups! No uses espacios ni caracteres especiales.", 
  "Order was charged but there was an error fulfilling it. The system will retry your order next time you restart the game.": "Has pagado la compra pero ha habido un error al completarla. El sistema volverá a intentarlo cuando reinicies el juego.", 
  "Password (min. 4 characters)": "Contraseña (mín. 4 caracteres)", 
  "Password can't be more than 25 characters": "La contraseña no puede tener más de 25 caracteres.", 
  "Password can't be more than 25 characters.": "La contraseña no puede tener más de 25 caracteres.", 
  "Password cannot contain spaces.": "La contraseña no puede contener espacios.", 
  "Password must be at least 4 characters": "La contraseña debe tener al menos 4 caracteres.", 
  "Password must be at least 4 characters.": "La contraseña debe tener al menos 4 caracteres.", 
  "People on Mobage": "Personas en Mobage", 
  "People playing %1s": "Personas jugando a %1s", 
  "Play": "Jugar", 
  "Play %1s now!": "¡Juega a %1s ya!", 
  "Please check your network connection settings.": "Revisa la configuración de tu conexión a la red.", 
  "Please check your network settings and try again.": "Revisa la configuración de tu red e inténtalo de nuevo.", 
  "Please check your network settings.": "Revisa la configuración de tu red.", 
  "Please confirm your email.": "Confirma tu dirección de email.", 
  "Please enter Current Password.": "Introduce tu contraseña actual.", 
  "Please enter a Mobage name.": "Introduce un nombre de Mobage.", 
  "Please enter a password.": "Introduce una contraseña.", 
  "Please enter a reason to report this user.": "Escribe una razón para denunciar a este usuario.", 
  "Please enter a valid birth date.": "Introduce una fecha de nacimiento válida.", 
  "Please enter a valid email": "Introduce una dirección de email válida.", 
  "Please enter a valid email address": "Introduce una dirección de email válida.", 
  "Please enter a valid email address.": "Introduce una dirección de email válida.", 
  "Please enter an email address.": "Introduce una dirección de email.", 
  "Please enter the email address you used to sign up for Mobage and a password reset will be sent to you.": "Escribe la dirección de email con la que te registraste en Mobage y recibirás un mensaje para restablecer tu contraseña.", 
  "Please enter your message:": "Escribe tu mensaje:", 
  "Please fill in your age": "Dinos tu edad", 
  "Please type a valid e-mail address": "Escribe una dirección de email válida.", 
  "Please wait for the current download to finish.": "Espera a que termine la descarga en curso.", 
  "Please wait while we catch up!": "¡Espera un momentito!", 
  "Post": "Publicar", 
  "Post a Reply": "Publicar una respuesta", 
  "Post a public comment": "Publicar un comentario público", 
  "Post a reply": "Publicar una respuesta", 
  "Posting ...": "Publicando...", 
  "Posting…": "Publicando…", 
  "Privacy Policy": "Política de privacidad", 
  "Processing order...": "Procesando compra...", 
  "Profile": "Perfil", 
  "Pulling in contacts...": "Reuniendo contactos...", 
  "Purchase %1s?": "¿Comprar %1s?", 
  "Purchase Failed": "Compra fallida", 
  "Purchase Succeeded": "Compra exitosa", 
  "Quit": "Salir", 
  "Re-enter Password": "Vuelve a escribir la contraseña", 
  "Read More": "Leer más", 
  "Ready to Play": "Listo para jugar", 
  "Recently played %1s": "Han jugado a %1s recientemente", 
  "Refresh": "Actualizar", 
  "Report": "Denunciar", 
  "Report %1s": "Denunciar a %1s", 
  "Report User": "Denunciar a usuario", 
  "Request Sent": "Solicitud enviada", 
  "Request sent": "Solicitud enviada", 
  "Restart Mobage": "Reiniciar Mobage", 
  "Restarting Mobage…": "Reiniciando Mobage…", 
  "Rows Hidden": "Filas ocultas", 
  "Save": "Guardar", 
  "Save & Play": "UNTRANSLATED", 
  "Saved!": "¡Guardado!", 
  "Saving...": "Guardando...", 
  "Scan Contacts": "Buscar en contactos", 
  "Scan Device Contacts": "Buscar en contactos del dispositivo", 
  "Search": "Buscar", 
  "Searching for '%1s'...": "Buscando '%1s'...", 
  "See More Posts...": "Ver más mensajes...", 
  "Select a User Image": "Elige una imagen de usuario", 
  "Send": "Enviar", 
  "Send me game news and updates": "Quiero recibir noticias y actualizaciones de los juegos", 
  "Sending Request...": "Enviando solicitud...", 
  "Sending request": "Enviando solicitud...", 
  "Sending request...": "Enviando solicitud...", 
  "Service Unavailable": "Servicio no disponible", 
  "Settings": "Configuración", 
  "Show More": "Ver más", 
  "Sign Me Up": "Regístrame", 
  "Sign Up": "Registro", 
  "Skip": "Saltar", 
  "Sorry to keep you waiting! We'll be back ASAP.": "¡Perdón por la espera! Estaremos de vuelta enseguida.", 
  "Sorry, the Bank is not available. Please try again later.": "El Banco no está disponible. Inténtalo más tarde.", 
  "Sorry, the Bank is not supported.": "El Banco no es compatible.", 
  "Sorry, the MobaWall is not yet available for iPhone users. Coming soon!": "El MobaWall aún no está disponible para los usuarios de iPhone. ¡Próximamente!", 
  "Sorry, this download is over %1dMB. Please connect to Wi-Fi first.": "Está descarga supera los %1dMB. Conéctate a una red Wi-Fi.", 
  "Sorry, this item is currently not available.": "Este artículo no está disponible ahora.", 
  "Sorry, we found no results matching %1s": "No hemos encontrado resultados que coincidan con %1s.", 
  "Sorry, we weren't able to save changes. Please try again later.": "No hemos podido guardar los cambios. Inténtalo más tarde.", 
  "Sorry, you must be at least 14 years old to enter Mobage.": "Debes tener al menos 14 años para entrar en Mobage.", 
  "Sorry. We weren't able to complete your request.\nPlease check your network connection and try again.": "Lo sentimos. No hemos podido cumplir tu solicitud.\nRevisa tu conexión a la red e inténtalo de nuevo.", 
  "Step %1d": "Paso %1d", 
  "Suggested Friends": "Amigos sugeridos", 
  "Support": "Soporte", 
  "Support & Feedback": "Soporte y comentarios", 
  "System Information": "Información del sistema", 
  "Talking to the server...": "Hablando con el servidor...", 
  "Tell %1s what games they should be playing!": "¡Dile a %1s dónde quieres que juegue!", 
  "Terms of Service": "Términos del servicio", 
  "The game isn't fully tested on this device yet. If you run into trouble, let us know in Support > Devices or email us at support@mobage.com": "Aún no hemos terminado de probar el juego en este dispositivo. Si encuentras algún problema, cuéntanoslo en Soporte > Dispositivos o envíanos un mensaje a support@mobage.com.", 
  "The purchase failed.  Please try again later.": "la compra ha fallado.  Inténtalo más tarde.", 
  "The purchase succeeded.  Your %1s balance has been updated!": "Compra completada.  ¡Hemos actualizado tu saldo de %1s!", 
  "The user %1s has been blocked, and can be unblocked from Settings": "Has bloqueado a %1s. Puedes desbloquearlo en Configuración.", 
  "The user %1s has been unblocked": "Has desbloqueado a %1s.", 
  "The user %1s was Unfriended": "Has eliminado a %1s de tu lista de amigos.", 
  "There was an error checking for updates. Please try again.": "Ha habido un error al buscar actualizaciones. Inténtalo de nuevo.", 
  "This version is so last week.": "Esta versión está demodé.", 
  "Tip: Swipe a friend request to ignore it.": "Truco: desliza el dedo por una solicitud para ignorarla.", 
  "To post a comment, accept %1s's Friend request first!": "UNTRANSLATED", 
  "To post a comment, send %1s a Friend request first!": "UNTRANSLATED", 
  "Try Again": "Inténtalo de nuevo.", 
  "Unable to Save": "No se ha podido guardar", 
  "Unable to Update %1s": "No se ha podido actualizar 1s", 
  "Unavailable for %1s": "No disponible para %1s", 
  "Unavailable for %1s!": "No disponible para %1s", 
  "Unblock": "Desbloquear", 
  "Unblock %1s?": "¿Desbloquear a %1s?", 
  "Unfriend %1s?": "¿Dejar de ser amigo de %1s?", 
  "Unfriend User": "Dejar de ser amigo del usuario", 
  "Update Available": "Actualización disponible", 
  "Update Now": "Actualizar ahora", 
  "Update Unsuccessful": "Actualización fallida", 
  "Updating Friends list...": "Actualizando la lista de amigos...", 
  "Updating game...": "Actualizando el juego...", 
  "Updating...": "Actualizando...", 
  "User reported--we're looking into it. Thanks!": "Usuario denunciado: lo estamos investigando. ¡Gracias!", 
  "Username (new, existing or Plus+)": "Nombre (nuevo, existente o de Plus+)", 
  "Verifying...": "Verificando...", 
  "View": "Ver", 
  "View Acknowledgements": "Ver reconocimientos", 
  "View All": "Ver todo", 
  "View Wall": "Ver Wall", 
  "We didn't find any contacts.": "No hemos encontrado contactos.", 
  "We know, you are awesome.": "Lo sabemos, eres de lo que no hay.", 
  "We're not able to connect": "No hemos podido establecer conexión.", 
  "We're sending you to the Android Market\n to grab your game - you'll be returned to\n Mobage to play it.": "Vamos a enviarte al Android Market\n para conseguir el juego. Después te traeremos\n a Mobage para jugar.", 
  "Welcome to Mobage,": "UNTRANSLATED", 
  "What are you playing?": "¿A qué estás jugando?", 
  "What's happening?": "¿Qué te cuentas?", 
  "Where people come together to\nplay the greatest games.": "Donde la gente se junta\npara disfrutar de los mejores juegos.", 
  "Who are you looking for?": "¿A quién buscas?", 
  "Whoa! Double Rainbow!": "¡Hala! ¡Un arcoíris doble!", 
  "Would you like to quit?": "¿Quieres salir?", 
  "Wrong password.": "Contraseña errónea.", 
  "Yes": "Sí", 
  "You are friends.": "Sois amigos.", 
  "You can also invite others to Mobage": "Puedes invitar a más gente a Mobage.", 
  "You don't have any %1s friends yet.": "Todavía no tienes amigos de %1s.", 
  "You don't have any Friends yet.": "Todavía no tienes amigos.", 
  "You don't have any Mobage friends yet.": "Todavía no tienes amigos de Mobage.", 
  "You don't have any friend requests yet.": "Todavía no tienes solicitudes de amistad.", 
  "You don't have any games yet.": "Todavía no tienes juegos.", 
  "You look great today!": "¡Qué buen aspecto tienes hoy!", 
  "You may invite this person to Mobage by emailing an invite to %1s.": "Puedes invitar a esta persona a Mobage enviando una invitación a %1s.", 
  "You might need to find a place with better signal.": "Intenta encontrar algún lugar con mejor señal.", 
  "You must enter an email address.": "Necesitas escribir una dirección de email.", 
  "You'll need some MobaCoin": "UNTRANSLATED", 
  "You're on your way!": "¡Ya estás en camino!", 
  "You've already sent an invite to that address!": "Ya has enviado una invitación a esa dirección.", 
  "You've already sent an invite to that address.": "Ya has enviado una invitación a esa dirección.", 
  "You've hit the maximum balance of 99,999 %1s. Spend some before you buy more!": "Has llegado al saldo máximo de 99.999 %1s. ¡Gasta antes de comprar más!", 
  "Your first name must consist of only letters, numbers, spaces, and hyphens, and must not end with a space.": "Tu nombre solo puede incluir letras, números, espacios y guiones, y no puede terminar con un espacio.", 
  "Your first name must contain at least one character.": "Tu nombre debe incluir al menos un carácter.", 
  "Your last name must consist of only letters, numbers, spaces, and hyphens, and must not end with a space.": "Tu apellido solo puede incluir letras, números, espacios y guiones, y no puede terminar con un espacio.", 
  "Your last name must contain at least one character.": "Tu apellido debe incluir al menos un carácter.", 
  "Your previous order is now successfully credited.": "Ya has recibido el importe de tu compra anterior.", 
  "and": "y", 
  "and that you are at least 14 years old.": "y que tienes al menos 14 años.", 
  "decimal_mark": ",", 
  "digit_group_separator": ".", 
  "for us to best provide age related content:": "para que te proporcionemos contenido ajustado a tu edad:"
}