{
  "%1;0d%": "%1;0d %", 
  "%1d Players": "%1d joueurs", 
  "%1d Screenshots": "%1d captures d'écran", 
  "%1d friends play this game": "%1d amis jouent à ce jeu", 
  "%1d of ": "%1d sur ", 
  "%1d of %2d": "%1d sur %2d", 
  "%1d suggested friends": "%1d amis recommandés", 
  "%1s": "%1s", 
  "%1s\nSorry, we weren't able to save changes. Please try again later.": "%1s\nDésolé, les changements n'ont pas pu être sauvegardés.  Merci de réessayer plus tard.", 
  "%1s %2s": "%1s %2s", 
  "%1s doesn't have any Friends yet.": "%1s n'a pas d'amis pour l'instant.", 
  "%1s for %2d %3s": "%1s pour %2d %3s", 
  "%1s has an invalid email address.": "%1s a une adresse e-mail non valable.", 
  "%1s has not upgraded to Mobage yet. Invite them to upgrade!": "%1s n'utilise pas encore Mobage. Envoie une invitation !", 
  "%1s is ready to go. Play now!": "%1s t'a rejoint. C'est parti !", 
  "%1s isn't playing any games yet.": "%1s ne joue actuellement à aucun jeu.", 
  "%1s needs to accept your Friend request first!": "UNTRANSLATED", 
  "%1s's Friends": "Amis de %1s", 
  "%1s's Games": "Jeux de %1s", 
  "%1s's Profile": "Profil de %1s", 
  "%1s's friends (%2d)": "Amis de %1s (%2d)", 
  "%1s's recently played games": "Jeux auxquels %1s a joué dernièrement", 
  "1 Player": "1 joueur", 
  "1 Screenshot": "1 capture d'écran", 
  "1 friend plays this game": "1 ami joue à ce jeu", 
  "1 of 4": "1 sur 4", 
  "1 suggested friend": "1 ami recommandé", 
  "A Mobage invitation email has been sent to %1s.": "Une invitation Mobage a été envoyée à %1s.", 
  "A critical Mobage update is available in the %1s. Please update to continue using the service.": "Une mise à jour importante de Mobage est disponible pour : %1s. Pour continuer à utiliser ce service, merci de télécharger la mise à jour.", 
  "A critical update is available in the %1s. Please download the new version from the %1s to continue playing.": "Une mise à jour importante est disponible pour : %1s. Pour continuer à jouer, merci de télécharger la nouvelle version sur : %1s.", 
  "A little bit about you...": "UNTRANSLATED", 
  "About Me": "Qui suis-je ?", 
  "About me…": "Qui suis-je ?", 
  "Accept": "Accepter", 
  "Accept friend request.": "Accepte la demande d'ami.", 
  "Accepted": "Acceptée", 
  "Accepting...": "Acceptation...", 
  "Account Settings": "Paramètres du compte", 
  "Add": "Ajouter", 
  "Add\nFriends": "Ajouter\namis", 
  "Add All": "Tout ajouter", 
  "Add Game!": "Ajouter le jeu", 
  "Add More\nGames": "Ajouter\nd'autres jeux", 
  "Add User": "Ajouter un joueur", 
  "Add all contacts below": "Ajouter tous les contacts ci-dessous", 
  "Add as Friend": "Ajouter comme ami", 
  "Additional System Details": "Infos supplémentaires du système", 
  "All Games": "Tous les jeux", 
  "Already Friends!": "Déjà en relation !", 
  "An update to Mobage has been downloaded. Please restart to apply the update.": "Une mise à jour Mobage a été téléchargée. Merci de redémarrer pour l'installer.", 
  "Android Market": "Android Market", 
  "App Store": "App Store", 
  "Are you sure you want to block this user?": "Bloquer ce joueur ?", 
  "Are you sure you want to delete this post?": "Supprimer cette publication ?", 
  "Are you sure you want to purchase this item?": "Acheter cet objet ?", 
  "Are you sure you want to unblock this user?": "Débloquer ce joueur ?", 
  "Are you sure you want to unfriend this user?": "Supprimer de la liste d'amis ce joueur ?", 
  "At least 4 characters": "Au moins 4 caractères", 
  "Available for Friends": "Disponibles comme amis", 
  "Back": "Retour", 
  "Back To\nGame": "Retour\nau jeu", 
  "Back to\nMarket": "Retour\nau Market", 
  "Back to Game": "Retour au jeu", 
  "Block %1s?": "Bloquer %1s ?", 
  "Block User": "Bloquer ce joueur", 
  "Blocked Users": "Joueurs bloqués", 
  "Buy a": "Acheter 1", 
  "By tapping \"OK\", you agree to our": "En touchant OK, tu acceptes nos", 
  "Cancel": "Annuler", 
  "Change Password": "Modifier le mot de passe", 
  "Check out these suggested friends who play this game!": "Jette un coup d’œil aux amis qui jouent déjà à ce jeu !", 
  "Checking availability...": "Vérification de la disponibilité...", 
  "Checking for Friend requests...": "Vérification des demandes d'amis...", 
  "Choose Friends: %1d": "Choisir des amis : %1d", 
  "Choose up to %1d friends": "Choisir jusqu'à %1d amis", 
  "Choose up to %1d friends: %2d left": "Choisir jusqu'à %1d amis : encore %2d", 
  "Choose your Mobage name to play.": "Choisis un nom Mobage pour jouer.", 
  "Coming soon!": "À venir !", 
  "Comment": "Commenter", 
  "Comments": "Commentaires", 
  "Complete\nProfile": "Compléter\nle profil", 
  "Complete!": "Terminé !", 
  "Confirm": "Confirmer", 
  "Congratulations %1s!": "Félicitations, %1s !", 
  "Congratulations!": "Félicitations !", 
  "Contacts Already on Mobage": "Contacts déjà présents sur Mobage", 
  "Conversation with %1s": "Discussion avec %1s", 
  "Could not retrieve Images, Please check your connection": "Impossible de récupérer les images, merci de vérifier la connexion.", 
  "Couldn't connect.\nPlease try again.": "Impossible de se connecter.\nMerci de réessayer.", 
  "Couldn't find %1s": "Impossible de trouver %1s", 
  "Create\nUsername": "Créer un\nnom de joueur", 
  "Current Password": "Mot de passe actuel", 
  "Customer Support": "Assistance", 
  "Delete": "Supprimer", 
  "Delete This Post": "Supprimer ce commentaire", 
  "Deleting ...": "Suppression...", 
  "Don't show this again.": "Ne plus afficher ceci.", 
  "Done": "Valider", 
  "Download Too Large": "Fichier trop lourd à télécharger", 
  "Download Unsuccessful": "Échec du téléchargement", 
  "Download a free game\n to get started!": "Commence par télécharger\n un jeu gratuit ! ", 
  "Edit": "Modifier", 
  "Edit Profile": "Modifier le profil", 
  "Edit Profile Information": "Modifier les informations du profil", 
  "Email Address": "Adresse e-mail", 
  "Email Invite": "Invitation e-mail", 
  "Email address can't be more than 100 characters": "L'adresse e-mail ne peut pas comporter plus de 100 caractères.", 
  "Email address cannot contain spaces.": "L'adresse e-mail ne doit pas contenir d'espaces.", 
  "Email address must be at least 3 characters": "L'adresse e-mail doit comporter au moins 3 caractères", 
  "Email invite sent!": "Invitation e-mail envoyée !", 
  "Email sent!": "E-mail envoyé !", 
  "Enter %1s's email...": "Saisir l'adresse e-mail de %1s...", 
  "Enter a username to PLAY!": "Saisis un nom pour jouer !", 
  "Enter a valid email address": "Saisir une adresse e-mail valable", 
  "Enter email here": "Saisir l'adresse e-mail ici", 
  "Error": "Erreur", 
  "Error Saving your status message: %1s": "Erreur lors de la sauvegarde du message : %1s", 
  "Error accessing system.  Please try again later. Error: %1s": "Erreur d'accès au système.  Merci de réessayer plus tard. Erreur : %1s", 
  "Error when trying to invite a friend. Error: %1s": "Erreur survenue en invitant un ami. Erreur : %1s", 
  "Error! Gremlins aren't being friendly today.": "Erreur ! Les Gremlins n'en font qu'à leur tête aujourd'hui.", 
  "Exit": "Quitter", 
  "FREE": "Gratuit", 
  "Failed to update avatar. Try again.": "Impossible de mettre l'avatar à jour. Merci de réessayer.", 
  "Featured Games": "Jeux à ne pas manquer", 
  "Find Friends": "Trouver des amis", 
  "Find Games": "Trouver des jeux", 
  "Find People": "Trouver des personnes", 
  "First Name": "Prénom", 
  "Forgot Password?": "Mot de passe oublié ?", 
  "Forgot Your Password?": "Mot de passe oublié ?", 
  "Forgot your password?": "Mot de passe oublié ?", 
  "Friend Requests": "Demande d'amis", 
  "Friends": "Amis", 
  "Friends' Games": "Jeux des amis", 
  "Full Name": "Nom complet", 
  "Game Info": "À propos de ce jeu", 
  "Games": "Jeux", 
  "Games that my Friends Play": "Jeux de mes amis", 
  "Get Games": "Télécharger des jeux", 
  "Get MobaCoin!": "UNTRANSLATED", 
  "Get Mobage news & updates": "Télécharger les nouveautés Mobage", 
  "Get the Update": "Télécharger la mise à jour", 
  "Getting Friend suggestions...": "Téléchargement des amis recommandés...", 
  "Getting the gossip...": "Téléchargement des actualités...", 
  "Give your profile a little love.": "UNTRANSLATED", 
  "Go": "Accéder", 
  "Goodbye": "Au revoir", 
  "Have Fun!": "Amuse-toi bien !", 
  "Have you tried scanning your contacts? People you know may already be on Mobage!": "As-tu essayé l'outil de recherche de contacts ? Tu as peut-être déjà des amis sur Mobage.", 
  "Help them out and add them as a Friend!": "Aide-les en les ajoutant à ta liste d'amis !", 
  "Hey Big Spender": "Bonjour", 
  "Hide": "Masquer", 
  "Home": "Accueil", 
  "Hop over to the Market and update to get the new goodness": "Accède au Market et effectue une mise à jour pour avoir la dernière version", 
  "I haven't written anything yet": "Je n'ai encore rien commenté", 
  "Ignore": "Ignorer", 
  "Ignored": "Ignoré", 
  "Invite": "Inviter", 
  "Invite %1s to upgrade to Mobage to connect and play games!": "Invite %1s à passer à Mobage pour se connecter et jouer à des jeux !", 
  "Invite Contacts to Mobage": "Inviter des contacts à rejoindre Mobage", 
  "Invite Sent": "Invitation envoyée", 
  "Invited": "Invité", 
  "Inviting...": "Invitation...", 
  "Last Name": "Nom", 
  "Last Played": "Dernier jeu", 
  "Last played": "Dernier jeu", 
  "Later": "Plus tard", 
  "Launching %1s…": "Démarrage de %1s…", 
  "Launching…": "Démarrage…", 
  "Leave a Comment": "Laisser un commentaire", 
  "Let's go!": "C'est parti !", 
  "Loading %1s's profile…": "Chargement du profil de %1s…", 
  "Loading friends…": "Chargement des amis…", 
  "Loading games...": "Chargement des jeux...", 
  "Loading games…": "Chargement des jeux...", 
  "Loading more choices...": "Chargement d'autres options...", 
  "Loading wall…": "Chargement du mur…", 
  "Loading...": "Chargement...", 
  "Log In": "Connexion", 
  "Logout": "Déconnexion", 
  "Looks like someone beat you to it.\nHow about one of these Mobage names.": "Tu t'es fait devancer.\nQue penses-tu de ces noms Mobage ?", 
  "Looks like there was a problem with the download. Please try again.": "Une erreur est survenue lors du téléchargement. Merci de réessayer.", 
  "Make Mobage games more fun": "Encore plus de jeux avec Mobage", 
  "Message too long": "Message trop long", 
  "MobaCoin": "MobaCoin", 
  "MobaCoin is the currency for all your Mobage games.": "UNTRANSLATED", 
  "Mobage Friends": "Amis Mobage", 
  "Mobage Home": "Accueil Mobage", 
  "Mobage Information": "Informations Mobage", 
  "Mobage Updated": "Mise à jour Mobage", 
  "Mobage Version": "Version Mobage", 
  "Mobage just got a little bit better! Enjoy!": "Mobage ne cesse de s'améliorer. Amuse-toi bien !", 
  "Mobage name can't be more than 15 characters.": "Ton nom Mobage ne peut pas excéder 15 caractères.", 
  "Mobage name must be at least 4 characters.": "Ton nom Mobage doit contenir au moins 4 caractères.", 
  "Mobage name must not contain spaces or tabs.": "Ton nom Mobage ne doit contenir aucun espace ou marque de tabulation.", 
  "More Posts": "Plus de commentaires", 
  "My Balance:": "Mon solde :", 
  "My Friend Requests": "Mes demandes d'amis", 
  "My Friends": "Mes amis", 
  "My Friends (%1d)": "Mes amis (%1d)", 
  "My Games": "Mes jeux", 
  "My Mobacoin": "Mes MobaCoin", 
  "My Page": "Ma page", 
  "My Profile": "Mon profil", 
  "My Recently Played Games": "Mes jeux actuels", 
  "Name Taken": "Nom déjà utilisé", 
  "Name, Mobage name, or email": "Nom, nom Mobage ou e-mail", 
  "New Notification": "Nouvelle notification", 
  "New Password": "Nouveau mot de passe", 
  "New passwords do not match.": "Les nouveaux mots de passe ne correspondent pas.", 
  "No": "Non", 
  "No Network Connection": "Aucune connexion réseau", 
  "No email address": "Aucune adresse e-mail", 
  "No friends' games were found.": "Aucun jeu de tes amis n'a été trouvé.", 
  "No problem! We'll send a password reset email to the address you used to create your Mobage or Plus+ account.": "Aucun souci ! Tu vas recevoir un mot de passe de réinitialisation à l'adresse utilisée lors de la création du compte Mobage ou Plus+.", 
  "No users found.": "Aucun utilisateur trouvé.", 
  "Not Now": "Pas maintenant", 
  "Not able to delete. Please try again later.": "Impossible de supprimer. Merci de réessayer plus tard.", 
  "OK": "OK", 
  "Ok": "OK", 
  "One currency to spend in all of your Mobage games.": "Une devise à dépenser dans tous tes jeux Mobage.", 
  "One last thing!": "Une dernière chose !", 
  "Only %1d characters are allowed. Extra characters will be truncated.": "Seuls %1d caractères sont autorisés. Tous les autres caractères seront tronqués.", 
  "Only allow Mobage Friends to post comments on my profile": "UNTRANSLATED", 
  "Only receive push notifications from Mobage Friends": "Recevoir uniquement les notifications push de tes amis Mobage", 
  "Oops": "Oups", 
  "Oops! Mobage name can't be more than 15 characters.": "Oups ! Ton nom Mobage ne peut pas excéder 15 caractères.", 
  "Oops! Mobage name cannot start with a number.": "Oups ! Ton nom Mobage ne peut pas commencer par un chiffre.", 
  "Oops! Mobage name must be at least 4 characters.": "Oups ! Ton nom Mobage doit contenir au moins 4 caractères.", 
  "Oops! Please don't use spaces or special characters.": "Oups ! Merci de ne pas utiliser d'espaces ou de caractères spéciaux.", 
  "Order was charged but there was an error fulfilling it. The system will retry your order next time you restart the game.": "Ta commande a été prise en compte, mais ne peut aboutir pour l'instant. Le système effectuera une nouvelle tentative de commande la prochaine fois que tu lanceras le jeu.", 
  "Password (min. 4 characters)": "Mot de passe (4 caractères min.)", 
  "Password can't be more than 25 characters": "Le mot de passe ne peut excéder 25 caractères.", 
  "Password can't be more than 25 characters.": "Le mot de passe ne peut excéder 25 caractères.", 
  "Password cannot contain spaces.": "Le mot de passe ne doit pas comporter d'espaces.", 
  "Password must be at least 4 characters": "Le mot de passe doit contenir au moins 4 caractères.", 
  "Password must be at least 4 characters.": "Le mot de passe doit contenir au moins 4 caractères.", 
  "People on Mobage": "Personnes sur Mobage", 
  "People playing %1s": "Personnes jouant à %1s", 
  "Play": "Jouer", 
  "Play %1s now!": "Jouer à %1s", 
  "Please check your network connection settings.": "Merci de vérifier les paramètres de connexion réseau.", 
  "Please check your network settings and try again.": "Merci de vérifier les paramètres réseau et de réessayer.", 
  "Please check your network settings.": "Merci de vérifier les paramètres réseau.", 
  "Please confirm your email.": "Merci de confirmer l'adresse e-mail.", 
  "Please enter Current Password.": "Merci de saisir le mot de passe actuel.", 
  "Please enter a Mobage name.": "Merci de saisir un nom Mobage.", 
  "Please enter a password.": "Merci de saisir un mot de passe.", 
  "Please enter a reason to report this user.": "Merci de saisir le motif pour signaler cet utilisateur.", 
  "Please enter a valid birth date.": "Merci de saisir une date de naissance valable.", 
  "Please enter a valid email": "Merci de saisir un e-mail valable.", 
  "Please enter a valid email address": "Merci de saisir une adresse e-mail valable.", 
  "Please enter a valid email address.": "Merci de saisir une adresse e-mail valable.", 
  "Please enter an email address.": "Merci de saisir une adresse e-mail.", 
  "Please enter the email address you used to sign up for Mobage and a password reset will be sent to you.": "Merci de saisir l'adresse e-mail utilisée lors de l'inscription à Mobage pour recevoir un nouveau mot de passe.", 
  "Please enter your message:": "Merci de saisir un message :", 
  "Please fill in your age": "Merci d'indiquer ton âge.", 
  "Please type a valid e-mail address": "Merci de saisir une adresse e-mail valable.", 
  "Please wait for the current download to finish.": "Merci d'attendre la fin du téléchargement.", 
  "Please wait while we catch up!": "Merci de patienter !", 
  "Post": "Publication", 
  "Post a Reply": "Publier une réponse", 
  "Post a public comment": "Publier un commentaire public", 
  "Post a reply": "Publier une réponse", 
  "Posting ...": "Publication...", 
  "Posting…": "Publication…", 
  "Privacy Policy": "Politique de confidentialité", 
  "Processing order...": "Commande en cours...", 
  "Profile": "Profil", 
  "Pulling in contacts...": "Importation des contacts...", 
  "Purchase %1s?": "Acheter %1s ?", 
  "Purchase Failed": "Échec de l'achat", 
  "Purchase Succeeded": "Achat réussi", 
  "Quit": "Quitter", 
  "Re-enter Password": "Saisir le mot de passe de nouveau", 
  "Read More": "Plus", 
  "Ready to Play": "Prêt à jouer", 
  "Recently played %1s": "A joué dernièrement à %1s", 
  "Refresh": "Rafraîchir", 
  "Report": "Signaler", 
  "Report %1s": "Signaler %1s", 
  "Report User": "Signaler cet utilisateur", 
  "Request Sent": "Demande envoyée", 
  "Request sent": "Demande envoyée", 
  "Restart Mobage": "Redémarrer Mobage", 
  "Restarting Mobage…": "Redémarrage de Mobage…", 
  "Rows Hidden": "Rangées masquées", 
  "Save": "Sauvegarder", 
  "Save & Play": "UNTRANSLATED", 
  "Saved!": "Sauvegardé !", 
  "Saving...": "Sauvegarde...", 
  "Scan Contacts": "Recherche des contacts", 
  "Scan Device Contacts": "Outil de recherche des contacts", 
  "Search": "Rechercher", 
  "Searching for '%1s'...": "Recherche pour %1s...", 
  "See More Posts...": "Voir plus de commentaires...", 
  "Select a User Image": "Choisir une image utilisateur", 
  "Send": "Envoyer", 
  "Send me game news and updates": "Recevoir l'actualité et les mises à jour du jeu", 
  "Sending Request...": "Envoi de la demande...", 
  "Sending request": "Envoi de la demande", 
  "Sending request...": "Envoi de la demande...", 
  "Service Unavailable": "Service indisponible", 
  "Settings": "Paramètres", 
  "Show More": "Plus", 
  "Sign Me Up": "M'inscrire", 
  "Sign Up": "S'inscrire", 
  "Skip": "Passer", 
  "Sorry to keep you waiting! We'll be back ASAP.": "Merci de bien vouloir patienter. Nous serons de retour le plus rapidement possible.", 
  "Sorry, the Bank is not available. Please try again later.": "Désolé, mais la banque n'est pas disponible. Merci de réessayer plus tard.", 
  "Sorry, the Bank is not supported.": "Désolé, mais la banque n'est pas compatible.", 
  "Sorry, the MobaWall is not yet available for iPhone users. Coming soon!": "Désolé, mais les utilisateurs d'iPhone ne peuvent pas accéder au MobaWall pour le moment. Patience !", 
  "Sorry, this download is over %1dMB. Please connect to Wi-Fi first.": "Désolé, mais ce téléchargement dépasse les %1dMo. Merci de te connecter d'abord au Wi-Fi.", 
  "Sorry, this item is currently not available.": "Désolé, mais cet objet n'est pas disponible pour le moment.", 
  "Sorry, we found no results matching %1s": "Désolé, aucun résultat correspondant à %1s n'a été trouvé.", 
  "Sorry, we weren't able to save changes. Please try again later.": "Désolé, les changements n'ont pas pu être sauvegardés. Merci de réessayer plus tard.", 
  "Sorry, you must be at least 14 years old to enter Mobage.": "Désolé, mais tu dois avoir au moins 14 ans pour pouvoir utiliser Mobage.", 
  "Sorry. We weren't able to complete your request.\nPlease check your network connection and try again.": "Désolé, Ta demande n'a pas pu aboutir.\nMerci de vérifier les paramètres réseau et de réessayer.", 
  "Step %1d": "Étape %1d", 
  "Suggested Friends": "Suggestion d'amis", 
  "Support": "Assistance", 
  "Support & Feedback": "Assistance & Remarques", 
  "System Information": "Informations du système", 
  "Talking to the server...": "Connexion au serveur...", 
  "Tell %1s what games they should be playing!": "Informe %1s sur les jeux à essayer !", 
  "Terms of Service": "Conditions d'utilisation", 
  "The game isn't fully tested on this device yet. If you run into trouble, let us know in Support > Devices or email us at support@mobage.com": "Le jeu n'a pas encore été testé pour cet appareil. En cas de problèmes, merci de nous l'indiquer dans Assistance > Appareils ou de nous envoyer un e-mail à l'adresse suivante : support@mobage.com", 
  "The purchase failed.  Please try again later.": "Échec de l'achat.  Merci de réessayer plus tard.", 
  "The purchase succeeded.  Your %1s balance has been updated!": "Achat réussi.  Ton solde de %1s a été mis à jour.", 
  "The user %1s has been blocked, and can be unblocked from Settings": "L'utilisateur %1s a été bloqué et peut être débloqué dans les Paramètres.", 
  "The user %1s has been unblocked": "L'utilisateur %1s a été débloqué.", 
  "The user %1s was Unfriended": "L'utilisateur %1s a été retiré de ta liste d'amis.", 
  "There was an error checking for updates. Please try again.": "Une erreur est survenue lors de la vérification des mises à jour. Merci de réessayer.", 
  "This version is so last week.": "Cette version est dépassée !", 
  "Tip: Swipe a friend request to ignore it.": "Astuce : passe sur une invitation pour l'ignorer.", 
  "To post a comment, accept %1s's Friend request first!": "UNTRANSLATED", 
  "To post a comment, send %1s a Friend request first!": "UNTRANSLATED", 
  "Try Again": "Réessayer", 
  "Unable to Save": "Impossible de sauvegarder", 
  "Unable to Update %1s": "Impossible de mettre à jour %1s", 
  "Unavailable for %1s": "Indisponible pour %1s", 
  "Unavailable for %1s!": "Indisponible pour %1s !", 
  "Unblock": "Débloquer", 
  "Unblock %1s?": "Débloquer %1s ?", 
  "Unfriend %1s?": "Supprimer %1s ?", 
  "Unfriend User": "Supprimer ce joueur", 
  "Update Available": "Mise à jour disponible", 
  "Update Now": "Mettre à jour", 
  "Update Unsuccessful": "Échec de la mise à jour", 
  "Updating Friends list...": "Mise à jour de la liste d'amis...", 
  "Updating game...": "Mise à jour du jeu...", 
  "Updating...": "Mise à jour...", 
  "User reported--we're looking into it. Thanks!": "Nous nous occupons du joueur signalé. Merci !", 
  "Username (new, existing or Plus+)": "Nom (nouveau, déjà existant ou Plus+)", 
  "Verifying...": "Vérification...", 
  "View": "Afficher", 
  "View Acknowledgements": "Afficher les licences", 
  "View All": "Tout afficher", 
  "View Wall": "Voir le MobaWall", 
  "We didn't find any contacts.": "Aucun contact trouvé.", 
  "We know, you are awesome.": "On sait à quel point tu es génial.", 
  "We're not able to connect": "Impossible d'établir la connexion.", 
  "We're sending you to the Android Market\n to grab your game - you'll be returned to\n Mobage to play it.": "Nous allons te rediriger vers l'Android Market\n afin de récupérer ton jeu, tu pourras ensuite\n retourner sur Mobage pour y jouer. ", 
  "Welcome to Mobage,": "UNTRANSLATED", 
  "What are you playing?": "À quel jeu joues-tu ?", 
  "What's happening?": "Quoi de neuf ?", 
  "Where people come together to\nplay the greatest games.": "Rejoins une communauté\net joue aux meilleurs jeux. ", 
  "Who are you looking for?": "Qui recherches-tu ?", 
  "Whoa! Double Rainbow!": "Génial ! Incroyable !", 
  "Would you like to quit?": "Veux-tu quitter la partie ?", 
  "Wrong password.": "Mot de passe incorrect.", 
  "Yes": "Oui", 
  "You are friends.": "Vous êtes amis.", 
  "You can also invite others to Mobage": "Tu peux aussi inviter d'autres amis sur Mobage.", 
  "You don't have any %1s friends yet.": "Tu n'as pas d'amis %1s pour l'instant.", 
  "You don't have any Friends yet.": "Tu n'as pas d'amis pour l'instant.", 
  "You don't have any Mobage friends yet.": "Tu n'as aucun ami Mobage pour l'instant.", 
  "You don't have any friend requests yet.": "Tu n’as aucune demande d'amis pour l'instant.", 
  "You don't have any games yet.": "Tu n'as pas de jeux pour l'instant.", 
  "You look great today!": "Tu as bonne mine aujourd'hui !", 
  "You may invite this person to Mobage by emailing an invite to %1s.": "Tu peux inviter cette personne à rejoindre Mobage en lui envoyant une invitation à %1s.", 
  "You might need to find a place with better signal.": "Essaie de trouver un endroit avec une meilleure réception.", 
  "You must enter an email address.": "Tu dois saisir une adresse e-mail.", 
  "You'll need some MobaCoin": "UNTRANSLATED", 
  "You're on your way!": "À toi de jouer !", 
  "You've already sent an invite to that address!": "Tu as déjà envoyé une invitation à cette adresse.", 
  "You've already sent an invite to that address.": "Tu as déjà envoyé une invitation à cette adresse.", 
  "You've hit the maximum balance of 99,999 %1s. Spend some before you buy more!": "Tu as atteint le solde maximum : 99,999 %1s. Dépense des pièces avant d'en racheter.", 
  "Your first name must consist of only letters, numbers, spaces, and hyphens, and must not end with a space.": "Ton prénom ne peut contenir que des lettres, des nombres, des espaces et tirets et ne doit pas se terminer par un espace.", 
  "Your first name must contain at least one character.": "Ton prénom doit au moins contenir un caractère.", 
  "Your last name must consist of only letters, numbers, spaces, and hyphens, and must not end with a space.": "Ton nom de famille ne peut contenir que des lettres, des nombres, des espaces et tirets et ne doit pas se terminer par un espace.", 
  "Your last name must contain at least one character.": "Ton nom de famille doit au moins contenir un caractère.", 
  "Your previous order is now successfully credited.": "Ta commande précédente a bien été créditée.", 
  "and": "et", 
  "and that you are at least 14 years old.": "et tu certifies avoir au moins 14 ans.", 
  "decimal_mark": ",", 
  "digit_group_separator": ".", 
  "for us to best provide age related content:": "pour nous aider à proposer un contenu adapté à l'âge :"
}