{
  "%1;0d%": "%1;0d%", 
  "%1d Players": "%1d giocatori", 
  "%1d Screenshots": "%1d immagini", 
  "%1d friends play this game": "%1d amici hanno questo gioco", 
  "%1d of ": "%1d di ", 
  "%1d of %2d": "%1d di %2d", 
  "%1d suggested friends": "%1d amici suggeriti", 
  "%1s": "%1s", 
  "%1s\nSorry, we weren't able to save changes. Please try again later.": "Spiacente %1s,\nnon è stato possibile salvare i cambiamenti. Riprova più tardi.", 
  "%1s %2s": "%1s %2s", 
  "%1s doesn't have any Friends yet.": "%1s non ha ancora amici.", 
  "%1s for %2d %3s": "%1s per %2d %3s", 
  "%1s has an invalid email address.": "%1s ha un indirizzo e-mail non valido.", 
  "%1s has not upgraded to Mobage yet. Invite them to upgrade!": "%1s non ha fatto l'upgrade a Mobage. Ricordaglielo con un invito!", 
  "%1s is ready to go. Play now!": "%1s ha finito i preparativi. Gioca ora!", 
  "%1s isn't playing any games yet.": "%1s non gioca ancora ad alcun gioco.", 
  "%1s needs to accept your Friend request first!": "UNTRANSLATED", 
  "%1s's Friends": "Amici di %1s", 
  "%1s's Games": "Giochi di %1s", 
  "%1s's Profile": "Profilo di %1s", 
  "%1s's friends (%2d)": "Amici di %1s (%2d)", 
  "%1s's recently played games": "Giochi recenti di %1s", 
  "1 Player": "1 giocatore", 
  "1 Screenshot": "1 immagine", 
  "1 friend plays this game": "1 amico ha questo gioco", 
  "1 of 4": "1 di 4", 
  "1 suggested friend": "1 suggerimento amicizia", 
  "A Mobage invitation email has been sent to %1s.": "%1s riceverà via e-mail un invito a Mobage.", 
  "A critical Mobage update is available in the %1s. Please update to continue using the service.": "Su %1s è disponibile un aggiornamento critico di Mobage. Esegui l'aggiornamento per continuare.", 
  "A critical update is available in the %1s. Please download the new version from the %1s to continue playing.": "Su %1s è disponibile un aggiornamento critico. Scarica la nuova versione da %1s per continuare a giocare.", 
  "A little bit about you...": "UNTRANSLATED", 
  "About Me": "Su di me", 
  "About me…": "Su di me...", 
  "Accept": "Accetta", 
  "Accept friend request.": "Accetta richiesta di amicizia.", 
  "Accepted": "Accettata", 
  "Accepting...": "Accetto...", 
  "Account Settings": "Impostazioni account", 
  "Add": "Aggiungi", 
  "Add\nFriends": "Aggiungi\namici", 
  "Add All": "Aggiungi tutti", 
  "Add Game!": "Aggiungi gioco!", 
  "Add More\nGames": "Aggiungi altri\ngiochi", 
  "Add User": "Aggiungi utente", 
  "Add all contacts below": "Aggiungi tutti i contatti qui sotto", 
  "Add as Friend": "Aggiungi agli amici", 
  "Additional System Details": "Dettagli sistema aggiuntivi", 
  "All Games": "Tutti i giochi", 
  "Already Friends!": "Siete già amici!", 
  "An update to Mobage has been downloaded. Please restart to apply the update.": "È stato scaricato un aggiornamento di Mobage. Riavvia per applicare l'aggiornamento.", 
  "Android Market": "Android Market", 
  "App Store": "App Store", 
  "Are you sure you want to block this user?": "Vuoi davvero bloccare questo utente?", 
  "Are you sure you want to delete this post?": "Vuoi davvero cancellare questo post?", 
  "Are you sure you want to purchase this item?": "Vuoi davvero acquistare questo oggetto?", 
  "Are you sure you want to unblock this user?": "Vuoi davvero sbloccare questo utente?", 
  "Are you sure you want to unfriend this user?": "Vuoi davvero rimuovere l'utente dagli amici?", 
  "At least 4 characters": "Almeno 4 caratteri", 
  "Available for Friends": "Disponibile per amici", 
  "Back": "Indietro", 
  "Back To\nGame": "Torna al\ngioco", 
  "Back to\nMarket": "Torna al\nMarket", 
  "Back to Game": "Torna al gioco", 
  "Block %1s?": "Blocca %1s?", 
  "Block User": "Blocca utente", 
  "Blocked Users": "Utenti bloccati", 
  "Buy a": "Compra:", 
  "By tapping \"OK\", you agree to our": "Toccando \"OK\", accetti i nostri", 
  "Cancel": "Annulla", 
  "Change Password": "Cambia Password", 
  "Check out these suggested friends who play this game!": "Occhio a questi amici suggeriti: hanno questo gioco!", 
  "Checking availability...": "Controllo disponibilità...", 
  "Checking for Friend requests...": "Controllo richieste amicizia...", 
  "Choose Friends: %1d": "Scegli amici: %1d", 
  "Choose up to %1d friends": "Scegli fino a %1d amici", 
  "Choose up to %1d friends: %2d left": "Scegli fino a %1d amici: ancora %2d", 
  "Choose your Mobage name to play.": "Scegli il tuo nome Mobage per giocare.", 
  "Coming soon!": "Prossimamente!", 
  "Comment": "Commento", 
  "Comments": "Commenti", 
  "Complete\nProfile": "Completa\nprofilo", 
  "Complete!": "Completo!", 
  "Confirm": "Conferma", 
  "Congratulations %1s!": "Congratulazioni %1s!", 
  "Congratulations!": "Congratulazioni!", 
  "Contacts Already on Mobage": "Contatti già su Mobage", 
  "Conversation with %1s": "Conversazione con %1s", 
  "Could not retrieve Images, Please check your connection": "Impossibile ottenere le immagini. Controlla la connessione.", 
  "Couldn't connect.\nPlease try again.": "Impossibile connettersi.\nRiprova.", 
  "Couldn't find %1s": "Impossibile trovare %1s", 
  "Create\nUsername": "Crea\nnome utente", 
  "Current Password": "Password attuale", 
  "Customer Support": "Servizio clienti", 
  "Delete": "Elimina", 
  "Delete This Post": "Elimina questo post", 
  "Deleting ...": "Eliminazione...", 
  "Don't show this again.": "Non mostrare più", 
  "Done": "Fatto", 
  "Download Too Large": "Download troppo grande", 
  "Download Unsuccessful": "Download non riuscito", 
  "Download a free game\n to get started!": "Scarica un gioco gratis\n per iniziare!", 
  "Edit": "Modifica", 
  "Edit Profile": "Modifica profilo", 
  "Edit Profile Information": "Modifica dati profilo", 
  "Email Address": "Indirizzo e-mail", 
  "Email Invite": "Invito e-mail", 
  "Email address can't be more than 100 characters": "L'indirizzo e-mail non può avere più di 100 caratteri", 
  "Email address cannot contain spaces.": "L'indirizzo e-mail non può contenere spazi", 
  "Email address must be at least 3 characters": "L'indirizzo e-mail deve avere almeno 3 caratteri", 
  "Email invite sent!": "Invito e-mail inviato!", 
  "Email sent!": "E-mail inviata!", 
  "Enter %1s's email...": "Inserisci l'e-mail di %1s...", 
  "Enter a username to PLAY!": "Inserisci un nome utente e GIOCA!", 
  "Enter a valid email address": "Inserisci un indirizzo e-mail valido", 
  "Enter email here": "Inserisci e-mail qui", 
  "Error": "Errore", 
  "Error Saving your status message: %1s": "Errore nel salvataggio dello status: %1s", 
  "Error accessing system.  Please try again later. Error: %1s": "Errore di accesso al sistema.  Riprova più tardi. Errore: %1s", 
  "Error when trying to invite a friend. Error: %1s": "Errore nell'invio dell'invito a un amico. Errore: %1s", 
  "Error! Gremlins aren't being friendly today.": "Errore! Oggi i gremlin sono dispettosi.", 
  "Exit": "Esci", 
  "FREE": "GRATIS", 
  "Failed to update avatar. Try again.": "Impossibile aggiornare l'avatar. Riprova.", 
  "Featured Games": "Giochi in evidenza", 
  "Find Friends": "Trova amici", 
  "Find Games": "Trova giochi", 
  "Find People": "Trova persone", 
  "First Name": "Nome", 
  "Forgot Password?": "Password dimenticata?", 
  "Forgot Your Password?": "Hai dimenticato la password?", 
  "Forgot your password?": "Hai dimenticato la password?", 
  "Friend Requests": "Richieste amicizia", 
  "Friends": "Amici", 
  "Friends' Games": "Giochi degli amici", 
  "Full Name": "Nome completo", 
  "Game Info": "Info gioco", 
  "Games": "Giochi", 
  "Games that my Friends Play": "Giochi dei miei amici", 
  "Get Games": "Ottieni giochi", 
  "Get MobaCoin!": "UNTRANSLATED", 
  "Get Mobage news & updates": "Ottieni notizie e aggiornamenti Mobage", 
  "Get the Update": "Ottieni l'aggiornamento", 
  "Getting Friend suggestions...": "Recupero suggerimenti amici...", 
  "Getting the gossip...": "Recupero pettegolezzi...", 
  "Give your profile a little love.": "UNTRANSLATED", 
  "Go": "Vai", 
  "Goodbye": "Arrivederci", 
  "Have Fun!": "Divertiti!", 
  "Have you tried scanning your contacts? People you know may already be on Mobage!": "Hai cercato tra i tuoi contatti? Qualcuno che conosci potrebbe già usare Mobage!", 
  "Help them out and add them as a Friend!": "Aiutali aggiungendoli agli amici!", 
  "Hey Big Spender": "Ehi, spendaccione", 
  "Hide": "Nascondi", 
  "Home": "Home", 
  "Hop over to the Market and update to get the new goodness": "Fai un salto al Market e aggiorna per scoprire le novità", 
  "I haven't written anything yet": "Non ho ancora scritto niente", 
  "Ignore": "Ignora", 
  "Ignored": "Ignorato", 
  "Invite": "Invita", 
  "Invite %1s to upgrade to Mobage to connect and play games!": "Invita %1s a passare a Mobage per connettervi e giocare!", 
  "Invite Contacts to Mobage": "Invita contatti su Mobage", 
  "Invite Sent": "Invito inviato", 
  "Invited": "Invitato/a", 
  "Inviting...": "Invito in corso...", 
  "Last Name": "Cognome", 
  "Last Played": "Ultima gioco", 
  "Last played": "Ultima gioco", 
  "Later": "Più tardi", 
  "Launching %1s…": "Avvio %1s…", 
  "Launching…": "Avvio in corso...", 
  "Leave a Comment": "Lascia un commento", 
  "Let's go!": "Andiamo!", 
  "Loading %1s's profile…": "Caricamento del profilo di %1s...", 
  "Loading friends…": "Caricamento amici...", 
  "Loading games...": "Caricamento giochi...", 
  "Loading games…": "Caricamento giochi...", 
  "Loading more choices...": "Carico altre scelte...", 
  "Loading wall…": "Caricamento Wall...", 
  "Loading...": "Caricamento...", 
  "Log In": "Accedi", 
  "Logout": "Esci", 
  "Looks like someone beat you to it.\nHow about one of these Mobage names.": "Qualcuno ti ha preceduto.\nChe ne dici di uno di questi nomi Mobage?", 
  "Looks like there was a problem with the download. Please try again.": "Si è verificato un problema di download. Riprova.", 
  "Make Mobage games more fun": "Rendi più divertenti i giochi Mobage", 
  "Message too long": "Messaggio troppo lungo", 
  "MobaCoin": "MobaCoin", 
  "MobaCoin is the currency for all your Mobage games.": "UNTRANSLATED", 
  "Mobage Friends": "Amici Mobage", 
  "Mobage Home": "Home Mobage", 
  "Mobage Information": "Informazioni Mobage", 
  "Mobage Updated": "Mobage aggiornato", 
  "Mobage Version": "Versione Mobage", 
  "Mobage just got a little bit better! Enjoy!": "Mobage è appena migliorato! Goditelo!", 
  "Mobage name can't be more than 15 characters.": "Il nome Mobage non può superare i 15 caratteri.", 
  "Mobage name must be at least 4 characters.": "Il nome Mobage dev'essere di almeno 4 caratteri.", 
  "Mobage name must not contain spaces or tabs.": "Il nome Mobage non può contenere spazi o tabulazioni.", 
  "More Posts": "Altri post", 
  "My Balance:": "Il mio bilancio:", 
  "My Friend Requests": "Le mie richieste amicizia", 
  "My Friends": "I miei amici", 
  "My Friends (%1d)": "I miei amici (%1d)", 
  "My Games": "I miei giochi", 
  "My Mobacoin": "Le mie MobaCoin", 
  "My Page": "La mia pagina", 
  "My Profile": "Il mio profilo", 
  "My Recently Played Games": "I miei giochi recenti", 
  "Name Taken": "Nome già assegnato", 
  "Name, Mobage name, or email": "Nome, nome Mobage o e-mail", 
  "New Notification": "Nuova notifica", 
  "New Password": "Nuova password", 
  "New passwords do not match.": "Le nuove password non corrispondono.", 
  "No": "No", 
  "No Network Connection": "Nessuna connessione di rete", 
  "No email address": "Nessun indirizzo e-mail", 
  "No friends' games were found.": "Nessun gioco di amici trovato.", 
  "No problem! We'll send a password reset email to the address you used to create your Mobage or Plus+ account.": "No problem! Manderemo un'e-mail di ripristino password all'indirizzo che hai usato per creare il tuo account Mobage o Plus+.", 
  "No users found.": "Nessun utente trovato.", 
  "Not Now": "Non ora", 
  "Not able to delete. Please try again later.": "Impossibile eliminare. Riprova più tardi.", 
  "OK": "OK", 
  "Ok": "Ok", 
  "One currency to spend in all of your Mobage games.": "Una sola valuta da spendere in tutti i tuoi giochi Mobage.", 
  "One last thing!": "Un'ultima cosa!", 
  "Only %1d characters are allowed. Extra characters will be truncated.": "Sono permessi solo %1d caratteri. I caratteri extra saranno tagliati.", 
  "Only allow Mobage Friends to post comments on my profile": "UNTRANSLATED", 
  "Only receive push notifications from Mobage Friends": "Ricevi le notifiche push solo dagli amici Mobage", 
  "Oops": "Oops", 
  "Oops! Mobage name can't be more than 15 characters.": "Oops! Il nome Mobage non può superare i 15 caratteri.", 
  "Oops! Mobage name cannot start with a number.": "Oops! Il nome Mobage non può iniziare con un numero.", 
  "Oops! Mobage name must be at least 4 characters.": "Oops! Il nome Mobage dev'essere di almeno 4 caratteri.", 
  "Oops! Please don't use spaces or special characters.": "Oops! Non usare spazi o caratteri speciali.", 
  "Order was charged but there was an error fulfilling it. The system will retry your order next time you restart the game.": "L'ordine è stato addebitato, ma si è verificato un errore nel portarlo a termine. Il sistema riproverà a eseguire l'ordine quando riavvierai il gioco.", 
  "Password (min. 4 characters)": "Password (min. 4 caratteri)", 
  "Password can't be more than 25 characters": "La password non può superare i 25 caratteri", 
  "Password can't be more than 25 characters.": "La password non può superare i 25 caratteri.", 
  "Password cannot contain spaces.": "La password non può contenere spazi.", 
  "Password must be at least 4 characters": "La password dev'essere di almeno 4 caratteri.", 
  "Password must be at least 4 characters.": "La password dev'essere di almeno 4 caratteri.", 
  "People on Mobage": "Persone su Mobage", 
  "People playing %1s": "Persone che giocano a %1s", 
  "Play": "Gioca", 
  "Play %1s now!": "Gioca ora a %1s!", 
  "Please check your network connection settings.": "Controlla le impostazioni della connessione di rete.", 
  "Please check your network settings and try again.": "Controlla le impostazioni della connessione di rete e riprova.", 
  "Please check your network settings.": "Controlla le impostazioni di rete.", 
  "Please confirm your email.": "Conferma il tuo indirizzo e-mail.", 
  "Please enter Current Password.": "Inserisci la password attuale.", 
  "Please enter a Mobage name.": "Inserisci un nome Mobage.", 
  "Please enter a password.": "Inserisci una password.", 
  "Please enter a reason to report this user.": "Inserisci un motivo per la segnalazione dell'utente.", 
  "Please enter a valid birth date.": "Inserisci una data di nascita valida.", 
  "Please enter a valid email": "Inserisci un'e-mail valida", 
  "Please enter a valid email address": "Inserisci un indirizzo e-mail valido", 
  "Please enter a valid email address.": "Inserisci un indirizzo e-mail valido.", 
  "Please enter an email address.": "Inserisci un indirizzo e-mail.", 
  "Please enter the email address you used to sign up for Mobage and a password reset will be sent to you.": "Inserisci l'indirizzo e-mail che hai usato per iscriverti a Mobage e ti invieremo un messaggio per ripristinare la password.", 
  "Please enter your message:": "Inserisci il tuo messaggio:", 
  "Please fill in your age": "Inserisci la tua età", 
  "Please type a valid e-mail address": "Inserisci un indirizzo e-mail valido", 
  "Please wait for the current download to finish.": "Attendi che il download attuale sia completato.", 
  "Please wait while we catch up!": "Un attimo di pazienza...", 
  "Post": "Pubblica", 
  "Post a Reply": "Rispondi", 
  "Post a public comment": "Pubblica un commento", 
  "Post a reply": "Rispondi", 
  "Posting ...": "Pubblicazione...", 
  "Posting…": "Pubblicazione...", 
  "Privacy Policy": "Politica sulla privacy", 
  "Processing order...": "Elaborazione ordine...", 
  "Profile": "Profilo", 
  "Pulling in contacts...": "Recupero contatti...", 
  "Purchase %1s?": "Acquistare %1s?", 
  "Purchase Failed": "Acquisto fallito", 
  "Purchase Succeeded": "Acquisto riuscito", 
  "Quit": "Esci", 
  "Re-enter Password": "Ripeti la password", 
  "Read More": "Più informazioni", 
  "Ready to Play": "Pronto a giocare", 
  "Recently played %1s": "Di recente ha giocato a %1s", 
  "Refresh": "Aggiorna", 
  "Report": "Segnala", 
  "Report %1s": "Segnala %1s", 
  "Report User": "Segnala utente", 
  "Request Sent": "Richiesta inviata", 
  "Request sent": "Richiesta inviata", 
  "Restart Mobage": "Riavvia Mobage", 
  "Restarting Mobage…": "Riavvio Mobage…", 
  "Rows Hidden": "File nascoste", 
  "Save": "Salva", 
  "Save & Play": "UNTRANSLATED", 
  "Saved!": "Salvato!", 
  "Saving...": "Salvataggio...", 
  "Scan Contacts": "Esamina contatti", 
  "Scan Device Contacts": "Esamina contatti dispositivo", 
  "Search": "Cerca", 
  "Searching for '%1s'...": "Ricerca di \"%1s\"...", 
  "See More Posts...": "Vedi altri post...", 
  "Select a User Image": "Seleziona un'immagine", 
  "Send": "Invia", 
  "Send me game news and updates": "Inviami notizie e aggiornamenti sui giochi", 
  "Sending Request...": "Invio richiesta...", 
  "Sending request": "Invio richiesta", 
  "Sending request...": "Invio richiesta...", 
  "Service Unavailable": "Servizio non disponibile", 
  "Settings": "Impostazioni", 
  "Show More": "Visualizza altre", 
  "Sign Me Up": "Iscrizione", 
  "Sign Up": "Iscriviti", 
  "Skip": "Salta", 
  "Sorry to keep you waiting! We'll be back ASAP.": "Ci dispiace per l'attesa! Torneremo al più presto.", 
  "Sorry, the Bank is not available. Please try again later.": "La Banca non è disponibile. Riprova più tardi.", 
  "Sorry, the Bank is not supported.": "La Banca non è supportata.", 
  "Sorry, the MobaWall is not yet available for iPhone users. Coming soon!": "Il MobaWall non è ancora disponibile per gli utenti iPhone. Prossimamente!", 
  "Sorry, this download is over %1dMB. Please connect to Wi-Fi first.": "Siamo spiacenti: il download supera i %1dMB. È necessario connettersi via Wi-Fi.", 
  "Sorry, this item is currently not available.": "L'oggetto non è al momento disponibile.", 
  "Sorry, we found no results matching %1s": "La ricerca di %1s non ha dato risultati.", 
  "Sorry, we weren't able to save changes. Please try again later.": "Impossibile salvare i cambiamenti. Riprova più tardi.", 
  "Sorry, you must be at least 14 years old to enter Mobage.": "Devi avere almeno 14 anni per entrare in Mobage.", 
  "Sorry. We weren't able to complete your request.\nPlease check your network connection and try again.": "Siamo spiacenti. Non abbiamo potuto completare la richiesta.\nControlla la tua connessione di rete e riprova.", 
  "Step %1d": "Passo %1d", 
  "Suggested Friends": "Amici suggeriti", 
  "Support": "Supporto", 
  "Support & Feedback": "Supporto e pareri", 
  "System Information": "Informazioni di sistema", 
  "Talking to the server...": "In comunicazione col server...", 
  "Tell %1s what games they should be playing!": "Di' a %1s quali giochi dovrebbe provare!", 
  "Terms of Service": "Termini di servizio", 
  "The game isn't fully tested on this device yet. If you run into trouble, let us know in Support > Devices or email us at support@mobage.com": "Il gioco non è stato del tutto testato su questo dispositivo. Se riscontri dei problemi, segnalaceli su Supporto > Dispositivi o mandaci un'e-mail all'indirizzo support@mobage.com", 
  "The purchase failed.  Please try again later.": "L'acquisto è fallito.  Riprova più tardi.", 
  "The purchase succeeded.  Your %1s balance has been updated!": "L'acquisto è riuscito.  Il tuo bilancio di %1s è stato aggiornato!", 
  "The user %1s has been blocked, and can be unblocked from Settings": "L'utente %1s è stato bloccato: può essere sbloccato dalle Impostazioni", 
  "The user %1s has been unblocked": "L'utente %1s è stato sbloccato", 
  "The user %1s was Unfriended": "Hai rimosso %1s dagli amici", 
  "There was an error checking for updates. Please try again.": "Si è verificato un errore nel controllo degli aggiornamenti. Riprova.", 
  "This version is so last week.": "Questa versione è fuori moda.", 
  "Tip: Swipe a friend request to ignore it.": "Consiglio: scorri il dito su una richiesta d'amicizia per ignorarla.", 
  "To post a comment, accept %1s's Friend request first!": "UNTRANSLATED", 
  "To post a comment, send %1s a Friend request first!": "UNTRANSLATED", 
  "Try Again": "Riprova", 
  "Unable to Save": "Impossibile salvare", 
  "Unable to Update %1s": "Impossibile aggiornare %1s", 
  "Unavailable for %1s": "Non disponibile per %1s", 
  "Unavailable for %1s!": "Non disponibile per %1s!", 
  "Unblock": "Sblocca", 
  "Unblock %1s?": "Sbloccare %1s?", 
  "Unfriend %1s?": "Rimuovere %1s dagli amici?", 
  "Unfriend User": "Togli l'utente dagli amici", 
  "Update Available": "Aggiornamento disponibile", 
  "Update Now": "Aggiorna ora", 
  "Update Unsuccessful": "Aggiornamento non riuscito", 
  "Updating Friends list...": "Aggiornamento lista amici...", 
  "Updating game...": "Aggiornamento gioco...", 
  "Updating...": "Aggiornamento...", 
  "User reported--we're looking into it. Thanks!": "Utente segnalato: verificheremo. Grazie!", 
  "Username (new, existing or Plus+)": "Nome utente (nuovo, esistente o Plus+)", 
  "Verifying...": "Verifica...", 
  "View": "Vedi", 
  "View Acknowledgements": "Vedi riconoscimenti", 
  "View All": "Vedi tutto", 
  "View Wall": "Vedi Wall", 
  "We didn't find any contacts.": "Non abbiamo trovato contatti.", 
  "We know, you are awesome.": "Lo sappiamo, sei grande.", 
  "We're not able to connect": "Impossibile connettersi", 
  "We're sending you to the Android Market\n to grab your game - you'll be returned to\n Mobage to play it.": "Ti stiamo indirizzando su Android Market,\n dove otterrai il gioco. Tornerai su Mobage\n  per giocarci.", 
  "Welcome to Mobage,": "UNTRANSLATED", 
  "What are you playing?": "A cosa stai giocando?", 
  "What's happening?": "Cosa succede?", 
  "Where people come together to\nplay the greatest games.": "Dove la gente si incontra per \ngiocare ai giochi migliori!", 
  "Who are you looking for?": "Chi stai cercando?", 
  "Whoa! Double Rainbow!": "Wow! Doppio arcobaleno!", 
  "Would you like to quit?": "Vuoi abbandonare?", 
  "Wrong password.": "Password errata.", 
  "Yes": "Sì", 
  "You are friends.": "Siete amici.", 
  "You can also invite others to Mobage": "Puoi anche invitare altri amici su Mobage", 
  "You don't have any %1s friends yet.": "Non hai ancora amici su %1s.", 
  "You don't have any Friends yet.": "Non hai ancora amici.", 
  "You don't have any Mobage friends yet.": "Non hai ancora amici su Mobage.", 
  "You don't have any friend requests yet.": "Non hai ancora richieste amicizia.", 
  "You don't have any games yet.": "Non hai ancora giochi.", 
  "You look great today!": "Oggi sei proprio in forma!", 
  "You may invite this person to Mobage by emailing an invite to %1s.": "Puoi invitare questa persona su Mobage con un'e-mail a %1s.", 
  "You might need to find a place with better signal.": "Potresti dover cercare un punto in cui il segnale sia migliore.", 
  "You must enter an email address.": "Devi inserire un indirizzo e-mail.", 
  "You'll need some MobaCoin": "UNTRANSLATED", 
  "You're on your way!": "Sei sulla buona strada!", 
  "You've already sent an invite to that address!": "Hai già mandato un invito a quell'indirizzo!", 
  "You've already sent an invite to that address.": "Hai già mandato un invito a quell'indirizzo.", 
  "You've hit the maximum balance of 99,999 %1s. Spend some before you buy more!": "Hai raggiunto il bilancio massimo di 99,999 %1s. Spendine un po', prima di comprarne ancora!", 
  "Your first name must consist of only letters, numbers, spaces, and hyphens, and must not end with a space.": "Il tuo nome deve contenere solo lettere, numeri, spazi e trattini e non deve finire con uno spazio.", 
  "Your first name must contain at least one character.": "Il tuo nome deve avere almeno un carattere.", 
  "Your last name must consist of only letters, numbers, spaces, and hyphens, and must not end with a space.": "Il tuo cognome deve contenere solo lettere, numeri, spazi e trattini e non deve finire con uno spazio.", 
  "Your last name must contain at least one character.": "Il tuo cognome deve avere almeno un carattere.", 
  "Your previous order is now successfully credited.": "Il tuo ordine precedente è stato accreditato con successo.", 
  "and": "e", 
  "and that you are at least 14 years old.": "e confermi di avere almeno 14 anni.", 
  "decimal_mark": ",", 
  "digit_group_separator": ".", 
  "for us to best provide age related content:": "cosicché possiamo fornire al meglio contenuti correlati all'età:"
}