{
  "%1;0d%": "%1;0d%", 
  "%1d Players": "플레이어 %1d명", 
  "%1d Screenshots": "스크린 샷 %1d개", 
  "%1d friends play this game": "%1d명의 친구가 이 게임을 하고 있습니다.", 
  "%1d of ": "%1d명 ", 
  "%1d of %2d": "%2d 중 %1d자 입력됨", 
  "%1d suggested friends": "%1d명의 친구 추천", 
  "%1s": "%1s님", 
  "%1s\nSorry, we weren't able to save changes. Please try again later.": "%1s님,\n죄송합니다.변경 사항을 저장할 수 없습니다. 잠시 후 다시 시도해 주세요.", 
  "%1s %2s": "%1s %2s", 
  "%1s doesn't have any Friends yet.": "%1s님은 아직 친구가 없습니다.", 
  "%1s for %2d %3s": "%2d %3s(을)를 위한 %1s", 
  "%1s has an invalid email address.": "%1s님의 이메일 주소가 유효하지 않습니다.", 
  "%1s has not upgraded to Mobage yet. Invite them to upgrade!": "%1s님은 아직 Mobage 업그레이드를 하지 않으셨습니다. 업그레이드할 수 있도록 초청하세요!", 
  "%1s is ready to go. Play now!": "%1s님은 준비 완료되었습니다. 게임 시작!", 
  "%1s isn't playing any games yet.": "%1s님은 아직 시작한 게임이 없습니다.", 
  "%1s needs to accept your Friend request first!": "UNTRANSLATED", 
  "%1s's Friends": "%1s님의 친구들", 
  "%1s's Games": "%1s님의 게임", 
  "%1s's Profile": "%1s님의 프로필", 
  "%1s's friends (%2d)": "%1s님의 친구들(%2d명)", 
  "%1s's recently played games": "%1s님이 최근에 즐긴 게임", 
  "1 Player": "플레이어 1명", 
  "1 Screenshot": "스크린 샷 1개", 
  "1 friend plays this game": "이 게임을 하는 친구 1명", 
  "1 of 4": "1/4", 
  "1 suggested friend": "1명의 친구 추천", 
  "A Mobage invitation email has been sent to %1s.": "%1s님에게 Mobage 초대 메일을 보냈습니다.", 
  "A critical Mobage update is available in the %1s. Please update to continue using the service.": "%1s에서 중요한 Mobage 업데이트를 받으세요. 서비스를 계속 이용하려면 업데이트하시기 바랍니다.", 
  "A critical update is available in the %1s. Please download the new version from the %1s to continue playing.": "%1s에서 중요한 업데이트를 받으세요. 계속 이용하려면 %1s에서 새로운 버젼을 다운로드 하세요.", 
  "A little bit about you...": "UNTRANSLATED", 
  "About Me": "내 소개", 
  "About me…": "내 소개", 
  "Accept": "수락", 
  "Accept friend request.": "친구 신청 수락", 
  "Accepted": "수락 함", 
  "Accepting...": "수락 중...", 
  "Account Settings": "계정 설정", 
  "Add": "추가", 
  "Add\nFriends": "친구\n신청", 
  "Add All": "전체 추가", 
  "Add Game!": "게임을 추가하세요!", 
  "Add More\nGames": "게임\n추가하기", 
  "Add User": "친구 신청하기", 
  "Add all contacts below": "아래의 모든 연락처 추가", 
  "Add as Friend": "친구 신청하기", 
  "Additional System Details": "추가 시스템 명세", 
  "All Games": "전체 게임", 
  "Already Friends!": "이미 친구입니다.", 
  "An update to Mobage has been downloaded. Please restart to apply the update.": "Mobage 업데이트가 다운로드되었습니다. 업데이트를 적용하려면 다시 시작해주세요.", 
  "Android Market": "안드로이드 마켓", 
  "App Store": "앱 스토어", 
  "Are you sure you want to block this user?": "이 유저를 차단하시겠습니까?", 
  "Are you sure you want to delete this post?": "이 게시물을 삭제하시겠습니까?", 
  "Are you sure you want to purchase this item?": "이 아이템을 구매하시겠습니까?", 
  "Are you sure you want to unblock this user?": "이 유저를 차단 해제하시겠습니까?", 
  "Are you sure you want to unfriend this user?": "이 유저를 친구 목록에서 삭제하시겠습니까?", 
  "At least 4 characters": "최소 4자 입력", 
  "Available for Friends": "친구에게 허용하기", 
  "Back": "돌아가기", 
  "Back To\nGame": "게임으로\n돌아가기", 
  "Back to\nMarket": "마켓으로\n돌아가기", 
  "Back to Game": "게임으로 돌아가기", 
  "Block %1s?": "%1s님을 차단하시겠습니까?", 
  "Block User": "유저 차단", 
  "Blocked Users": "차단된 유저", 
  "Buy a": "구매하기:", 
  "By tapping \"OK\", you agree to our": "다음에 동의하시면 \"확인\"을 누르세요:", 
  "Cancel": "취소", 
  "Change Password": "비밀번호 변경", 
  "Check out these suggested friends who play this game!": "이 게임을 같이 할 친구를 추천해 드렸습니다.", 
  "Checking availability...": "중복 확인 중...", 
  "Checking for Friend requests...": "친구 신청 확인 중…", 
  "Choose Friends: %1d": "친구 선택하기: %1d명", 
  "Choose up to %1d friends": "%1d명의 친구 선택하기", 
  "Choose up to %1d friends: %2d left": "%1d명의 친구 선택하기: %2d명 남음", 
  "Choose your Mobage name to play.": "게임에 사용할 Mobage 닉네임을 선택하세요.", 
  "Coming soon!": "곧 출시 예정!", 
  "Comment": "하고싶은 말", 
  "Comments": "댓글", 
  "Complete\nProfile": "프로필\n작성하기", 
  "Complete!": "완료!", 
  "Confirm": "확인", 
  "Congratulations %1s!": "%1s님, 축하합니다!", 
  "Congratulations!": "축하합니다!", 
  "Contacts Already on Mobage": "Mobage에 등록된 연락처", 
  "Conversation with %1s": "%1s님과의 대화", 
  "Could not retrieve Images, Please check your connection": "이미지를 가져올 수 없습니다. 인터넷 연결을 확인해 주세요.", 
  "Couldn't connect.\nPlease try again.": "연결할 수 없습니다.\n다시 시도해 주세요.", 
  "Couldn't find %1s": "%1s님을 찾을 수 없습니다.", 
  "Create\nUsername": "유저명\n만들기", 
  "Current Password": "기존 비밀번호", 
  "Customer Support": "고객 지원", 
  "Delete": "삭제", 
  "Delete This Post": "본 게시물 삭제하기", 
  "Deleting ...": "삭제 중 ...", 
  "Don't show this again.": "다시 보지 않기", 
  "Done": "완료", 
  "Download Too Large": "다운로드 용량 초과", 
  "Download Unsuccessful": "다운로드 실패", 
  "Download a free game\n to get started!": "무료 게임을 다운로드하시고\n 재미있게 즐기세요!", 
  "Edit": "수정", 
  "Edit Profile": "프로필 수정하기", 
  "Edit Profile Information": "프로필 정보 수정하기", 
  "Email Address": "이메일 주소", 
  "Email Invite": "초대 메일", 
  "Email address can't be more than 100 characters": "이메일 주소는 100자를 초과할 수 없습니다.", 
  "Email address cannot contain spaces.": "이메일 주소는 띄어쓰기를 포함할 수 없습니다.", 
  "Email address must be at least 3 characters": "이메일 주소는 최소 3자 이상이어야 합니다.", 
  "Email invite sent!": "초대 메일을 보냈습니다.", 
  "Email sent!": "메일을 보냈습니다.", 
  "Enter %1s's email...": "%1s님의 이메일 주소 입력하기...", 
  "Enter a username to PLAY!": "게임을 시작하시려면 로그인해 주세요.", 
  "Enter a valid email address": "이메일 주소를 입력해 주세요", 
  "Enter email here": "이메일 입력", 
  "Error": "에러", 
  "Error Saving your status message: %1s": "상태 메시지 저장 중 에러: %1s", 
  "Error accessing system.  Please try again later. Error: %1s": "시스템 로그인 에러입니다.  잠시 후 다시 시도해 주세요. 에러: %1s", 
  "Error when trying to invite a friend. Error: %1s": "친구 초청 중에 에러가 발생했습니다. 에러: %1s님", 
  "Error! Gremlins aren't being friendly today.": "에러! 오늘은 말썽꾸러기 요정들이 극성입니다.", 
  "Exit": "종료", 
  "FREE": "무료", 
  "Failed to update avatar. Try again.": "아바타 업데이트에 실패했습니다. 다시 시도하세요.", 
  "Featured Games": "추천 게임", 
  "Find Friends": "친구 찾기", 
  "Find Games": "게임 찾기", 
  "Find People": "사람 찾기", 
  "First Name": "이름", 
  "Forgot Password?": "비밀번호 찾기", 
  "Forgot Your Password?": "비밀번호 찾기", 
  "Forgot your password?": "비밀번호 찾기", 
  "Friend Requests": "친구 신청", 
  "Friends": "친구들", 
  "Friends' Games": "친구들이 하는 게임", 
  "Full Name": "성명", 
  "Game Info": "게임 정보", 
  "Games": "게임", 
  "Games that my Friends Play": "친구들이 하는 게임", 
  "Get Games": "게임 받기", 
  "Get MobaCoin!": "UNTRANSLATED", 
  "Get Mobage news & updates": "Mobage 뉴스 및 업데이트 보기", 
  "Get the Update": "업데이트 받기", 
  "Getting Friend suggestions...": "친구 추천 중...", 
  "Getting the gossip...": "가십 보기...", 
  "Give your profile a little love.": "UNTRANSLATED", 
  "Go": "이동하기", 
  "Goodbye": "감사합니다.", 
  "Have Fun!": "즐거운 시간 되세요!", 
  "Have you tried scanning your contacts? People you know may already be on Mobage!": "연락처를 검색해 보셨나요? Mobage에 지인들이 있을 수 있어요!", 
  "Help them out and add them as a Friend!": "도움을 주고 친구로 등록하세요!", 
  "Hey Big Spender": "큰손 플레이어!", 
  "Hide": "숨기기", 
  "Home": "홈", 
  "Hop over to the Market and update to get the new goodness": "마켓에서 업데이트하시고 새로운 게임을 즐기세요.", 
  "I haven't written anything yet": "작성한 게시물이 없습니다.", 
  "Ignore": "건너뛰기", 
  "Ignored": "건너뛰었음", 
  "Invite": "초대하기", 
  "Invite %1s to upgrade to Mobage to connect and play games!": "Mobage로 업그레이드할 수 있도록 1%s님을 초대하고 같이 게임을 즐기세요!", 
  "Invite Contacts to Mobage": "연락처의 지인들을 Mobage로 초대하기", 
  "Invite Sent": "초대됨", 
  "Invited": "초대됨", 
  "Inviting...": "초대 중...", 
  "Last Name": "성", 
  "Last Played": "최근에 한 게임", 
  "Last played": "최근에 한 게임", 
  "Later": "나중에", 
  "Launching %1s…": "%1s 시작 중...", 
  "Launching…": "시작 중…", 
  "Leave a Comment": "댓글 작성하기", 
  "Let's go!": "게임 시작!", 
  "Loading %1s's profile…": "%1s님의 프로필 로딩 중...", 
  "Loading friends…": "친구 로딩 중...", 
  "Loading games...": "게임 로딩 중...", 
  "Loading games…": "게임 로딩 중...", 
  "Loading more choices...": "추가 옵션 로딩 중...", 
  "Loading wall…": "MobaWall 로딩 중...", 
  "Loading...": "로딩 중...", 
  "Log In": "로그인", 
  "Logout": "로그아웃", 
  "Looks like someone beat you to it.\nHow about one of these Mobage names.": "이미 다른 사람이 사용 중입니다.\n이런 Mobage 닉네임은 어떠세요?", 
  "Looks like there was a problem with the download. Please try again.": "다운로드 중에 문제가 발생했습니다. 다시 시도해 주세요.", 
  "Make Mobage games more fun": "Mobage 게임 더 재미있게 즐기기", 
  "Message too long": "메시지 길이 제한 초과", 
  "MobaCoin": "MobaCoin", 
  "MobaCoin is the currency for all your Mobage games.": "UNTRANSLATED", 
  "Mobage Friends": "Mobage 친구", 
  "Mobage Home": "Mobage 홈", 
  "Mobage Information": "Mobage 정보", 
  "Mobage Updated": "Mobage 업데이트됨", 
  "Mobage Version": "Mobage 버전 정보", 
  "Mobage just got a little bit better! Enjoy!": "Mobage 가 개선되었습니다! 직접 경험해 보세요!", 
  "Mobage name can't be more than 15 characters.": "Mobage 닉네임은 15자까지 가능합니다.", 
  "Mobage name must be at least 4 characters.": "Mobage 닉네임은 4자이상이어야 합니다.", 
  "Mobage name must not contain spaces or tabs.": "Mobage 닉네임에는 띄어쓰기나 탭을 사용할 수 없습니다.", 
  "More Posts": "게시물 더 보기", 
  "My Balance:": "내 잔고:", 
  "My Friend Requests": "친구 신청", 
  "My Friends": "내 친구", 
  "My Friends (%1d)": "내 친구 (%1d명)", 
  "My Games": "내 게임", 
  "My Mobacoin": "내 Mobacoin", 
  "My Page": "내 페이지", 
  "My Profile": "내 프로필", 
  "My Recently Played Games": "내가 최근에 한 게임", 
  "Name Taken": "이미 존재하는 닉네임", 
  "Name, Mobage name, or email": "이름, Mobage 이름, 또는 이메일", 
  "New Notification": "새 공지사항", 
  "New Password": "새 비밀번호", 
  "New passwords do not match.": "새 비밀번호가 일치하지 않습니다.", 
  "No": "아니오", 
  "No Network Connection": "네트워크에 연결할 수 없습니다", 
  "No email address": "이메일 주소가 없습니다", 
  "No friends' games were found.": "친구들이 하는 게임이 없습니다.", 
  "No problem! We'll send a password reset email to the address you used to create your Mobage or Plus+ account.": "문제 없습니다! Mobage 또는 Plus+ 계정 등록시 입력하신 이메일주소로 비밀번호 재설정 메일을 보내드립니다.", 
  "No users found.": "유저를 찾을 수 없습니다.", 
  "Not Now": "나중에", 
  "Not able to delete. Please try again later.": "삭제할 수 없습니다. 잠시 후 다시 시도해 주세요.", 
  "OK": "확인", 
  "Ok": "확인", 
  "One currency to spend in all of your Mobage games.": "MobaCoin은 모든 Mobage 게임에서 사용하실 수 있습니다.", 
  "One last thing!": "마지막 단계", 
  "Only %1d characters are allowed. Extra characters will be truncated.": "%1d자까지 입력 가능합니다. 초과되는 글자는 인식하지 않습니다.", 
  "Only allow Mobage Friends to post comments on my profile": "UNTRANSLATED", 
  "Only receive push notifications from Mobage Friends": "Mobage 친구의 푸쉬 알림만 수신", 
  "Oops": "죄송합니다.", 
  "Oops! Mobage name can't be more than 15 characters.": "죄송합니다. Mobage 닉네임은 15자까지 가능합니다.", 
  "Oops! Mobage name cannot start with a number.": "죄송합니다. Mobage 닉네임은 숫자로 시작할 수 없습니다.", 
  "Oops! Mobage name must be at least 4 characters.": "죄송합니다. Mobage 닉네임은 4자 이상이어야 합니다.", 
  "Oops! Please don't use spaces or special characters.": "죄송합니다. 띄어쓰기나 특수문자를 사용하지 마십시오.", 
  "Order was charged but there was an error fulfilling it. The system will retry your order next time you restart the game.": "주문 결제 처리 후에 오류가 발생했습니다. 게임을 재시작 시에 시스템에서 자동으로 재시도합니다.", 
  "Password (min. 4 characters)": "비밀번호 (최소 4자 이상)", 
  "Password can't be more than 25 characters": "비밀번호는 최대 25자까지 가능합니다.", 
  "Password can't be more than 25 characters.": "비밀번호는 최대 25자까지 가능합니다.", 
  "Password cannot contain spaces.": "비밀번호는 띄어쓸 수 없습니다.", 
  "Password must be at least 4 characters": "비밀번호는 최소 4자 이상이어야 합니다.", 
  "Password must be at least 4 characters.": "비밀번호는 최소 4자이상이어야 합니다.", 
  "People on Mobage": "Mobage에 등록된 사람들", 
  "People playing %1s": "%1s 게임을 하는 사람들", 
  "Play": "게임하기", 
  "Play %1s now!": "지금 %1s 게임하기!", 
  "Please check your network connection settings.": "네트워크 연결 설정을 확인해 주세요.", 
  "Please check your network settings and try again.": "네트워크 연결 설정을 확인하고 다시 시도해 주세요.", 
  "Please check your network settings.": "네트워크 설정을 확인해 주세요.", 
  "Please confirm your email.": "이메일 주소를 확인해 주세요.", 
  "Please enter Current Password.": "현재 비밀번호를 입력해 주세요.", 
  "Please enter a Mobage name.": "Mobage 닉네임을 입력해 주세요.", 
  "Please enter a password.": "비밀번호를 입력해 주세요.", 
  "Please enter a reason to report this user.": "유저 신고 사유를 입력해 주세요.", 
  "Please enter a valid birth date.": "유효한 생일 날짜를 입력해 주세요.", 
  "Please enter a valid email": "유효한 이메일 주소를 입력해 주세요", 
  "Please enter a valid email address": "유효한 이메일 주소를 입력해 주세요", 
  "Please enter a valid email address.": "유효한 이메일 주소를 입력해 주세요.", 
  "Please enter an email address.": "이메일 주소를 입력해 주세요.", 
  "Please enter the email address you used to sign up for Mobage and a password reset will be sent to you.": "Mobage 가입시에 등록하신 이메일 주소를 입력하시면 해당 이메일 주소로 재설정한 비밀번호를 보내드립니다.", 
  "Please enter your message:": "메시지를 입력해 주세요:", 
  "Please fill in your age": "나이를 입력해 주세요", 
  "Please type a valid e-mail address": "유효한 이메일 주소를 입력해 주세요", 
  "Please wait for the current download to finish.": "다운로드가 완료될 때까지 기다려 주세요.", 
  "Please wait while we catch up!": "준비하는 동안 잠시 기다려 주세요!", 
  "Post": "등록", 
  "Post a Reply": "댓글 작성하기", 
  "Post a public comment": "공개 댓글 달기", 
  "Post a reply": "댓글 작성하기", 
  "Posting ...": "등록 중 ...", 
  "Posting…": "등록 중 ...", 
  "Privacy Policy": "개인정보 취급 방침", 
  "Processing order...": "주문 처리 중...", 
  "Profile": "프로필", 
  "Pulling in contacts...": "연락처를 가져오는 중...", 
  "Purchase %1s?": "%1s(을)를 구매하시겠어요?", 
  "Purchase Failed": "구매 실패", 
  "Purchase Succeeded": "구매 성공", 
  "Quit": "종료", 
  "Re-enter Password": "새 비밀번호 재입력", 
  "Read More": "더 보기", 
  "Ready to Play": "게임 준비 완료", 
  "Recently played %1s": "최근에 즐긴 게임: %1s", 
  "Refresh": "새로고침", 
  "Report": "신고하기", 
  "Report %1s": "%1s님 신고하기", 
  "Report User": "유저 신고하기", 
  "Request Sent": "요청 완료", 
  "Request sent": "요청 완료", 
  "Restart Mobage": "Mobage 다시 시작", 
  "Restarting Mobage…": "Mobage 다시 시작 중...", 
  "Rows Hidden": "숨겨진 줄", 
  "Save": "저장하기", 
  "Save & Play": "UNTRANSLATED", 
  "Saved!": "저장 완료!", 
  "Saving...": "저장 중...", 
  "Scan Contacts": "연락처 검색", 
  "Scan Device Contacts": "기기 연락처 검색", 
  "Search": "검색", 
  "Searching for '%1s'...": "'%1s' 검색 중...", 
  "See More Posts...": "게시물 더 보기...", 
  "Select a User Image": "유저 이미지 선택", 
  "Send": "전송", 
  "Send me game news and updates": "게임 뉴스와 업데이트 수신", 
  "Sending Request...": "요청 전송 중...", 
  "Sending request": "요청 전송 중", 
  "Sending request...": "요청 전송 중...", 
  "Service Unavailable": "서비스 이용불가", 
  "Settings": "설정", 
  "Show More": "더 보기", 
  "Sign Me Up": "가입하기", 
  "Sign Up": "가입하기", 
  "Skip": "건너뛰기", 
  "Sorry to keep you waiting! We'll be back ASAP.": "기다리시게 해서 죄송합니다. 서비스가 곧 재개될 예정이니 조금만 기다려 주세요.", 
  "Sorry, the Bank is not available. Please try again later.": "죄송합니다. 은행을 사용할 수 없습니다. 잠시 후 다시 시도해 주세요.", 
  "Sorry, the Bank is not supported.": "죄송합니다. 은행이 지원되지 않습니다.", 
  "Sorry, the MobaWall is not yet available for iPhone users. Coming soon!": "죄송합니다. iPhone 유저는 아직 MobaWall을 사용할 수 없습니다. 곧 출시 예정!", 
  "Sorry, this download is over %1dMB. Please connect to Wi-Fi first.": "죄송합니다. 다운로드 용량이 %1dMB를 초과합니다. 먼저 Wi-Fi에 연결하세요.", 
  "Sorry, this item is currently not available.": "죄송합니다. 이 아이템은 현재 구매하실 수 없습니다.", 
  "Sorry, we found no results matching %1s": "죄송합니다. %1s(와)과 일치하는 검색 결과가 없습니다.", 
  "Sorry, we weren't able to save changes. Please try again later.": "죄송합니다. 변경사항을 저장할 수 없습니다. 잠시 후 다시 시도해 주세요.", 
  "Sorry, you must be at least 14 years old to enter Mobage.": "죄송합니다. 14세 이상만 Mobage에 가입할 수 있습니다.", 
  "Sorry. We weren't able to complete your request.\nPlease check your network connection and try again.": "죄송합니다. 요청을 완료할 수 없습니다.\n네트워크 연결을 확인하고 다시 시도해 주세요.", 
  "Step %1d": "%1d 단계", 
  "Suggested Friends": "친구 추천", 
  "Support": "고객 지원", 
  "Support & Feedback": "고객 지원 & 피드백", 
  "System Information": "시스템 정보", 
  "Talking to the server...": "서버와 연결 중…", 
  "Tell %1s what games they should be playing!": "%1s님께 게임을 추천해 주세요!", 
  "Terms of Service": "서비스 약관", 
  "The game isn't fully tested on this device yet. If you run into trouble, let us know in Support > Devices or email us at support@mobage.com": "이 게임은 해당 기기에서의 테스트가 완료되지 않았습니다. 문제가 발생하는 경우, 고객 지원 > 기종을 클릭하시거나 support@mobage.com으로 이메일을 보내 주시기 바랍니다.", 
  "The purchase failed.  Please try again later.": "구매에 실패하였습니다.  잠시 후 다시 시도해 주세요.", 
  "The purchase succeeded.  Your %1s balance has been updated!": "구매에 성공하였습니다.  %1s 잔고가 업데이트 되었습니다!", 
  "The user %1s has been blocked, and can be unblocked from Settings": "유저 %1s님을 차단했습니다. 설정에서 차단을 해제할 수 있습니다.", 
  "The user %1s has been unblocked": "유저 %1s님을 차단 해제했습니다.", 
  "The user %1s was Unfriended": "유저 %1s님을 친구 목록에서 삭제했습니다.", 
  "There was an error checking for updates. Please try again.": "업데이트 확인 중 오류가 발생했습니다. 다시 시도해 주세요.", 
  "This version is so last week.": "옛날 버전입니다.", 
  "Tip: Swipe a friend request to ignore it.": "팁: 스와이프하시면 해당 친구 신청을 무시할 수 있습니다..", 
  "To post a comment, accept %1s's Friend request first!": "UNTRANSLATED", 
  "To post a comment, send %1s a Friend request first!": "UNTRANSLATED", 
  "Try Again": "다시 시도하기", 
  "Unable to Save": "저장 불가", 
  "Unable to Update %1s": "%1s 업데이트 불가", 
  "Unavailable for %1s": "%1s: 지원하지 않음", 
  "Unavailable for %1s!": "%1s: 지원하지 않음!", 
  "Unblock": "차단 해제", 
  "Unblock %1s?": "%1s님을 차단 해제 하시겠습니까?", 
  "Unfriend %1s?": "%1s님을 친구 목록에서 삭제하시겠습니까?", 
  "Unfriend User": "친구 목록에서 유저 삭제", 
  "Update Available": "업데이트 가능", 
  "Update Now": "업데이트하기", 
  "Update Unsuccessful": "업데이트 실패", 
  "Updating Friends list...": "친구 목록 업데이트 중...", 
  "Updating game...": "게임 업데이트 중...", 
  "Updating...": "업데이트 중...", 
  "User reported--we're looking into it. Thanks!": "접수되었습니다. 감사합니다.", 
  "Username (new, existing or Plus+)": "유저명 (신규, 기존 또는 Plus+)", 
  "Verifying...": "확인 중…", 
  "View": "보기", 
  "View Acknowledgements": "감사의 말 보기", 
  "View All": "전체 보기", 
  "View Wall": "Wall 보기", 
  "We didn't find any contacts.": "연락처를 찾을 수 없습니다.", 
  "We know, you are awesome.": "대단하세요!", 
  "We're not able to connect": "죄송합니다. 연결할 수 없습니다.", 
  "We're sending you to the Android Market\n to grab your game - you'll be returned to\n Mobage to play it.": "안드로이드 마켓으로 이동해서\n 게임을 가져옵니다 - 자동으로 Mobage로\n 돌아와서 게임을 실행합니다", 
  "Welcome to Mobage,": "UNTRANSLATED", 
  "What are you playing?": "어떤 게임을 하고 계세요?", 
  "What's happening?": "최근 소식을 적어 주세요.", 
  "Where people come together to\nplay the greatest games.": "최고의 게임을 하기 위해\n전세계 유저들이 모이는 곳!", 
  "Who are you looking for?": "누구를 찾고 계세요?", 
  "Whoa! Double Rainbow!": "와! 쌍무지개에요!", 
  "Would you like to quit?": "종료하시겠습니까?", 
  "Wrong password.": "잘못된 비밀번호입니다.", 
  "Yes": "예", 
  "You are friends.": "친구 사이입니다.", 
  "You can also invite others to Mobage": "Mobage로 다른 사람을 초대하실 수 있습니다.", 
  "You don't have any %1s friends yet.": "아직 %1s 친구가 없습니다.", 
  "You don't have any Friends yet.": "아직 친구가 없습니다.", 
  "You don't have any Mobage friends yet.": "아직 Mobage 친구가 없습니다.", 
  "You don't have any friend requests yet.": "아직 친구 요청이 없습니다.", 
  "You don't have any games yet.": "아직 게임이 없습니다.", 
  "You look great today!": "오늘 좋아 보이세요!", 
  "You may invite this person to Mobage by emailing an invite to %1s.": "%1s로 초대 메일을 보내서 이분을 Mobage로 초대하세요.", 
  "You might need to find a place with better signal.": "신호 상태가 양호한 장소를 찾아 보세요.", 
  "You must enter an email address.": "이메일 주소를 입력해 주세요.", 
  "You'll need some MobaCoin": "UNTRANSLATED", 
  "You're on your way!": "시작합니다!", 
  "You've already sent an invite to that address!": "이미 초대를 보낸 이메일 주소입니다!", 
  "You've already sent an invite to that address.": "이미 초대를 보낸 이메일 주소입니다.", 
  "You've hit the maximum balance of 99,999 %1s. Spend some before you buy more!": "99,999 %1s(이)가 최대 한도입니다. 더 충전하시려면 잔액을 먼저 사용하세요!", 
  "Your first name must consist of only letters, numbers, spaces, and hyphens, and must not end with a space.": "이름에는 문자, 숫자, 띄어쓰기, 하이픈을 사용할 수 있으며, 띄어쓰기로 끝나서는 안됩니다.", 
  "Your first name must contain at least one character.": "이름에는 적어도 한 개의 글자가 들어가야 합니다.", 
  "Your last name must consist of only letters, numbers, spaces, and hyphens, and must not end with a space.": "성에는 문자, 숫자, 띄어쓰기, 하이픈을 사용할 수 있으며, 띄어쓰기로 끝나서는 안됩니다.", 
  "Your last name must contain at least one character.": "성은 적어도 한 개의 글자가 들어가야 합니다.", 
  "Your previous order is now successfully credited.": "성공적으로 게임머니를 충전하였습니다.", 
  "and": "&", 
  "and that you are at least 14 years old.": "최소 14세 이상만 이용 가능합니다.", 
  "decimal_mark": ".", 
  "digit_group_separator": ",", 
  "for us to best provide age related content:": "나이 제한에 맞는 컨텐츠를 제공하기 위해 다음을 확인해 주셔야 합니다:"
}